2026-07-29 17:16:14,688 INFO corporate_actions: 4064 candidate securities (gaps). NOTE: gap selection is high-coverage, not complete — small actions fall below the threshold; run `verify` afterwards.
2026-07-29 17:16:16,110 ERROR yfinance: HTTP Error 404: {"quoteSummary":{"result":null,"error":{"code":"Not Found","description":"Quote not found for symbol: AAC.WS"}}}
2026-07-29 17:16:16,299 ERROR yfinance: $AAC.WS: possibly delisted; no timezone found
2026-07-29 17:16:17,863 ERROR yfinance: $AACQW: possibly delisted; no timezone found
2026-07-29 17:16:18,677 ERROR yfinance: $AAN: possibly delisted; no timezone found
2026-07-29 17:16:19,384 ERROR yfinance: $AAQC.WS: possibly delisted; no timezone found
2026-07-29 17:16:19,659 ERROR yfinance: $AAU: possibly delisted; no timezone found
2026-07-29 17:16:20,599 ERROR yfinance: $ABMD: possibly delisted; no timezone found
2026-07-29 17:16:21,903 ERROR yfinance: $ACABW: possibly delisted; no timezone found
2026-07-29 17:16:22,209 ERROR yfinance: $ACACW: possibly delisted; no timezone found
2026-07-29 17:16:22,994 ERROR yfinance: $ACAHW: possibly delisted; no timezone found
2026-07-29 17:16:23,340 ERROR yfinance: $ACAMW: possibly delisted; no timezone found
2026-07-29 17:16:23,870 ERROR yfinance: $ACAQ.WS: possibly delisted; no timezone found
2026-07-29 17:16:24,160 ERROR yfinance: $ACAXR: possibly delisted; no timezone found
2026-07-29 17:16:24,769 ERROR yfinance: $ACAXW: possibly delisted; no timezone found
2026-07-29 17:16:25,411 ERROR yfinance: $ACBAW: possibly delisted; no timezone found
2026-07-29 17:16:25,730 ERROR yfinance: $ACCD: possibly delisted; no timezone found
2026-07-29 17:16:26,307 ERROR yfinance: $ACDCW: possibly delisted; no timezone found
2026-07-29 17:16:26,905 ERROR yfinance: $ACDI.WS: possibly delisted; no timezone found
2026-07-29 17:16:27,281 ERROR yfinance: $ACER: possibly delisted; no timezone found
2026-07-29 17:16:28,060 ERROR yfinance: $ACEVW: possibly delisted; no timezone found
2026-07-29 17:16:28,433 ERROR yfinance: $ACHR.WS: possibly delisted; no timezone found
2026-07-29 17:16:28,776 ERROR yfinance: $ACIC.WS: possibly delisted; no timezone found
2026-07-29 17:16:29,070 ERROR yfinance: $ACII.WS: possibly delisted; no timezone found
2026-07-29 17:16:29,363 ERROR yfinance: $ACKIW: possibly delisted; no timezone found
2026-07-29 17:16:30,339 ERROR yfinance: $ACND.WS: possibly delisted; no timezone found
2026-07-29 17:16:31,896 ERROR yfinance: $ACOR: possibly delisted; no timezone found
2026-07-29 17:16:32,474 ERROR yfinance: $ACPR: possibly delisted; no timezone found
2026-07-29 17:16:32,849 ERROR yfinance: $ACQRW: possibly delisted; no timezone found
2026-07-29 17:16:33,161 ERROR yfinance: $ACRO.WS: possibly delisted; no timezone found
2026-07-29 17:16:33,890 ERROR yfinance: $ACRX: possibly delisted; no timezone found
2026-07-29 17:16:34,210 ERROR yfinance: $ACST: possibly delisted; no timezone found
2026-07-29 17:16:34,583 ERROR yfinance: $ACTC: possibly delisted; no timezone found
2026-07-29 17:16:34,932 ERROR yfinance: $ACTCU: possibly delisted; no timezone found
2026-07-29 17:16:35,263 ERROR yfinance: $ACTCW: possibly delisted; no timezone found
2026-07-29 17:16:35,638 ERROR yfinance: $ACTDU: possibly delisted; no timezone found
2026-07-29 17:16:35,973 ERROR yfinance: $ACY: possibly delisted; no timezone found
2026-07-29 17:16:36,307 ERROR yfinance: $ADALW: possibly delisted; no timezone found
2026-07-29 17:16:36,946 ERROR yfinance: $ADERW: possibly delisted; no timezone found
2026-07-29 17:16:37,256 ERROR yfinance: $ADES: possibly delisted; no timezone found
2026-07-29 17:16:37,624 ERROR yfinance: $ADEX.WS: possibly delisted; no timezone found
2026-07-29 17:16:37,923 ERROR yfinance: $ADF.WS: possibly delisted; no timezone found
2026-07-29 17:16:38,180 ERROR yfinance: $ADGI: possibly delisted; no timezone found
2026-07-29 17:16:38,831 ERROR yfinance: $ADILW: possibly delisted; no timezone found
2026-07-29 17:16:39,197 ERROR yfinance: $ADMP: possibly delisted; no timezone found
2026-07-29 17:16:39,532 ERROR yfinance: $ADMS: possibly delisted; no timezone found
2026-07-29 17:16:39,813 ERROR yfinance: $ADN: possibly delisted; no timezone found
2026-07-29 17:16:40,078 ERROR yfinance: ADNWW: Period 'max' is invalid, must be one of: 1d, 5d
2026-07-29 17:16:40,385 ERROR yfinance: $ADOCR: possibly delisted; no timezone found
2026-07-29 17:16:40,667 ERROR yfinance: $ADOCW: possibly delisted; no timezone found
2026-07-29 17:16:40,949 ERROR yfinance: $ADRA.WS: possibly delisted; no timezone found
2026-07-29 17:16:41,293 ERROR yfinance: $ADRT.WS: possibly delisted; no timezone found
2026-07-29 17:16:41,817 ERROR yfinance: $ADTH: possibly delisted; no timezone found
2026-07-29 17:16:42,088 ERROR yfinance: ADTHW: Period 'max' is invalid, must be one of: 1d, 5d
2026-07-29 17:16:42,719 ERROR yfinance: $ADVM: possibly delisted; no timezone found
2026-07-29 17:16:42,891 ERROR yfinance: ADVWW: Period 'max' is invalid, must be one of: 1d, 5d
2026-07-29 17:16:43,577 ERROR yfinance: $ADXS: possibly delisted; no timezone found
2026-07-29 17:16:43,943 ERROR yfinance: $AEACW: possibly delisted; no timezone found
2026-07-29 17:16:44,234 ERROR yfinance: AEAEW: Period 'max' is invalid, must be one of: 1d, 5d
2026-07-29 17:16:44,535 ERROR yfinance: $AEHAW: possibly delisted; no timezone found
2026-07-29 17:16:46,468 ERROR yfinance: $AENZ: possibly delisted; no timezone found
2026-07-29 17:16:46,743 ERROR yfinance: $AERC: possibly delisted; no timezone found
2026-07-29 17:16:47,084 ERROR yfinance: $AERI: possibly delisted; no timezone found
2026-07-29 17:16:47,356 ERROR yfinance: $AESE: possibly delisted; no timezone found
2026-07-29 17:16:47,681 ERROR yfinance: $AEVA.WS: possibly delisted; no timezone found
2026-07-29 17:16:48,011 ERROR yfinance: $AEY: possibly delisted; no timezone found
2026-07-29 17:16:49,225 ERROR yfinance: $AEZS: possibly delisted; no timezone found
2026-07-29 17:16:49,881 ERROR yfinance: $AFACW: possibly delisted; no timezone found
2026-07-29 17:16:50,191 ERROR yfinance: $AFAQW: possibly delisted; no timezone found
2026-07-29 17:16:50,521 ERROR yfinance: $AFARW: possibly delisted; no timezone found
2026-07-29 17:16:50,856 ERROR yfinance: $AFI: possibly delisted; no timezone found
2026-07-29 17:16:52,086 ERROR yfinance: $AFTR.WS: possibly delisted; no timezone found
2026-07-29 17:16:52,406 ERROR yfinance: $AGAC.WS: possibly delisted; no timezone found
2026-07-29 17:16:52,685 ERROR yfinance: $AGBA: possibly delisted; no timezone found
2026-07-29 17:16:52,988 ERROR yfinance: $AGBAR: possibly delisted; no timezone found
2026-07-29 17:16:53,316 ERROR yfinance: $AGBAW: possibly delisted; no timezone found
2026-07-29 17:16:53,686 ERROR yfinance: $AGCWW: possibly delisted; no timezone found
2026-07-29 17:16:53,972 ERROR yfinance: $AGE: possibly delisted; no timezone found
2026-07-29 17:16:54,301 ERROR yfinance: $AGFS: possibly delisted; no timezone found
2026-07-29 17:16:54,674 ERROR yfinance: $AGFY: possibly delisted; no timezone found
2026-07-29 17:16:54,984 ERROR yfinance: $AGGRW: possibly delisted; no timezone found
2026-07-29 17:16:55,296 ERROR yfinance: $AGIL: possibly delisted; no timezone found
2026-07-29 17:16:55,551 ERROR yfinance: $AGILW: possibly delisted; no price data found  (1d 1927-08-23 -> 2026-07-29)
2026-07-29 17:16:55,931 ERROR yfinance: $AGLE: possibly delisted; no timezone found
2026-07-29 17:16:56,755 ERROR yfinance: $AGRI: possibly delisted; no timezone found
2026-07-29 17:16:57,030 ERROR yfinance: AGRIW: Period 'max' is invalid, must be one of: 1d, 5d
2026-07-29 17:16:57,381 ERROR yfinance: $AGRX: possibly delisted; no timezone found
2026-07-29 17:16:57,717 ERROR yfinance: $AGTC: possibly delisted; no timezone found
2026-07-29 17:16:58,003 ERROR yfinance: $AHACW: possibly delisted; no timezone found
2026-07-29 17:16:58,337 ERROR yfinance: $AHC: possibly delisted; no timezone found
2026-07-29 17:16:59,036 ERROR yfinance: $AHI: possibly delisted; no timezone found
2026-07-29 17:16:59,379 ERROR yfinance: $AHPAW: possibly delisted; no timezone found
2026-07-29 17:16:59,640 ERROR yfinance: $AHPI: possibly delisted; no timezone found
2026-07-29 17:16:59,921 ERROR yfinance: $AHRNW: possibly delisted; no timezone found
2026-07-29 17:17:00,820 ERROR yfinance: $AHTPD: possibly delisted; no timezone found
2026-07-29 17:17:01,172 ERROR yfinance: $AHTPF: possibly delisted; no timezone found
2026-07-29 17:17:01,666 ERROR yfinance: $AHTPG: possibly delisted; no timezone found
2026-07-29 17:17:01,971 ERROR yfinance: $AHTPH: possibly delisted; no timezone found
2026-07-29 17:17:02,376 ERROR yfinance: $AHTPI: possibly delisted; no timezone found
2026-07-29 17:17:03,060 ERROR yfinance: $AIBBR: possibly delisted; no timezone found
2026-07-29 17:17:03,394 ERROR yfinance: $AIG.WS: possibly delisted; no timezone found
2026-07-29 17:17:03,880 ERROR yfinance: $AIH: possibly delisted; no timezone found
2026-07-29 17:17:04,571 ERROR yfinance: $AIKI: possibly delisted; no timezone found
2026-07-29 17:17:05,145 ERROR yfinance: $AIMAW: possibly delisted; no timezone found
2026-07-29 17:17:05,504 ERROR yfinance: $AIMC: possibly delisted; no timezone found
2026-07-29 17:17:06,450 ERROR yfinance: $AINC: possibly delisted; no timezone found
2026-07-29 17:17:08,538 ERROR yfinance: $AIRTW: possibly delisted; no timezone found
2026-07-29 17:17:09,878 ERROR yfinance: $AJAX.WS: possibly delisted; no timezone found
2026-07-29 17:17:11,236 ERROR yfinance: $AKICW: possibly delisted; no timezone found
2026-07-29 17:17:12,448 ERROR yfinance: $AKRO: possibly delisted; no timezone found
2026-07-29 17:17:13,073 ERROR yfinance: $AKU: possibly delisted; no timezone found
2026-07-29 17:17:13,377 ERROR yfinance: $AKUS: possibly delisted; no timezone found
2026-07-29 17:17:13,728 ERROR yfinance: $ALACR: possibly delisted; no timezone found
2026-07-29 17:17:14,062 ERROR yfinance: $ALACU: possibly delisted; no timezone found
2026-07-29 17:17:14,431 ERROR yfinance: $ALACW: possibly delisted; no timezone found
2026-07-29 17:17:14,791 ERROR yfinance: $ALBO: possibly delisted; no timezone found
2026-07-29 17:17:15,946 ERROR yfinance: $ALFIW: possibly delisted; no timezone found
2026-07-29 17:17:17,033 ERROR yfinance: $ALINPA: possibly delisted; no timezone found
2026-07-29 17:17:17,370 ERROR yfinance: $ALINPB: possibly delisted; no timezone found
2026-07-29 17:17:17,670 ERROR yfinance: $ALINPE: possibly delisted; no timezone found
2026-07-29 17:17:18,005 ERROR yfinance: $ALJJ: possibly delisted; no timezone found
2026-07-29 17:17:18,337 ERROR yfinance: $ALLG: possibly delisted; no timezone found
2026-07-29 17:17:18,653 ERROR yfinance: $ALLG.WS: possibly delisted; no timezone found
2026-07-29 17:17:19,009 ERROR yfinance: $ALLK: possibly delisted; no timezone found
2026-07-29 17:17:19,913 ERROR yfinance: $ALNA: possibly delisted; no timezone found
2026-07-29 17:17:20,764 ERROR yfinance: $ALORW: possibly delisted; no timezone found
2026-07-29 17:17:21,026 ERROR yfinance: $ALPAW: possibly delisted; no timezone found
2026-07-29 17:17:21,307 ERROR yfinance: $ALR: possibly delisted; no timezone found
2026-07-29 17:17:21,643 ERROR yfinance: $ALRN: possibly delisted; no timezone found
2026-07-29 17:17:21,956 ERROR yfinance: $ALSAR: possibly delisted; no timezone found
2026-07-29 17:17:22,320 ERROR yfinance: $ALSAW: possibly delisted; no timezone found
2026-07-29 17:17:22,632 ERROR yfinance: $ALSK: possibly delisted; no timezone found
2026-07-29 17:17:23,324 ERROR yfinance: $ALTM: possibly delisted; no timezone found
2026-07-29 17:17:23,604 ERROR yfinance: $ALTUW: possibly delisted; no timezone found
2026-07-29 17:17:23,893 ERROR yfinance: $ALUS.WS: possibly delisted; no timezone found
2026-07-29 17:17:25,254 ERROR yfinance: $AMAOW: possibly delisted; no timezone found
2026-07-29 17:17:26,045 ERROR yfinance: $AMBC.WS: possibly delisted; no timezone found
2026-07-29 17:17:27,476 ERROR yfinance: $AMCIU: possibly delisted; no timezone found
2026-07-29 17:17:27,812 ERROR yfinance: $AMCIW: possibly delisted; no timezone found
2026-07-29 17:17:28,332 ERROR yfinance: $AMHC: possibly delisted; no timezone found
2026-07-29 17:17:28,647 ERROR yfinance: $AMHCU: possibly delisted; no timezone found
2026-07-29 17:17:28,983 ERROR yfinance: $AMHCW: possibly delisted; no timezone found
2026-07-29 17:17:29,538 ERROR yfinance: $AMOT: possibly delisted; no timezone found
2026-07-29 17:17:30,577 ERROR yfinance: $AMPI.WS: possibly delisted; no timezone found
2026-07-29 17:17:31,211 ERROR yfinance: $AMPS.WS: possibly delisted; no timezone found
2026-07-29 17:17:31,836 ERROR yfinance: $AMPX.WS: possibly delisted; no timezone found
2026-07-29 17:17:32,666 ERROR yfinance: $AMRH: possibly delisted; no timezone found
2026-07-29 17:17:32,963 ERROR yfinance: $AMRHW: possibly delisted; no timezone found
2026-07-29 17:17:33,290 ERROR yfinance: $AMRK: possibly delisted; no timezone found
2026-07-29 17:17:34,165 ERROR yfinance: $AMRS: possibly delisted; no timezone found
2026-07-29 17:17:35,853 ERROR yfinance: $AMSWA: possibly delisted; no timezone found
2026-07-29 17:17:36,442 ERROR yfinance: $AMTI: possibly delisted; no timezone found
2026-07-29 17:17:37,509 ERROR yfinance: $AMV: possibly delisted; no timezone found
2026-07-29 17:17:38,686 ERROR yfinance: $ANAC.WS: possibly delisted; no timezone found
2026-07-29 17:17:39,137 ERROR yfinance: $ANCN: possibly delisted; no timezone found
2026-07-29 17:17:39,435 ERROR yfinance: $ANDAR: possibly delisted; no timezone found
2026-07-29 17:17:39,714 ERROR yfinance: $ANDAW: possibly delisted; no timezone found
2026-07-29 17:17:42,321 ERROR yfinance: $ANGN: possibly delisted; no timezone found
2026-07-29 17:17:44,036 ERROR yfinance: $ANPC: possibly delisted; no timezone found
2026-07-29 17:17:44,374 ERROR yfinance: $ANTE: possibly delisted; no timezone found
2026-07-29 17:17:45,784 ERROR yfinance: $ANZUW: possibly delisted; no timezone found
2026-07-29 17:17:46,053 ERROR yfinance: AOGOW: Period 'max' is invalid, must be one of: 1d, 5d
2026-07-29 17:17:46,864 ERROR yfinance: $AP.WS: possibly delisted; no timezone found
2026-07-29 17:17:47,204 ERROR yfinance: $APACW: possibly delisted; no timezone found
2026-07-29 17:17:47,553 ERROR yfinance: $APCA.WS: possibly delisted; no timezone found
2026-07-29 17:17:48,221 ERROR yfinance: APCXW: Period 'max' is invalid, must be one of: 1d, 5d
2026-07-29 17:17:48,496 ERROR yfinance: $APDN: possibly delisted; no timezone found
2026-07-29 17:17:48,788 ERROR yfinance: $APEN: possibly delisted; no timezone found
2026-07-29 17:17:49,110 ERROR yfinance: $APGB.WS: possibly delisted; no timezone found
2026-07-29 17:17:49,606 ERROR yfinance: $APGN: possibly delisted; no timezone found
2026-07-29 17:17:50,229 ERROR yfinance: $APGNW: possibly delisted; no timezone found
2026-07-29 17:17:51,234 ERROR yfinance: $APHA: possibly delisted; no timezone found
2026-07-29 17:17:52,274 ERROR yfinance: $APLS: possibly delisted; no timezone found
2026-07-29 17:17:52,616 ERROR yfinance: $APLT: possibly delisted; no timezone found
2026-07-29 17:17:53,205 ERROR yfinance: $APMIW: possibly delisted; no timezone found
2026-07-29 17:17:53,560 ERROR yfinance: $APN.WS: possibly delisted; no timezone found
2026-07-29 17:17:53,910 ERROR yfinance: $APOP: possibly delisted; no timezone found
2026-07-29 17:17:54,254 ERROR yfinance: $APOPW: possibly delisted; no timezone found
2026-07-29 17:17:55,078 ERROR yfinance: $APPH: possibly delisted; no timezone found
2026-07-29 17:17:55,406 ERROR yfinance: $APPHW: possibly delisted; no timezone found
2026-07-29 17:17:56,868 ERROR yfinance: $APRN: possibly delisted; no timezone found
2026-07-29 17:17:57,195 ERROR yfinance: $APSG.WS: possibly delisted; no timezone found
2026-07-29 17:17:57,548 ERROR yfinance: $APTMW: possibly delisted; no timezone found
2026-07-29 17:17:57,872 ERROR yfinance: $APTO: possibly delisted; no timezone found
2026-07-29 17:17:58,178 ERROR yfinance: $APTX: possibly delisted; no timezone found
2026-07-29 17:17:59,468 ERROR yfinance: $APXIW: possibly delisted; no timezone found
2026-07-29 17:18:01,344 ERROR yfinance: $AQUNR: possibly delisted; no timezone found
2026-07-29 17:18:02,070 ERROR yfinance: $ARBGW: possibly delisted; no timezone found
2026-07-29 17:18:02,705 ERROR yfinance: $ARBKL: possibly delisted; no timezone found
2026-07-29 17:18:03,124 ERROR yfinance: $ARCKW: possibly delisted; no timezone found
2026-07-29 17:18:06,112 ERROR yfinance: $ARGUW: possibly delisted; no timezone found
2026-07-29 17:18:06,395 ERROR yfinance: $ARIZR: possibly delisted; no timezone found
2026-07-29 17:18:06,746 ERROR yfinance: $ARIZW: possibly delisted; no timezone found
2026-07-29 17:18:07,033 ERROR yfinance: ARKOW: Period 'max' is invalid, must be one of: 1d, 5d
2026-07-29 17:18:08,319 ERROR yfinance: $ARNA: possibly delisted; no timezone found
2026-07-29 17:18:08,656 ERROR yfinance: $ARPO: possibly delisted; no timezone found
2026-07-29 17:18:09,567 ERROR yfinance: $ARRWW: possibly delisted; no timezone found
2026-07-29 17:18:10,234 ERROR yfinance: $ARTAW: possibly delisted; no timezone found
2026-07-29 17:18:10,535 ERROR yfinance: $ARTEW: possibly delisted; no timezone found
2026-07-29 17:18:11,225 ERROR yfinance: ARTLW: Period 'max' is invalid, must be one of: 1d, 5d
2026-07-29 17:18:11,618 ERROR yfinance: $ARVL: possibly delisted; no timezone found
2026-07-29 17:18:11,900 ERROR yfinance: $ARVLW: possibly delisted; no timezone found
2026-07-29 17:18:13,406 ERROR yfinance: $ARYA: possibly delisted; no timezone found
2026-07-29 17:18:14,409 ERROR yfinance: $ASAP: possibly delisted; no timezone found
2026-07-29 17:18:14,736 ERROR yfinance: $ASAQ.WS: possibly delisted; no timezone found
2026-07-29 17:18:15,098 ERROR yfinance: $ASAXW: possibly delisted; no timezone found
2026-07-29 17:18:15,411 ERROR yfinance: $ASCAR: possibly delisted; no timezone found
2026-07-29 17:18:15,723 ERROR yfinance: $ASCAW: possibly delisted; no timezone found
2026-07-29 17:18:16,028 ERROR yfinance: $ASCBR: possibly delisted; no timezone found
2026-07-29 17:18:16,333 ERROR yfinance: $ASCBW: possibly delisted; no timezone found
2026-07-29 17:18:17,243 ERROR yfinance: $ASLEW: possibly delisted; no timezone found
2026-07-29 17:18:17,566 ERROR yfinance: $ASLN: possibly delisted; no timezone found
2026-07-29 17:18:18,879 ERROR yfinance: $ASPAW: possibly delisted; no timezone found
2026-07-29 17:18:20,069 ERROR yfinance: $ASPCW: possibly delisted; no timezone found
2026-07-29 17:18:20,364 ERROR yfinance: $ASPL.WS: possibly delisted; no timezone found
2026-07-29 17:18:22,644 ERROR yfinance: $ASTR: possibly delisted; no timezone found
2026-07-29 17:18:22,942 ERROR yfinance: $ASTRW: possibly delisted; no timezone found
2026-07-29 17:18:23,615 ERROR yfinance: ASTSW: Period 'max' is invalid, must be one of: 1d, 5d
2026-07-29 17:18:24,542 ERROR yfinance: $ASZ.WS: possibly delisted; no timezone found
2026-07-29 17:18:24,925 ERROR yfinance: $AT: possibly delisted; no timezone found
2026-07-29 17:18:25,521 ERROR yfinance: $ATA.WS: possibly delisted; no timezone found
2026-07-29 17:18:26,115 ERROR yfinance: $ATAKR: possibly delisted; no timezone found
2026-07-29 17:18:26,404 ERROR yfinance: $ATAKW: possibly delisted; no timezone found
2026-07-29 17:18:26,737 ERROR yfinance: $ATAQ.WS: possibly delisted; no timezone found
2026-07-29 17:18:27,043 ERROR yfinance: $ATAX: possibly delisted; no timezone found
2026-07-29 17:18:27,385 ERROR yfinance: $ATCXW: possibly delisted; no timezone found
2026-07-29 17:18:28,191 ERROR yfinance: $ATEK.WS: possibly delisted; no timezone found
2026-07-29 17:18:29,787 ERROR yfinance: $ATHA: possibly delisted; no timezone found
2026-07-29 17:18:30,410 ERROR yfinance: $ATHN.WS: possibly delisted; no timezone found
2026-07-29 17:18:30,721 ERROR yfinance: $ATHX: possibly delisted; no timezone found
2026-07-29 17:18:30,999 ERROR yfinance: $ATIF: possibly delisted; no timezone found
2026-07-29 17:18:31,315 ERROR yfinance: $ATIP: possibly delisted; no timezone found
2026-07-29 17:18:31,614 ERROR yfinance: $ATIP.WS: possibly delisted; no timezone found
2026-07-29 17:18:31,949 ERROR yfinance: $ATMR.WS: possibly delisted; no timezone found
2026-07-29 17:18:32,253 ERROR yfinance: $ATNF: possibly delisted; no timezone found
2026-07-29 17:18:32,571 ERROR yfinance: $ATNFW: possibly delisted; no timezone found
2026-07-29 17:18:33,245 ERROR yfinance: $ATNX: possibly delisted; no timezone found
2026-07-29 17:18:34,882 ERROR yfinance: $ATRS: possibly delisted; no timezone found
2026-07-29 17:18:35,188 ERROR yfinance: $ATSPW: possibly delisted; no timezone found
2026-07-29 17:18:35,471 ERROR yfinance: $ATTO: possibly delisted; no timezone found
2026-07-29 17:18:35,879 ERROR yfinance: $ATUS: possibly delisted; no timezone found
2026-07-29 17:18:36,155 ERROR yfinance: $ATV: possibly delisted; no timezone found
2026-07-29 17:18:36,447 ERROR yfinance: $ATVCW: possibly delisted; no timezone found
2026-07-29 17:18:37,539 ERROR yfinance: $ATY: possibly delisted; no timezone found
2026-07-29 17:18:39,115 ERROR yfinance: $AURCW: possibly delisted; no timezone found
2026-07-29 17:18:39,754 ERROR yfinance: $AUS.WS: possibly delisted; no timezone found
2026-07-29 17:18:40,766 ERROR yfinance: $AUTO: possibly delisted; no timezone found
2026-07-29 17:18:41,753 ERROR yfinance: $AUUDW: possibly delisted; no timezone found
2026-07-29 17:18:42,355 ERROR yfinance: $AVACW: possibly delisted; no timezone found
2026-07-29 17:18:43,000 ERROR yfinance: $AVAN.WS: possibly delisted; no timezone found
2026-07-29 17:18:43,701 ERROR yfinance: $AVCT: possibly delisted; no timezone found
2026-07-29 17:18:44,015 ERROR yfinance: $AVCTW: possibly delisted; no timezone found
2026-07-29 17:18:44,303 ERROR yfinance: $AVDL: possibly delisted; no timezone found
2026-07-29 17:18:44,607 ERROR yfinance: $AVEO: possibly delisted; no timezone found
2026-07-29 17:18:44,913 ERROR yfinance: $AVGR: possibly delisted; no timezone found
2026-07-29 17:18:45,208 ERROR yfinance: $AVHIW: possibly delisted; no timezone found
2026-07-29 17:18:46,348 ERROR yfinance: $AVRO: possibly delisted; no timezone found
2026-07-29 17:18:46,661 ERROR yfinance: $AVTE: possibly delisted; no timezone found
2026-07-29 17:18:47,582 ERROR yfinance: $AVYA: possibly delisted; no timezone found
2026-07-29 17:18:47,891 ERROR yfinance: $AWH: possibly delisted; no timezone found
2026-07-29 17:18:48,850 ERROR yfinance: $AXAC.WS: possibly delisted; no timezone found
2026-07-29 17:18:49,202 ERROR yfinance: $AXACR: possibly delisted; no timezone found
2026-07-29 17:18:49,491 ERROR yfinance: $AXAS: possibly delisted; no timezone found
2026-07-29 17:18:49,827 ERROR yfinance: $AXDX: possibly delisted; no timezone found
2026-07-29 17:18:50,425 ERROR yfinance: $AXGT: possibly delisted; no timezone found
2026-07-29 17:18:51,161 ERROR yfinance: $AXH.WS: possibly delisted; no timezone found
2026-07-29 17:18:51,623 ERROR yfinance: $AXLA: possibly delisted; no timezone found
2026-07-29 17:18:52,362 ERROR yfinance: $AXU: possibly delisted; no timezone found
2026-07-29 17:18:52,714 ERROR yfinance: $AYLA: possibly delisted; no timezone found
2026-07-29 17:18:53,001 ERROR yfinance: $AYRO: possibly delisted; no timezone found
2026-07-29 17:18:53,916 ERROR yfinance: $AZRE: possibly delisted; no timezone found
2026-07-29 17:18:54,252 ERROR yfinance: $AZRX: possibly delisted; no timezone found
2026-07-29 17:18:54,564 ERROR yfinance: $AZYO: possibly delisted; no timezone found
2026-07-29 17:18:55,224 ERROR yfinance: $BACA.WS: possibly delisted; no timezone found
2026-07-29 17:18:56,649 ERROR yfinance: $BARK.WS: possibly delisted; no timezone found
2026-07-29 17:18:57,990 ERROR yfinance: $BBAI.WS: possibly delisted; no timezone found
2026-07-29 17:19:00,683 ERROR yfinance: $BBI: possibly delisted; no timezone found
2026-07-29 17:19:01,220 ERROR yfinance: $BBIGV: possibly delisted; no timezone found
2026-07-29 17:19:02,697 ERROR yfinance: $BBLN: possibly delisted; no timezone found
2026-07-29 17:19:03,003 ERROR yfinance: $BBLN.WS: possibly delisted; no timezone found
2026-07-29 17:19:03,331 ERROR yfinance: $BBQ: possibly delisted; no timezone found
2026-07-29 17:19:04,005 ERROR yfinance: $BBU: possibly delisted; no timezone found
2026-07-29 17:19:05,068 ERROR yfinance: $BCAC: possibly delisted; no timezone found
2026-07-29 17:19:05,307 ERROR yfinance: $BCACU: possibly delisted; no price data found  (1d 1927-08-23 -> 2026-07-29)
2026-07-29 17:19:05,670 ERROR yfinance: $BCACW: possibly delisted; no timezone found
2026-07-29 17:19:05,931 ERROR yfinance: $BCAN: possibly delisted; no timezone found
2026-07-29 17:19:06,547 ERROR yfinance: BCDAW: Period 'max' is invalid, must be one of: 1d, 5d
2026-07-29 17:19:06,888 ERROR yfinance: $BCEL: possibly delisted; no timezone found
2026-07-29 17:19:08,582 ERROR yfinance: $BCSAW: possibly delisted; no timezone found
2026-07-29 17:19:10,837 ERROR yfinance: $BDR: possibly delisted; no timezone found
2026-07-29 17:19:11,205 ERROR yfinance: $BDSI: possibly delisted; no timezone found
2026-07-29 17:19:13,192 ERROR yfinance: $BEDU: possibly delisted; no timezone found
2026-07-29 17:19:13,889 ERROR yfinance: $BEEMW: possibly delisted; no timezone found
2026-07-29 17:19:14,657 ERROR yfinance: $BENER: possibly delisted; no timezone found
2026-07-29 17:19:15,027 ERROR yfinance: $BENEW: possibly delisted; no timezone found
2026-07-29 17:19:16,515 ERROR yfinance: $BEST: possibly delisted; no timezone found
2026-07-29 17:19:16,855 ERROR yfinance: $BFAC.WS: possibly delisted; no timezone found
2026-07-29 17:19:17,207 ERROR yfinance: $BFIIW: possibly delisted; no timezone found
2026-07-29 17:19:17,517 ERROR yfinance: $BFLY.WS: possibly delisted; no timezone found
2026-07-29 17:19:18,629 ERROR yfinance: $BFT.WS: possibly delisted; no timezone found
2026-07-29 17:19:19,411 ERROR yfinance: $BGIO: possibly delisted; no timezone found
2026-07-29 17:19:19,752 ERROR yfinance: $BGRYW: possibly delisted; no timezone found
2026-07-29 17:19:20,103 ERROR yfinance: $BGSX.WS: possibly delisted; no timezone found
2026-07-29 17:19:20,456 ERROR yfinance: $BGXX: possibly delisted; no timezone found
2026-07-29 17:19:20,762 ERROR yfinance: $BHACW: possibly delisted; no timezone found
2026-07-29 17:19:21,137 ERROR yfinance: $BHAT: possibly delisted; no timezone found
2026-07-29 17:19:22,016 ERROR yfinance: $BHG: possibly delisted; no timezone found
2026-07-29 17:19:22,329 ERROR yfinance: $BHIL.WS: possibly delisted; no timezone found
2026-07-29 17:19:23,093 ERROR yfinance: $BHSE: possibly delisted; no timezone found
2026-07-29 17:19:23,528 ERROR yfinance: $BHSEU: possibly delisted; no timezone found
2026-07-29 17:19:23,850 ERROR yfinance: $BHSEW: possibly delisted; no timezone found
2026-07-29 17:19:24,184 ERROR yfinance: $BHTG: possibly delisted; no timezone found
2026-07-29 17:19:25,698 ERROR yfinance: $BIGC: possibly delisted; no timezone found
2026-07-29 17:19:28,116 ERROR yfinance: $BIOL: possibly delisted; no timezone found
2026-07-29 17:19:28,507 ERROR yfinance: $BIOSW: possibly delisted; no timezone found
2026-07-29 17:19:28,789 ERROR yfinance: BIOTW: Period 'max' is invalid, must be one of: 1d, 5d
2026-07-29 17:19:30,044 ERROR yfinance: $BITE.WS: possibly delisted; no timezone found
2026-07-29 17:19:31,108 ERROR yfinance: $BKEP: possibly delisted; no timezone found
2026-07-29 17:19:31,817 ERROR yfinance: $BKKT.WS: possibly delisted; no timezone found
2026-07-29 17:19:32,697 ERROR yfinance: $BKSY.WS: possibly delisted; no timezone found
2026-07-29 17:19:34,497 ERROR yfinance: $BLBX: possibly delisted; no timezone found
2026-07-29 17:19:34,869 ERROR yfinance: $BLCM: possibly delisted; no timezone found
2026-07-29 17:19:35,208 ERROR yfinance: $BLCT: possibly delisted; no timezone found
2026-07-29 17:19:35,516 ERROR yfinance: $BLDEW: possibly delisted; no timezone found
2026-07-29 17:19:35,826 ERROR yfinance: $BLEUR: possibly delisted; no timezone found
2026-07-29 17:19:36,232 ERROR yfinance: $BLEUW: possibly delisted; no timezone found
2026-07-29 17:19:36,937 ERROR yfinance: $BLI: possibly delisted; no timezone found
2026-07-29 17:19:37,605 ERROR yfinance: $BLNGW: possibly delisted; no timezone found
2026-07-29 17:19:38,862 ERROR yfinance: $BLNKW: possibly delisted; no timezone found
2026-07-29 17:19:39,203 ERROR yfinance: $BLPH: possibly delisted; no timezone found
2026-07-29 17:19:39,859 ERROR yfinance: $BLTSW: possibly delisted; no timezone found
2026-07-29 17:19:40,440 ERROR yfinance: $BLU: possibly delisted; no timezone found
2026-07-29 17:19:40,812 ERROR yfinance: $BLUA.WS: possibly delisted; no timezone found
2026-07-29 17:19:41,125 ERROR yfinance: $BLUE: possibly delisted; no timezone found
2026-07-29 17:19:42,034 ERROR yfinance: $BMAC.WS: possibly delisted; no timezone found
2026-07-29 17:19:42,322 ERROR yfinance: $BMAQR: possibly delisted; no timezone found
2026-07-29 17:19:42,640 ERROR yfinance: $BMAQW: possibly delisted; no timezone found
2026-07-29 17:19:44,568 ERROR yfinance: $BMTX.WS: possibly delisted; no timezone found
2026-07-29 17:19:44,903 ERROR yfinance: $BMYR: possibly delisted; no timezone found
2026-07-29 17:19:45,237 ERROR yfinance: $BNFT: possibly delisted; no timezone found
2026-07-29 17:19:45,919 ERROR yfinance: $BNGOW: possibly delisted; no timezone found
2026-07-29 17:19:46,254 ERROR yfinance: $BNIXR: possibly delisted; no timezone found
2026-07-29 17:19:46,632 ERROR yfinance: $BNIXW: possibly delisted; no timezone found
2026-07-29 17:19:47,965 ERROR yfinance: $BNNRW: possibly delisted; no timezone found
2026-07-29 17:19:48,768 ERROR yfinance: $BNSO: possibly delisted; no timezone found
2026-07-29 17:19:49,515 ERROR yfinance: $BOAC.WS: possibly delisted; no timezone found
2026-07-29 17:19:50,156 ERROR yfinance: $BOAS.WS: possibly delisted; no timezone found
2026-07-29 17:19:50,672 ERROR yfinance: $BOCNW: possibly delisted; no timezone found
2026-07-29 17:19:51,011 ERROR yfinance: $BODY: possibly delisted; no timezone found
2026-07-29 17:19:51,322 ERROR yfinance: $BODY.WS: possibly delisted; no timezone found
2026-07-29 17:19:52,979 ERROR yfinance: $BOWXW: possibly delisted; no timezone found
2026-07-29 17:19:53,352 ERROR yfinance: $BOXD: possibly delisted; no timezone found
2026-07-29 17:19:53,736 ERROR yfinance: $BOXD.WS: possibly delisted; no timezone found
2026-07-29 17:19:54,243 ERROR yfinance: $BPACW: possibly delisted; no timezone found
2026-07-29 17:19:54,561 ERROR yfinance: $BPFH: possibly delisted; no timezone found
2026-07-29 17:19:54,871 ERROR yfinance: $BPT: possibly delisted; no timezone found
2026-07-29 17:19:55,859 ERROR yfinance: $BPTS: possibly delisted; no timezone found
2026-07-29 17:19:56,538 ERROR yfinance: $BRACR: possibly delisted; no timezone found
2026-07-29 17:19:57,506 ERROR yfinance: $BRD.WS: possibly delisted; no timezone found
2026-07-29 17:19:57,817 ERROR yfinance: $BRDS.WS: possibly delisted; no timezone found
2026-07-29 17:19:58,088 ERROR yfinance: BREZR: Period 'max' is invalid, must be one of: 1d, 5d
2026-07-29 17:19:58,376 ERROR yfinance: $BREZW: possibly delisted; no timezone found
2026-07-29 17:19:58,667 ERROR yfinance: $BRG: possibly delisted; no timezone found
2026-07-29 17:19:59,738 ERROR yfinance: $BRIVW: possibly delisted; no timezone found
2026-07-29 17:19:59,997 ERROR yfinance: BRKHW: Period 'max' is invalid, must be one of: 1d, 5d
2026-07-29 17:20:00,256 ERROR yfinance: $BRLIR: possibly delisted; no timezone found
2026-07-29 17:20:00,603 ERROR yfinance: $BRLIW: possibly delisted; no timezone found
2026-07-29 17:20:01,474 ERROR yfinance: $BRMK.WS: possibly delisted; no timezone found
2026-07-29 17:20:02,484 ERROR yfinance: BROGW: Period 'max' is invalid, must be one of: 1d, 5d
2026-07-29 17:20:03,006 ERROR yfinance: $BRPA: possibly delisted; no timezone found
2026-07-29 17:20:03,349 ERROR yfinance: $BRPAR: possibly delisted; no timezone found
2026-07-29 17:20:03,870 ERROR yfinance: $BRPAU: possibly delisted; no timezone found
2026-07-29 17:20:04,398 ERROR yfinance: $BRPAW: possibly delisted; no timezone found
2026-07-29 17:20:04,704 ERROR yfinance: $BRPMW: possibly delisted; no timezone found
2026-07-29 17:20:05,020 ERROR yfinance: $BRQS: possibly delisted; no timezone found
2026-07-29 17:20:05,529 ERROR yfinance: $BRSHW: possibly delisted; no timezone found
2026-07-29 17:20:06,722 ERROR yfinance: $BSAQ.WS: possibly delisted; no timezone found
2026-07-29 17:20:07,613 ERROR yfinance: $BSGAR: possibly delisted; no timezone found
2026-07-29 17:20:07,888 ERROR yfinance: $BSGM: possibly delisted; no timezone found
2026-07-29 17:20:08,228 ERROR yfinance: $BSKYW: possibly delisted; no timezone found
2026-07-29 17:20:08,660 ERROR yfinance: $BSN.WS: possibly delisted; no timezone found
2026-07-29 17:20:09,003 ERROR yfinance: $BSQR: possibly delisted; no timezone found
2026-07-29 17:20:09,616 ERROR yfinance: $BSTC: possibly delisted; no timezone found
2026-07-29 17:20:09,905 ERROR yfinance: $BSTR: possibly delisted; no price data found  (1d 1927-08-23 -> 2026-07-29)
2026-07-29 17:20:10,261 ERROR yfinance: $BTAQW: possibly delisted; no timezone found
2026-07-29 17:20:10,589 ERROR yfinance: $BTB: possibly delisted; no timezone found
2026-07-29 17:20:11,574 ERROR yfinance: $BTCM: possibly delisted; no timezone found
2026-07-29 17:20:12,730 ERROR yfinance: $BTMDW: possibly delisted; no timezone found
2026-07-29 17:20:13,342 ERROR yfinance: $BTRS: possibly delisted; no timezone found
2026-07-29 17:20:13,671 ERROR yfinance: $BTTR: possibly delisted; no timezone found
2026-07-29 17:20:15,017 ERROR yfinance: $BTWNW: possibly delisted; no timezone found
2026-07-29 17:20:16,575 ERROR yfinance: $BVXV: possibly delisted; no timezone found
2026-07-29 17:20:17,371 ERROR yfinance: $BWACW: possibly delisted; no timezone found
2026-07-29 17:20:17,710 ERROR yfinance: $BWAQR: possibly delisted; no timezone found
2026-07-29 17:20:18,026 ERROR yfinance: $BWAQW: possibly delisted; no timezone found
2026-07-29 17:20:18,672 ERROR yfinance: $BWCAW: possibly delisted; no timezone found
2026-07-29 17:20:19,806 ERROR yfinance: $BWV: possibly delisted; no timezone found
2026-07-29 17:20:20,157 ERROR yfinance: $BXRX: possibly delisted; no timezone found
2026-07-29 17:20:20,498 ERROR yfinance: $BYN.WS: possibly delisted; no timezone found
2026-07-29 17:20:20,733 ERROR yfinance: BYNOW: Period 'max' is invalid, must be one of: 1d, 5d
2026-07-29 17:20:21,457 ERROR yfinance: $BYTSW: possibly delisted; no timezone found
2026-07-29 17:20:25,090 ERROR yfinance: $CADE: possibly delisted; no timezone found
2026-07-29 17:20:25,370 ERROR yfinance: $CAHCW: possibly delisted; no timezone found
2026-07-29 17:20:27,553 ERROR yfinance: $CANO: possibly delisted; no timezone found
2026-07-29 17:20:27,903 ERROR yfinance: $CANO.WS: possibly delisted; no timezone found
2026-07-29 17:20:28,274 ERROR yfinance: $CAPA: possibly delisted; no timezone found
2026-07-29 17:20:28,644 ERROR yfinance: $CAPAU: possibly delisted; no timezone found
2026-07-29 17:20:29,050 ERROR yfinance: $CAPAW: possibly delisted; no timezone found
2026-07-29 17:20:30,794 ERROR yfinance: $CARA: possibly delisted; no timezone found
2026-07-29 17:20:31,996 ERROR yfinance: $CAS.WS: possibly delisted; no timezone found
2026-07-29 17:20:32,303 ERROR yfinance: $CASA: possibly delisted; no timezone found
2026-07-29 17:20:32,611 ERROR yfinance: $CASI: possibly delisted; no timezone found
2026-07-29 17:20:32,975 ERROR yfinance: $CATB: possibly delisted; no timezone found
2026-07-29 17:20:33,367 ERROR yfinance: $CBAH.WS: possibly delisted; no timezone found
2026-07-29 17:20:34,153 ERROR yfinance: $CBD: possibly delisted; no timezone found
2026-07-29 17:20:35,261 ERROR yfinance: $CBLI: possibly delisted; no timezone found
2026-07-29 17:20:35,540 ERROR yfinance: $CBRGW: possibly delisted; no timezone found
2026-07-29 17:20:35,845 ERROR yfinance: $CCAC.WS: possibly delisted; no timezone found
2026-07-29 17:20:36,159 ERROR yfinance: $CCAIW: possibly delisted; no timezone found
2026-07-29 17:20:36,735 ERROR yfinance: $CCIV: possibly delisted; no timezone found
2026-07-29 17:20:37,038 ERROR yfinance: $CCIV.U: possibly delisted; no timezone found
2026-07-29 17:20:37,297 ERROR yfinance: $CCIV.WS: possibly delisted; no timezone found
2026-07-29 17:20:38,857 ERROR yfinance: $CCMP: possibly delisted; no timezone found
2026-07-29 17:20:39,182 ERROR yfinance: $CCNC: possibly delisted; no timezone found
2026-07-29 17:20:39,526 ERROR yfinance: $CCRC: possibly delisted; no timezone found
2026-07-29 17:20:39,860 ERROR yfinance: $CCTSW: possibly delisted; no timezone found
2026-07-29 17:20:40,314 ERROR yfinance: $CCV.WS: possibly delisted; no timezone found
2026-07-29 17:20:40,589 ERROR yfinance: $CCVI.WS: possibly delisted; no timezone found
2026-07-29 17:20:40,868 ERROR yfinance: $CCX.WS: possibly delisted; no timezone found
2026-07-29 17:20:41,819 ERROR yfinance: $CDAK: possibly delisted; no timezone found
2026-07-29 17:20:42,171 ERROR yfinance: $CDAQW: possibly delisted; no timezone found
2026-07-29 17:20:43,989 ERROR yfinance: $CDR: possibly delisted; no timezone found
2026-07-29 17:20:44,603 ERROR yfinance: $CDRPB: possibly delisted; no timezone found
2026-07-29 17:20:44,865 ERROR yfinance: $CDRPC: possibly delisted; no timezone found
2026-07-29 17:20:45,269 ERROR yfinance: $CDTX: possibly delisted; no timezone found
2026-07-29 17:20:45,625 ERROR yfinance: $CDXC: possibly delisted; no timezone found
2026-07-29 17:20:46,339 ERROR yfinance: $CEADW: possibly delisted; no timezone found
2026-07-29 17:20:47,186 ERROR yfinance: $CEI: possibly delisted; no timezone found
2026-07-29 17:20:47,778 ERROR yfinance: $CELGR: possibly delisted; no timezone found
2026-07-29 17:20:48,108 ERROR yfinance: $CELP: possibly delisted; no timezone found
2026-07-29 17:20:49,467 ERROR yfinance: $CEMI: possibly delisted; no timezone found
2026-07-29 17:20:49,784 ERROR yfinance: $CENHW: possibly delisted; no timezone found
2026-07-29 17:20:50,167 ERROR yfinance: $CENQW: possibly delisted; no timezone found
2026-07-29 17:20:50,543 ERROR yfinance: $CERE: possibly delisted; no timezone found
2026-07-29 17:20:50,919 ERROR yfinance: $CEREW: possibly delisted; no timezone found
2026-07-29 17:20:52,113 ERROR yfinance: $CETXW: possibly delisted; no timezone found
2026-07-29 17:20:52,459 ERROR yfinance: $CFACW: possibly delisted; no timezone found
2026-07-29 17:20:52,930 ERROR yfinance: $CFFEW: possibly delisted; no timezone found
2026-07-29 17:20:53,215 ERROR yfinance: CFFSW: Period 'max' is invalid, must be one of: 1d, 5d
2026-07-29 17:20:53,739 ERROR yfinance: $CFIIW: possibly delisted; no timezone found
2026-07-29 17:20:54,176 ERROR yfinance: $CFIVW: possibly delisted; no timezone found
2026-07-29 17:20:54,426 ERROR yfinance: $CFMS: possibly delisted; no timezone found
2026-07-29 17:20:54,765 ERROR yfinance: $CFRX: possibly delisted; no timezone found
2026-07-29 17:20:55,082 ERROR yfinance: $CFV: possibly delisted; no timezone found
2026-07-29 17:20:55,390 ERROR yfinance: $CFVIW: possibly delisted; no timezone found
2026-07-29 17:20:55,644 ERROR yfinance: $CGA: possibly delisted; no timezone found
2026-07-29 17:20:56,705 ERROR yfinance: $CGIX: possibly delisted; no timezone found
2026-07-29 17:20:57,441 ERROR yfinance: $CGRN: possibly delisted; no timezone found
2026-07-29 17:20:57,773 ERROR yfinance: $CGROW: possibly delisted; no timezone found
2026-07-29 17:20:58,404 ERROR yfinance: $CHAA.WS: possibly delisted; no timezone found
2026-07-29 17:20:58,700 ERROR yfinance: $CHAQ.WS: possibly delisted; no timezone found
2026-07-29 17:20:59,432 ERROR yfinance: $CHEAW: possibly delisted; no timezone found
2026-07-29 17:21:00,019 ERROR yfinance: $CHEK: possibly delisted; no timezone found
2026-07-29 17:21:00,310 ERROR yfinance: $CHEKZ: possibly delisted; no timezone found
2026-07-29 17:21:00,695 ERROR yfinance: $CHFS: possibly delisted; no timezone found
2026-07-29 17:21:01,001 ERROR yfinance: $CHFW.WS: possibly delisted; no timezone found
2026-07-29 17:21:01,732 ERROR yfinance: $CHKEZ: possibly delisted; no timezone found
2026-07-29 17:21:02,107 ERROR yfinance: $CHMA: possibly delisted; no timezone found
2026-07-29 17:21:02,388 ERROR yfinance: $CHN: possibly delisted; no timezone found
2026-07-29 17:21:03,254 ERROR yfinance: $CHPMW: possibly delisted; no timezone found
2026-07-29 17:21:03,569 ERROR yfinance: $CHPT.WS: possibly delisted; no timezone found
2026-07-29 17:21:03,943 ERROR yfinance: $CHRA: possibly delisted; no timezone found
2026-07-29 17:21:04,262 ERROR yfinance: $CHWA: possibly delisted; no timezone found
2026-07-29 17:21:04,632 ERROR yfinance: $CHWAW: possibly delisted; no timezone found
2026-07-29 17:21:05,045 ERROR yfinance: $CIAN: possibly delisted; no timezone found
2026-07-29 17:21:05,297 ERROR yfinance: $CIDM: possibly delisted; no timezone found
2026-07-29 17:21:05,968 ERROR yfinance: CIFRW: Period 'max' is invalid, must be one of: 1d, 5d
2026-07-29 17:21:06,255 ERROR yfinance: $CIH: possibly delisted; no timezone found
2026-07-29 17:21:06,591 ERROR yfinance: $CIIC: possibly delisted; no timezone found
2026-07-29 17:21:06,962 ERROR yfinance: $CIICU: possibly delisted; no timezone found
2026-07-29 17:21:07,254 ERROR yfinance: $CIICW: possibly delisted; no timezone found
2026-07-29 17:21:07,603 ERROR yfinance: $CIIGW: possibly delisted; no timezone found
2026-07-29 17:21:07,911 ERROR yfinance: $CINC: possibly delisted; no timezone found
2026-07-29 17:21:09,052 ERROR yfinance: $CITEW: possibly delisted; no timezone found
2026-07-29 17:21:09,896 ERROR yfinance: $CJJD: possibly delisted; no timezone found
2026-07-29 17:21:10,348 ERROR yfinance: $CLA: possibly delisted; no timezone found
2026-07-29 17:21:10,714 ERROR yfinance: $CLA.U: possibly delisted; no timezone found
2026-07-29 17:21:11,103 ERROR yfinance: $CLA.WS: possibly delisted; no timezone found
2026-07-29 17:21:11,430 ERROR yfinance: $CLAA.WS: possibly delisted; no timezone found
2026-07-29 17:21:11,753 ERROR yfinance: $CLAQ: possibly delisted; no timezone found
2026-07-29 17:21:12,102 ERROR yfinance: $CLAQR: possibly delisted; no timezone found
2026-07-29 17:21:12,417 ERROR yfinance: $CLAQU: possibly delisted; no timezone found
2026-07-29 17:21:12,787 ERROR yfinance: $CLAS.WS: possibly delisted; no timezone found
2026-07-29 17:21:13,049 ERROR yfinance: $CLAYW: possibly delisted; no timezone found
2026-07-29 17:21:13,386 ERROR yfinance: $CLBR.WS: possibly delisted; no timezone found
2026-07-29 17:21:13,699 ERROR yfinance: $CLBS: possibly delisted; no timezone found
2026-07-29 17:21:14,007 ERROR yfinance: $CLEU: possibly delisted; no timezone found
2026-07-29 17:21:14,630 ERROR yfinance: $CLII: possibly delisted; no timezone found
2026-07-29 17:21:14,937 ERROR yfinance: $CLII.U: possibly delisted; no timezone found
2026-07-29 17:21:15,224 ERROR yfinance: $CLII.WS: possibly delisted; no timezone found
2026-07-29 17:21:15,565 ERROR yfinance: $CLIM.WS: possibly delisted; no timezone found
2026-07-29 17:21:16,009 ERROR yfinance: $CLINR: possibly delisted; no timezone found
2026-07-29 17:21:16,347 ERROR yfinance: $CLINW: possibly delisted; no timezone found
2026-07-29 17:21:18,251 ERROR yfinance: CLNNW: Period 'max' is invalid, must be one of: 1d, 5d
2026-07-29 17:21:18,556 ERROR yfinance: $CLOER: possibly delisted; no timezone found
2026-07-29 17:21:19,457 ERROR yfinance: $CLOVW: possibly delisted; no timezone found
2026-07-29 17:21:20,469 ERROR yfinance: $CLRBZ: possibly delisted; no timezone found
2026-07-29 17:21:20,818 ERROR yfinance: $CLRCR: possibly delisted; no timezone found
2026-07-29 17:21:21,408 ERROR yfinance: $CLRCW: possibly delisted; no timezone found
2026-07-29 17:21:21,715 ERROR yfinance: $CLRMW: possibly delisted; no timezone found
2026-07-29 17:21:22,178 ERROR yfinance: $CLSD: possibly delisted; no price data found  (1d 1927-08-23 -> 2026-07-29)
2026-07-29 17:21:22,550 ERROR yfinance: $CLSN: possibly delisted; no timezone found
2026-07-29 17:21:23,227 ERROR yfinance: $CLVRW: possibly delisted; no timezone found
2026-07-29 17:21:23,535 ERROR yfinance: $CLVS: possibly delisted; no timezone found
2026-07-29 17:21:24,330 ERROR yfinance: $CLXT: possibly delisted; no timezone found
2026-07-29 17:21:25,279 ERROR yfinance: $CMAXW: possibly delisted; no timezone found
2026-07-29 17:21:25,586 ERROR yfinance: $CMCAW: possibly delisted; no timezone found
2026-07-29 17:21:26,101 ERROR yfinance: CMIIW: Period 'max' is invalid, must be one of: 1d, 5d
2026-07-29 17:21:26,353 ERROR yfinance: $CMLF: possibly delisted; no timezone found
2026-07-29 17:21:26,660 ERROR yfinance: $CMLFU: possibly delisted; no timezone found
2026-07-29 17:21:26,973 ERROR yfinance: $CMLFW: possibly delisted; no timezone found
2026-07-29 17:21:27,259 ERROR yfinance: $CMLS: possibly delisted; no timezone found
2026-07-29 17:21:27,602 ERROR yfinance: $CMLTW: possibly delisted; no timezone found
2026-07-29 17:21:28,293 ERROR yfinance: $CMPI: possibly delisted; no timezone found
2026-07-29 17:21:28,960 ERROR yfinance: $CMRAW: possibly delisted; no timezone found
2026-07-29 17:21:29,238 ERROR yfinance: $CMRX: possibly delisted; no timezone found
2026-07-29 17:21:29,563 ERROR yfinance: $CNCE: possibly delisted; no timezone found
2026-07-29 17:21:29,912 ERROR yfinance: $CND.WS: possibly delisted; no timezone found
2026-07-29 17:21:30,206 ERROR yfinance: $CNDA.WS: possibly delisted; no timezone found
2026-07-29 17:21:30,520 ERROR yfinance: $CNDB.WS: possibly delisted; no timezone found
2026-07-29 17:21:31,686 ERROR yfinance: $CNFR: possibly delisted; no timezone found
2026-07-29 17:21:31,888 ERROR yfinance: CNGLW: Period 'max' is invalid, must be one of: 1d, 5d
2026-07-29 17:21:33,245 ERROR yfinance: $CNST: possibly delisted; no timezone found
2026-07-29 17:21:34,176 ERROR yfinance: $CNTQ: possibly delisted; no timezone found
2026-07-29 17:21:34,461 ERROR yfinance: $CNTQU: possibly delisted; no timezone found
2026-07-29 17:21:34,749 ERROR yfinance: $CNTQW: possibly delisted; no timezone found
2026-07-29 17:21:35,061 ERROR yfinance: $CNVY: possibly delisted; no timezone found
2026-07-29 17:21:35,314 ERROR yfinance: $CNXA: possibly delisted; no timezone found
2026-07-29 17:21:35,629 ERROR yfinance: $CO: possibly delisted; no timezone found
2026-07-29 17:21:37,171 ERROR yfinance: $COEPW: possibly delisted; no timezone found
2026-07-29 17:21:39,141 ERROR yfinance: $COLIW: possibly delisted; no timezone found
2026-07-29 17:21:39,457 ERROR yfinance: $COMM: possibly delisted; no timezone found
2026-07-29 17:21:40,633 ERROR yfinance: $COMSW: possibly delisted; no timezone found
2026-07-29 17:21:40,920 ERROR yfinance: $CONXW: possibly delisted; no timezone found
2026-07-29 17:21:41,173 ERROR yfinance: $COOLW: possibly delisted; no timezone found
2026-07-29 17:21:41,507 ERROR yfinance: $CORS.WS: possibly delisted; no timezone found
2026-07-29 17:21:42,803 ERROR yfinance: $COVAW: possibly delisted; no timezone found
2026-07-29 17:21:43,920 ERROR yfinance: $CPAAW: possibly delisted; no timezone found
2026-07-29 17:21:44,256 ERROR yfinance: $CPAQW: possibly delisted; no timezone found
2026-07-29 17:21:44,565 ERROR yfinance: $CPARW: possibly delisted; no timezone found
2026-07-29 17:21:44,827 ERROR yfinance: $CPE: possibly delisted; no timezone found
2026-07-29 17:21:48,310 ERROR yfinance: $CPSR.U: possibly delisted; no timezone found
2026-07-29 17:21:48,640 ERROR yfinance: $CPSR.WS: possibly delisted; no timezone found
2026-07-29 17:21:49,296 ERROR yfinance: $CPTK.WS: possibly delisted; no timezone found
2026-07-29 17:21:49,629 ERROR yfinance: $CPTN: possibly delisted; no timezone found
2026-07-29 17:21:49,968 ERROR yfinance: $CPTNW: possibly delisted; no timezone found
2026-07-29 17:21:50,336 ERROR yfinance: $CPUH.WS: possibly delisted; no timezone found
2026-07-29 17:21:51,640 ERROR yfinance: $CRECW: possibly delisted; no timezone found
2026-07-29 17:21:53,002 ERROR yfinance: $CREXW: possibly delisted; no timezone found
2026-07-29 17:21:53,338 ERROR yfinance: $CRGE: possibly delisted; no timezone found
2026-07-29 17:21:53,616 ERROR yfinance: $CRHC.WS: possibly delisted; no timezone found
2026-07-29 17:21:53,923 ERROR yfinance: $CRHM: possibly delisted; no timezone found
2026-07-29 17:21:57,057 ERROR yfinance: $CRTDW: possibly delisted; no timezone found
2026-07-29 17:21:57,375 ERROR yfinance: $CRTX: possibly delisted; no timezone found
2026-07-29 17:21:57,727 ERROR yfinance: $CRU.WS: possibly delisted; no timezone found
2026-07-29 17:21:58,457 ERROR yfinance: $CRXT: possibly delisted; no timezone found
2026-07-29 17:21:58,747 ERROR yfinance: $CRXTW: possibly delisted; no timezone found
2026-07-29 17:21:59,080 ERROR yfinance: $CRZNW: possibly delisted; no timezone found
2026-07-29 17:21:59,444 ERROR yfinance: $CSCW: possibly delisted; no timezone found
2026-07-29 17:22:00,364 ERROR yfinance: $CSLMR: possibly delisted; no timezone found
2026-07-29 17:22:00,723 ERROR yfinance: $CSLMW: possibly delisted; no timezone found
2026-07-29 17:22:01,630 ERROR yfinance: $CSPR: possibly delisted; no timezone found
2026-07-29 17:22:01,933 ERROR yfinance: $CSSE: possibly delisted; no timezone found
2026-07-29 17:22:02,277 ERROR yfinance: $CSSEL: possibly delisted; no timezone found
2026-07-29 17:22:02,681 ERROR yfinance: $CSTA.WS: possibly delisted; no timezone found
2026-07-29 17:22:02,990 ERROR yfinance: $CSU: possibly delisted; no timezone found
2026-07-29 17:22:04,815 ERROR yfinance: $CTAC.WS: possibly delisted; no timezone found
2026-07-29 17:22:05,116 ERROR yfinance: $CTAQW: possibly delisted; no timezone found
2026-07-29 17:22:05,447 ERROR yfinance: $CTEK: possibly delisted; no timezone found
2026-07-29 17:22:05,833 ERROR yfinance: $CTIB: possibly delisted; no timezone found
2026-07-29 17:22:06,206 ERROR yfinance: $CTIC: possibly delisted; no timezone found
2026-07-29 17:22:06,547 ERROR yfinance: $CTK: possibly delisted; no timezone found
2026-07-29 17:22:07,783 ERROR yfinance: $CTOS.WS: possibly delisted; no timezone found
2026-07-29 17:22:08,141 ERROR yfinance: $CTRA: possibly delisted; no timezone found
2026-07-29 17:22:09,207 ERROR yfinance: $CTT: possibly delisted; no timezone found
2026-07-29 17:22:09,580 ERROR yfinance: $CTV: possibly delisted; no timezone found
2026-07-29 17:22:10,080 ERROR yfinance: $CTV.WS: possibly delisted; no timezone found
2026-07-29 17:22:10,740 ERROR yfinance: $CTXRW: possibly delisted; no timezone found
2026-07-29 17:22:11,456 ERROR yfinance: CUENW: Period 'max' is invalid, must be one of: 1d, 5d
2026-07-29 17:22:11,788 ERROR yfinance: $CUK: possibly delisted; no timezone found
2026-07-29 17:22:12,046 ERROR yfinance: CURIW: Period 'max' is invalid, must be one of: 1d, 5d
2026-07-29 17:22:12,465 ERROR yfinance: $CURO: possibly delisted; no timezone found
2026-07-29 17:22:13,109 ERROR yfinance: $CVAC: possibly delisted; no timezone found
2026-07-29 17:22:13,814 ERROR yfinance: $CVII.WS: possibly delisted; no timezone found
2026-07-29 17:22:14,099 ERROR yfinance: $CVLB: possibly delisted; no timezone found
2026-07-29 17:22:16,315 ERROR yfinance: $CWBR: possibly delisted; no timezone found
2026-07-29 17:22:17,148 ERROR yfinance: $CXAC.WS: possibly delisted; no timezone found
2026-07-29 17:22:17,395 ERROR yfinance: $CXDC: possibly delisted; no timezone found
2026-07-29 17:22:18,170 ERROR yfinance: $CYAD: possibly delisted; no timezone found
2026-07-29 17:22:18,457 ERROR yfinance: $CYBE: possibly delisted; no timezone found
2026-07-29 17:22:18,793 ERROR yfinance: $CYCC: possibly delisted; no timezone found
2026-07-29 17:22:20,042 ERROR yfinance: $CYRN: possibly delisted; no timezone found
2026-07-29 17:22:20,738 ERROR yfinance: $CYT: possibly delisted; no timezone found
2026-07-29 17:22:20,994 ERROR yfinance: $CYTH: possibly delisted; no timezone found
2026-07-29 17:22:22,007 ERROR yfinance: $CYTO: possibly delisted; no timezone found
2026-07-29 17:22:22,267 ERROR yfinance: $CZOO: possibly delisted; no timezone found
2026-07-29 17:22:22,582 ERROR yfinance: $CZOO.WS: possibly delisted; no timezone found
2026-07-29 17:22:22,946 ERROR yfinance: $DADA: possibly delisted; no timezone found
2026-07-29 17:22:23,586 ERROR yfinance: $DAOOW: possibly delisted; no timezone found
2026-07-29 17:22:24,313 ERROR yfinance: DATS: Period 'max' is invalid, must be one of: 1d, 5d
2026-07-29 17:22:24,568 ERROR yfinance: DATSW: Period 'max' is invalid, must be one of: 1d, 5d
2026-07-29 17:22:25,437 ERROR yfinance: $DAWN: possibly delisted; no timezone found
2026-07-29 17:22:26,088 ERROR yfinance: $DBDRW: possibly delisted; no timezone found
2026-07-29 17:22:27,009 ERROR yfinance: $DBGIW: possibly delisted; no timezone found
2026-07-29 17:22:28,393 ERROR yfinance: $DBTX: possibly delisted; no timezone found
2026-07-29 17:22:29,389 ERROR yfinance: $DCFC: possibly delisted; no timezone found
2026-07-29 17:22:29,664 ERROR yfinance: $DCFCW: possibly delisted; no timezone found
2026-07-29 17:22:30,023 ERROR yfinance: $DCGOW: possibly delisted; no timezone found
2026-07-29 17:22:30,913 ERROR yfinance: $DCPH: possibly delisted; no timezone found
2026-07-29 17:22:31,229 ERROR yfinance: $DCRBW: possibly delisted; no timezone found
2026-07-29 17:22:31,569 ERROR yfinance: $DCRCW: possibly delisted; no timezone found
2026-07-29 17:22:31,875 ERROR yfinance: $DCRDW: possibly delisted; no timezone found
2026-07-29 17:22:33,012 ERROR yfinance: $DDMXW: possibly delisted; no timezone found
2026-07-29 17:22:33,309 ERROR yfinance: $DECAW: possibly delisted; no timezone found
2026-07-29 17:22:34,007 ERROR yfinance: $DENN: possibly delisted; no timezone found
2026-07-29 17:22:34,284 ERROR yfinance: $DFFN: possibly delisted; no timezone found
2026-07-29 17:22:34,562 ERROR yfinance: $DFHTW: possibly delisted; no timezone found
2026-07-29 17:22:35,740 ERROR yfinance: $DFNS.WS: possibly delisted; no timezone found
2026-07-29 17:22:36,047 ERROR yfinance: $DFPHW: possibly delisted; no timezone found
2026-07-29 17:22:36,357 ERROR yfinance: $DGHI: possibly delisted; no timezone found
2026-07-29 17:22:36,682 ERROR yfinance: $DHACW: possibly delisted; no timezone found
2026-07-29 17:22:37,025 ERROR yfinance: $DHBCW: possibly delisted; no timezone found
2026-07-29 17:22:37,283 ERROR yfinance: $DHCAW: possibly delisted; no timezone found
2026-07-29 17:22:37,618 ERROR yfinance: $DHHCW: possibly delisted; no timezone found
2026-07-29 17:22:38,254 ERROR yfinance: $DICE: possibly delisted; no timezone found
2026-07-29 17:22:38,614 ERROR yfinance: $DIDI: possibly delisted; no timezone found
2026-07-29 17:22:39,440 ERROR yfinance: $DILAW: possibly delisted; no timezone found
2026-07-29 17:22:39,747 ERROR yfinance: $DISAW: possibly delisted; no timezone found
2026-07-29 17:22:40,133 ERROR yfinance: $DISCA: possibly delisted; no timezone found
2026-07-29 17:22:40,409 ERROR yfinance: $DISCB: possibly delisted; no timezone found
2026-07-29 17:22:40,831 ERROR yfinance: $DISCK: possibly delisted; no timezone found
2026-07-29 17:22:41,212 ERROR yfinance: $DKDCW: possibly delisted; no timezone found
2026-07-29 17:22:41,977 ERROR yfinance: $DLCAW: possibly delisted; no timezone found
2026-07-29 17:22:43,687 ERROR yfinance: $DLPNW: possibly delisted; no timezone found
2026-07-29 17:22:43,999 ERROR yfinance: $DM: possibly delisted; no timezone found
2026-07-29 17:22:44,274 ERROR yfinance: $DM.WS: possibly delisted; no timezone found
2026-07-29 17:22:45,104 ERROR yfinance: $DMAQR: possibly delisted; no timezone found
2026-07-29 17:22:45,488 ERROR yfinance: $DMS: possibly delisted; no timezone found
2026-07-29 17:22:45,818 ERROR yfinance: $DMS.WS: possibly delisted; no timezone found
2026-07-29 17:22:46,115 ERROR yfinance: $DMTK: possibly delisted; no timezone found
2026-07-29 17:22:46,461 ERROR yfinance: $DMYD: possibly delisted; no timezone found
2026-07-29 17:22:46,711 ERROR yfinance: $DMYD.U: possibly delisted; no timezone found
2026-07-29 17:22:47,018 ERROR yfinance: $DMYD.WS: possibly delisted; no timezone found
2026-07-29 17:22:47,330 ERROR yfinance: $DMYI.WS: possibly delisted; no timezone found
2026-07-29 17:22:47,629 ERROR yfinance: $DMYS.WS: possibly delisted; no timezone found
2026-07-29 17:22:47,980 ERROR yfinance: $DNAA: possibly delisted; no timezone found
2026-07-29 17:22:48,329 ERROR yfinance: $DNAY: possibly delisted; no timezone found
2026-07-29 17:22:48,697 ERROR yfinance: $DNK: possibly delisted; no timezone found
2026-07-29 17:22:50,065 ERROR yfinance: $DNMR.WS: possibly delisted; no timezone found
2026-07-29 17:22:50,473 ERROR yfinance: $DNZ.WS: possibly delisted; no timezone found
2026-07-29 17:22:51,464 ERROR yfinance: $DOMA: possibly delisted; no timezone found
2026-07-29 17:22:51,803 ERROR yfinance: $DOMA.WS: possibly delisted; no timezone found
2026-07-29 17:22:53,160 ERROR yfinance: $DPCSW: possibly delisted; no timezone found
2026-07-29 17:22:53,703 ERROR yfinance: $DPSI: possibly delisted; no timezone found
2026-07-29 17:22:54,475 ERROR yfinance: $DPW: possibly delisted; no timezone found
2026-07-29 17:22:55,349 ERROR yfinance: $DRAYW: possibly delisted; no timezone found
2026-07-29 17:22:56,015 ERROR yfinance: $DRCTW: possibly delisted; no timezone found
2026-07-29 17:22:56,759 ERROR yfinance: $DRIOW: possibly delisted; no timezone found
2026-07-29 17:22:58,629 ERROR yfinance: $DRNA: possibly delisted; no timezone found
2026-07-29 17:23:00,023 ERROR yfinance: $DRTT: possibly delisted; no timezone found
2026-07-29 17:23:01,060 ERROR yfinance: DSACW: Period 'max' is invalid, must be one of: 1d, 5d
2026-07-29 17:23:01,602 ERROR yfinance: $DSAQ.WS: possibly delisted; no timezone found
2026-07-29 17:23:01,949 ERROR yfinance: $DSE: possibly delisted; no timezone found
2026-07-29 17:23:03,069 ERROR yfinance: $DSKEW: possibly delisted; no timezone found
2026-07-29 17:23:04,490 ERROR yfinance: $DTEA: possibly delisted; no timezone found
2026-07-29 17:23:04,922 ERROR yfinance: $DTOCW: possibly delisted; no timezone found
2026-07-29 17:23:05,300 ERROR yfinance: $DTRTW: possibly delisted; no timezone found
2026-07-29 17:23:06,837 ERROR yfinance: $DUETW: possibly delisted; no timezone found
2026-07-29 17:23:07,851 ERROR yfinance: $DUNEW: possibly delisted; no timezone found
2026-07-29 17:23:09,788 ERROR yfinance: $DVAX: possibly delisted; no timezone found
2026-07-29 17:23:10,065 ERROR yfinance: $DVD: possibly delisted; no timezone found
2026-07-29 17:23:10,395 ERROR yfinance: $DWAC: possibly delisted; no timezone found
2026-07-29 17:23:10,732 ERROR yfinance: $DWACU: possibly delisted; no timezone found
2026-07-29 17:23:11,035 ERROR yfinance: $DWACW: possibly delisted; no timezone found
2026-07-29 17:23:11,365 ERROR yfinance: $DWIN.WS: possibly delisted; no timezone found
2026-07-29 17:23:15,952 ERROR yfinance: $DZSI: possibly delisted; no timezone found
2026-07-29 17:23:16,284 ERROR yfinance: $EACPW: possibly delisted; no timezone found
2026-07-29 17:23:16,565 ERROR yfinance: $EAR: possibly delisted; no timezone found
2026-07-29 17:23:16,888 ERROR yfinance: $EARS: possibly delisted; no timezone found
2026-07-29 17:23:17,179 ERROR yfinance: $EAST: possibly delisted; no timezone found
2026-07-29 17:23:17,501 ERROR yfinance: $EBACW: possibly delisted; no timezone found
2026-07-29 17:23:18,237 ERROR yfinance: $EBIX: possibly delisted; no timezone found
2026-07-29 17:23:19,824 ERROR yfinance: $ECOL: possibly delisted; no timezone found
2026-07-29 17:23:20,152 ERROR yfinance: $ECOM: possibly delisted; no timezone found
2026-07-29 17:23:21,000 ERROR yfinance: $EDNCW: possibly delisted; no timezone found
2026-07-29 17:23:22,085 ERROR yfinance: $EDTXW: possibly delisted; no timezone found
2026-07-29 17:23:24,052 ERROR yfinance: $EFTRW: possibly delisted; no timezone found
2026-07-29 17:23:24,698 ERROR yfinance: $EGGF.WS: possibly delisted; no timezone found
2026-07-29 17:23:25,652 ERROR yfinance: $EGIO: possibly delisted; no timezone found
2026-07-29 17:23:25,992 ERROR yfinance: $EGLX: possibly delisted; no timezone found
2026-07-29 17:23:27,121 ERROR yfinance: $EIDX: possibly delisted; no timezone found
2026-07-29 17:23:27,489 ERROR yfinance: $EIGI: possibly delisted; no timezone found
2026-07-29 17:23:27,796 ERROR yfinance: $EIGR: possibly delisted; no timezone found
2026-07-29 17:23:28,102 ERROR yfinance: $EJFA: possibly delisted; no timezone found
2026-07-29 17:23:28,431 ERROR yfinance: $EJFAU: possibly delisted; no timezone found
2026-07-29 17:23:28,739 ERROR yfinance: $EJFAW: possibly delisted; no timezone found
2026-07-29 17:23:29,329 ERROR yfinance: $ELEV: possibly delisted; no timezone found
2026-07-29 17:23:29,617 ERROR yfinance: $ELMS: possibly delisted; no timezone found
2026-07-29 17:23:30,013 ERROR yfinance: $ELMSW: possibly delisted; no timezone found
2026-07-29 17:23:30,686 ERROR yfinance: $ELP: possibly delisted; no timezone found
2026-07-29 17:23:31,564 ERROR yfinance: $ELVT: possibly delisted; no timezone found
2026-07-29 17:23:31,907 ERROR yfinance: $ELYM: possibly delisted; no timezone found
2026-07-29 17:23:32,923 ERROR yfinance: $EM: possibly delisted; no timezone found
2026-07-29 17:23:33,246 ERROR yfinance: $EMAN: possibly delisted; no timezone found
2026-07-29 17:23:33,523 ERROR yfinance: $EMBK: possibly delisted; no timezone found
2026-07-29 17:23:33,837 ERROR yfinance: $EMBKW: possibly delisted; no timezone found
2026-07-29 17:23:34,076 ERROR yfinance: EMCGR: Period 'max' is invalid, must be one of: 1d, 5d
2026-07-29 17:23:34,371 ERROR yfinance: $EMCGW: possibly delisted; no timezone found
2026-07-29 17:23:34,732 ERROR yfinance: $EMKR: possibly delisted; no timezone found
2026-07-29 17:23:35,109 ERROR yfinance: $EMLDW: possibly delisted; no timezone found
2026-07-29 17:23:35,761 ERROR yfinance: $EMPW.WS: possibly delisted; no timezone found
2026-07-29 17:23:36,064 ERROR yfinance: $EMWP: possibly delisted; no timezone found
2026-07-29 17:23:36,375 ERROR yfinance: $ENCPW: possibly delisted; no timezone found
2026-07-29 17:23:36,727 ERROR yfinance: $ENDP: possibly delisted; no timezone found
2026-07-29 17:23:37,080 ERROR yfinance: $ENERR: possibly delisted; no timezone found
2026-07-29 17:23:37,402 ERROR yfinance: $ENERW: possibly delisted; no timezone found
2026-07-29 17:23:37,754 ERROR yfinance: $ENFAW: possibly delisted; no timezone found
2026-07-29 17:23:38,368 ERROR yfinance: $ENG: possibly delisted; no timezone found
2026-07-29 17:23:38,698 ERROR yfinance: $ENJY: possibly delisted; no timezone found
2026-07-29 17:23:39,103 ERROR yfinance: $ENJYW: possibly delisted; no timezone found
2026-07-29 17:23:40,115 ERROR yfinance: $ENOB: possibly delisted; no timezone found
2026-07-29 17:23:40,480 ERROR yfinance: $ENPC: possibly delisted; no timezone found
2026-07-29 17:23:40,751 ERROR yfinance: $ENPC.U: possibly delisted; no timezone found
2026-07-29 17:23:41,054 ERROR yfinance: $ENPC.WS: possibly delisted; no timezone found
2026-07-29 17:23:42,069 ERROR yfinance: $ENTFW: possibly delisted; no timezone found
2026-07-29 17:23:43,246 ERROR yfinance: $ENTXW: possibly delisted; no timezone found
2026-07-29 17:23:44,455 ERROR yfinance: $ENZ: possibly delisted; no timezone found
2026-07-29 17:23:44,754 ERROR yfinance: $EOCW.WS: possibly delisted; no timezone found
2026-07-29 17:23:46,245 ERROR yfinance: $EPHYW: possibly delisted; no timezone found
2026-07-29 17:23:46,557 ERROR yfinance: $EPIX: possibly delisted; no timezone found
2026-07-29 17:23:47,749 ERROR yfinance: $EPWR.WS: possibly delisted; no timezone found
2026-07-29 17:23:48,053 ERROR yfinance: $EPZM: possibly delisted; no timezone found
2026-07-29 17:23:48,676 ERROR yfinance: $EQD.WS: possibly delisted; no timezone found
2026-07-29 17:23:49,007 ERROR yfinance: $EQHA.WS: possibly delisted; no timezone found
2026-07-29 17:23:49,315 ERROR yfinance: $EQOS: possibly delisted; no timezone found
2026-07-29 17:23:49,616 ERROR yfinance: $EQOSW: possibly delisted; no timezone found
2026-07-29 17:23:49,923 ERROR yfinance: $EQRX: possibly delisted; no timezone found
2026-07-29 17:23:50,256 ERROR yfinance: $EQRXW: possibly delisted; no timezone found
2026-07-29 17:23:51,216 ERROR yfinance: $ERESW: possibly delisted; no timezone found
2026-07-29 17:23:52,597 ERROR yfinance: $ERYP: possibly delisted; no timezone found
2026-07-29 17:23:52,961 ERROR yfinance: $ESACW: possibly delisted; no timezone found
2026-07-29 17:23:53,669 ERROR yfinance: $ESBK: possibly delisted; no timezone found
2026-07-29 17:23:53,987 ERROR yfinance: $ESGC: possibly delisted; no timezone found
2026-07-29 17:23:54,283 ERROR yfinance: $ESM.WS: possibly delisted; no timezone found
2026-07-29 17:23:55,765 ERROR yfinance: $ESSCR: possibly delisted; no timezone found
2026-07-29 17:23:56,085 ERROR yfinance: $ESSCU: possibly delisted; no timezone found
2026-07-29 17:23:56,426 ERROR yfinance: $ESSCW: possibly delisted; no timezone found
2026-07-29 17:23:56,721 ERROR yfinance: $ETACW: possibly delisted; no timezone found
2026-07-29 17:23:57,083 ERROR yfinance: $ETNB: possibly delisted; no timezone found
2026-07-29 17:23:57,394 ERROR yfinance: $EUCRW: possibly delisted; no timezone found
2026-07-29 17:23:58,005 ERROR yfinance: $EUSGW: possibly delisted; no timezone found
2026-07-29 17:23:58,852 ERROR yfinance: $EVBG: possibly delisted; no timezone found
2026-07-29 17:23:59,171 ERROR yfinance: $EVE.WS: possibly delisted; no timezone found
2026-07-29 17:23:59,952 ERROR yfinance: $EVEX.WS: possibly delisted; no timezone found
2026-07-29 17:24:01,323 ERROR yfinance: $EVGRW: possibly delisted; no timezone found
2026-07-29 17:24:01,580 ERROR yfinance: $EVK: possibly delisted; no timezone found
2026-07-29 17:24:02,617 ERROR yfinance: $EVOJW: possibly delisted; no timezone found
2026-07-29 17:24:02,949 ERROR yfinance: $EVOK: possibly delisted; no timezone found
2026-07-29 17:24:04,156 ERROR yfinance: $EVTL.WS: possibly delisted; no timezone found
2026-07-29 17:24:05,986 ERROR yfinance: $EXFO: possibly delisted; no timezone found
2026-07-29 17:24:06,525 ERROR yfinance: $EXN: possibly delisted; no timezone found
2026-07-29 17:24:06,849 ERROR yfinance: $EXPCW: possibly delisted; no timezone found
2026-07-29 17:24:07,203 ERROR yfinance: $EXPI: possibly delisted; no timezone found
2026-07-29 17:24:07,508 ERROR yfinance: $EXPR: possibly delisted; no timezone found
2026-07-29 17:24:07,847 ERROR yfinance: $EXTN: possibly delisted; no timezone found
2026-07-29 17:24:08,800 ERROR yfinance: $EYEN: possibly delisted; no timezone found
2026-07-29 17:24:09,377 ERROR yfinance: $EYESW: possibly delisted; no timezone found
2026-07-29 17:24:10,030 ERROR yfinance: $EZFL: possibly delisted; no timezone found
2026-07-29 17:24:10,660 ERROR yfinance: $FACA.WS: possibly delisted; no timezone found
2026-07-29 17:24:10,990 ERROR yfinance: $FACT.WS: possibly delisted; no timezone found
2026-07-29 17:24:11,272 ERROR yfinance: $FAII.WS: possibly delisted; no timezone found
2026-07-29 17:24:11,903 ERROR yfinance: $FATBB: possibly delisted; no timezone found
2026-07-29 17:24:12,210 ERROR yfinance: $FATBP: possibly delisted; no timezone found
2026-07-29 17:24:12,392 ERROR yfinance: FATBW: Period 'max' is invalid, must be one of: 1d, 5d
2026-07-29 17:24:13,008 ERROR yfinance: $FATH.WS: possibly delisted; no timezone found
2026-07-29 17:24:13,373 ERROR yfinance: $FATPW: possibly delisted; no timezone found
2026-07-29 17:24:14,155 ERROR yfinance: $FAZE: possibly delisted; no timezone found
2026-07-29 17:24:14,462 ERROR yfinance: $FAZEW: possibly delisted; no timezone found
2026-07-29 17:24:15,351 ERROR yfinance: $FCACW: possibly delisted; no timezone found
2026-07-29 17:24:15,886 ERROR yfinance: $FCAX.WS: possibly delisted; no timezone found
2026-07-29 17:24:16,806 ERROR yfinance: $FCRD: possibly delisted; no timezone found
2026-07-29 17:24:20,287 ERROR yfinance: $FEXDR: possibly delisted; no timezone found
2026-07-29 17:24:20,637 ERROR yfinance: $FEXDW: possibly delisted; no timezone found
2026-07-29 17:24:20,950 ERROR yfinance: $FEYE: possibly delisted; no timezone found
2026-07-29 17:24:21,651 ERROR yfinance: $FFHL: possibly delisted; no timezone found
2026-07-29 17:24:21,990 ERROR yfinance: $FFIE: possibly delisted; no timezone found
2026-07-29 17:24:22,279 ERROR yfinance: $FFIEW: possibly delisted; no timezone found
2026-07-29 17:24:22,536 ERROR yfinance: $FGEN: possibly delisted; no timezone found
2026-07-29 17:24:22,784 ERROR yfinance: FGF: Period 'max' is invalid, must be one of: 1d, 5d
2026-07-29 17:24:23,291 ERROR yfinance: $FGMCW: possibly delisted; no timezone found
2026-07-29 17:24:23,899 ERROR yfinance: $FHLTW: possibly delisted; no timezone found
2026-07-29 17:24:24,246 ERROR yfinance: $FHS: possibly delisted; no timezone found
2026-07-29 17:24:25,004 ERROR yfinance: $FIACW: possibly delisted; no timezone found
2026-07-29 17:24:25,306 ERROR yfinance: FICVW: Period 'max' is invalid, must be one of: 1d, 5d
2026-07-29 17:24:25,675 ERROR yfinance: $FIIIW: possibly delisted; no timezone found
2026-07-29 17:24:25,956 ERROR yfinance: $FINMW: possibly delisted; no timezone found
2026-07-29 17:24:28,151 ERROR yfinance: $FIXX: possibly delisted; no timezone found
2026-07-29 17:24:29,353 ERROR yfinance: $FL: possibly delisted; no timezone found
2026-07-29 17:24:29,716 ERROR yfinance: $FLACW: possibly delisted; no timezone found
2026-07-29 17:24:30,143 ERROR yfinance: $FLAG.WS: possibly delisted; no timezone found
2026-07-29 17:24:30,422 ERROR yfinance: $FLFVR: possibly delisted; no timezone found
2026-07-29 17:24:30,735 ERROR yfinance: $FLFVW: possibly delisted; no timezone found
2026-07-29 17:24:31,065 ERROR yfinance: $FLGC: possibly delisted; no timezone found
2026-07-29 17:24:31,370 ERROR yfinance: $FLJ: possibly delisted; no timezone found
2026-07-29 17:24:31,652 ERROR yfinance: $FLME.WS: possibly delisted; no timezone found
2026-07-29 17:24:31,961 ERROR yfinance: $FLMNW: possibly delisted; no timezone found
2026-07-29 17:24:33,350 ERROR yfinance: $FLYA.WS: possibly delisted; no timezone found
2026-07-29 17:24:33,670 ERROR yfinance: $FMAC.WS: possibly delisted; no timezone found
2026-07-29 17:24:34,065 ERROR yfinance: $FMIVW: possibly delisted; no timezone found
2026-07-29 17:24:34,637 ERROR yfinance: $FMTX: possibly delisted; no timezone found
2026-07-29 17:24:34,978 ERROR yfinance: $FNCH: possibly delisted; no timezone found
2026-07-29 17:24:36,893 ERROR yfinance: $FNHC: possibly delisted; no timezone found
2026-07-29 17:24:37,493 ERROR yfinance: $FNVTW: possibly delisted; no timezone found
2026-07-29 17:24:37,776 ERROR yfinance: $FOA.WS: possibly delisted; no timezone found
2026-07-29 17:24:38,056 ERROR yfinance: $FOLD: possibly delisted; no timezone found
2026-07-29 17:24:38,391 ERROR yfinance: $FORD: possibly delisted; no timezone found
2026-07-29 17:24:38,726 ERROR yfinance: $FORG: possibly delisted; no timezone found
2026-07-29 17:24:39,519 ERROR yfinance: $FOUNW: possibly delisted; no timezone found
2026-07-29 17:24:40,179 ERROR yfinance: $FOXO.WS: possibly delisted; no timezone found
2026-07-29 17:24:40,458 ERROR yfinance: $FOXWW: possibly delisted; no timezone found
2026-07-29 17:24:40,709 ERROR yfinance: $FPAC.WS: possibly delisted; no timezone found
2026-07-29 17:24:41,015 ERROR yfinance: $FPAY: possibly delisted; no timezone found
2026-07-29 17:24:41,317 ERROR yfinance: $FPRX: possibly delisted; no timezone found
2026-07-29 17:24:41,631 ERROR yfinance: $FRAN: possibly delisted; no timezone found
2026-07-29 17:24:41,919 ERROR yfinance: $FRBNW: possibly delisted; no timezone found
2026-07-29 17:24:42,125 ERROR yfinance: FREEW: Period 'max' is invalid, must be one of: 1d, 5d
2026-07-29 17:24:42,457 ERROR yfinance: $FREQ: possibly delisted; no timezone found
2026-07-29 17:24:42,821 ERROR yfinance: $FREY.WS: possibly delisted; no timezone found
2026-07-29 17:24:43,135 ERROR yfinance: $FRGE: possibly delisted; no timezone found
2026-07-29 17:24:43,398 ERROR yfinance: $FRGE.WS: possibly delisted; no timezone found
2026-07-29 17:24:44,010 ERROR yfinance: $FRLAW: possibly delisted; no timezone found
2026-07-29 17:24:44,291 ERROR yfinance: $FRONW: possibly delisted; no timezone found
2026-07-29 17:24:44,569 ERROR yfinance: $FRSGW: possibly delisted; no timezone found
2026-07-29 17:24:45,373 ERROR yfinance: $FRWAW: possibly delisted; no timezone found
2026-07-29 17:24:45,758 ERROR yfinance: $FRX.WS: possibly delisted; no timezone found
2026-07-29 17:24:46,057 ERROR yfinance: $FRXB.WS: possibly delisted; no timezone found
2026-07-29 17:24:46,417 ERROR yfinance: $FRZA: possibly delisted; no timezone found
2026-07-29 17:24:47,335 ERROR yfinance: $FSFG: possibly delisted; no timezone found
2026-07-29 17:24:48,644 ERROR yfinance: $FSNB.WS: possibly delisted; no timezone found
2026-07-29 17:24:48,982 ERROR yfinance: $FSR: possibly delisted; no timezone found
2026-07-29 17:24:49,336 ERROR yfinance: $FSR.WS: possibly delisted; no timezone found
2026-07-29 17:24:49,695 ERROR yfinance: $FSRD: possibly delisted; no timezone found
2026-07-29 17:24:50,064 ERROR yfinance: $FSRDW: possibly delisted; no timezone found
2026-07-29 17:24:50,380 ERROR yfinance: $FSRV: possibly delisted; no timezone found
2026-07-29 17:24:50,684 ERROR yfinance: $FSRVU: possibly delisted; no timezone found
2026-07-29 17:24:51,037 ERROR yfinance: $FSRVW: possibly delisted; no timezone found
2026-07-29 17:24:51,429 ERROR yfinance: $FSRXW: possibly delisted; no timezone found
2026-07-29 17:24:51,739 ERROR yfinance: $FSSIW: possibly delisted; no timezone found
2026-07-29 17:24:52,096 ERROR yfinance: $FST.WS: possibly delisted; no timezone found
2026-07-29 17:24:52,377 ERROR yfinance: $FSTX: possibly delisted; no timezone found
2026-07-29 17:24:52,713 ERROR yfinance: $FTAAW: possibly delisted; no timezone found
2026-07-29 17:24:53,009 ERROR yfinance: $FTCH: possibly delisted; no timezone found
2026-07-29 17:24:53,271 ERROR yfinance: $FTCV: possibly delisted; no timezone found
2026-07-29 17:24:53,563 ERROR yfinance: $FTCVU: possibly delisted; no timezone found
2026-07-29 17:24:54,105 ERROR yfinance: $FTCVW: possibly delisted; no timezone found
2026-07-29 17:24:54,996 ERROR yfinance: $FTEV.WS: possibly delisted; no timezone found
2026-07-29 17:24:55,922 ERROR yfinance: $FTFR: possibly delisted; no timezone found
2026-07-29 17:24:56,176 ERROR yfinance: FTIIW: Period 'max' is invalid, must be one of: 1d, 5d
2026-07-29 17:24:56,798 ERROR yfinance: $FTIVW: possibly delisted; no timezone found
2026-07-29 17:24:58,372 ERROR yfinance: $FTOCU: possibly delisted; no timezone found
2026-07-29 17:24:58,710 ERROR yfinance: $FTOCW: possibly delisted; no timezone found
2026-07-29 17:24:58,996 ERROR yfinance: $FTPAW: possibly delisted; no timezone found
2026-07-29 17:24:59,338 ERROR yfinance: $FTSI: possibly delisted; no timezone found
2026-07-29 17:24:59,589 ERROR yfinance: $FTVIW: possibly delisted; no timezone found
2026-07-29 17:25:00,821 ERROR yfinance: $FUV: possibly delisted; no timezone found
2026-07-29 17:25:01,155 ERROR yfinance: $FVIV.WS: possibly delisted; no timezone found
2026-07-29 17:25:01,854 ERROR yfinance: $FVT.WS: possibly delisted; no timezone found
2026-07-29 17:25:02,135 ERROR yfinance: $FWBI: possibly delisted; no timezone found
2026-07-29 17:25:02,438 ERROR yfinance: $FWP: possibly delisted; no timezone found
2026-07-29 17:25:02,802 ERROR yfinance: $FXCOR: possibly delisted; no timezone found
2026-07-29 17:25:03,167 ERROR yfinance: $FXCOW: possibly delisted; no timezone found
2026-07-29 17:25:04,220 ERROR yfinance: $FZT.WS: possibly delisted; no timezone found
2026-07-29 17:25:04,584 ERROR yfinance: $GACQW: possibly delisted; no timezone found
2026-07-29 17:25:05,245 ERROR yfinance: $GAMCW: possibly delisted; no timezone found
2026-07-29 17:25:05,546 ERROR yfinance: $GAPA.WS: possibly delisted; no timezone found
2026-07-29 17:25:05,892 ERROR yfinance: $GAQ.WS: possibly delisted; no timezone found
2026-07-29 17:25:06,173 ERROR yfinance: $GATEW: possibly delisted; no timezone found
2026-07-29 17:25:06,455 ERROR yfinance: $GATO: possibly delisted; no timezone found
2026-07-29 17:25:06,745 ERROR yfinance: $GB.WS: possibly delisted; no timezone found
2026-07-29 17:25:07,059 ERROR yfinance: $GBBKR: possibly delisted; no timezone found
2026-07-29 17:25:07,488 ERROR yfinance: $GBBKW: possibly delisted; no timezone found
2026-07-29 17:25:07,768 ERROR yfinance: $GBIO: possibly delisted; no timezone found
2026-07-29 17:25:08,053 ERROR yfinance: $GBOX: possibly delisted; no timezone found
2026-07-29 17:25:08,782 ERROR yfinance: $GBRGR: possibly delisted; no timezone found
2026-07-29 17:25:09,158 ERROR yfinance: $GBRGW: possibly delisted; no timezone found
2026-07-29 17:25:09,478 ERROR yfinance: $GBS: possibly delisted; no timezone found
2026-07-29 17:25:09,804 ERROR yfinance: $GBT: possibly delisted; no timezone found
2026-07-29 17:25:10,141 ERROR yfinance: $GBTG.WS: possibly delisted; no timezone found
2026-07-29 17:25:10,751 ERROR yfinance: $GCI: possibly delisted; no timezone found
2026-07-29 17:25:11,083 ERROR yfinance: $GCMGW: possibly delisted; no timezone found
2026-07-29 17:25:12,131 ERROR yfinance: $GDNRW: possibly delisted; no timezone found
2026-07-29 17:25:13,428 ERROR yfinance: $GDSTR: possibly delisted; no timezone found
2026-07-29 17:25:13,607 ERROR yfinance: GDSTW: Period 'max' is invalid, must be one of: 1d, 5d
2026-07-29 17:25:14,516 ERROR yfinance: $GDYNW: possibly delisted; no timezone found
2026-07-29 17:25:16,501 ERROR yfinance: $GEEXW: possibly delisted; no timezone found
2026-07-29 17:25:16,842 ERROR yfinance: $GEHI: possibly delisted; no timezone found
2026-07-29 17:25:18,096 ERROR yfinance: $GENI.WS: possibly delisted; no timezone found
2026-07-29 17:25:18,420 ERROR yfinance: $GENQW: possibly delisted; no timezone found
2026-07-29 17:25:19,815 ERROR yfinance: $GETVV: possibly delisted; no timezone found
2026-07-29 17:25:20,490 ERROR yfinance: $GETY.WS: possibly delisted; no timezone found
2026-07-29 17:25:22,354 ERROR yfinance: $GFED: possibly delisted; no timezone found
2026-07-29 17:25:22,610 ERROR yfinance: $GFGDR: possibly delisted; no timezone found
2026-07-29 17:25:22,945 ERROR yfinance: $GFGDW: possibly delisted; no timezone found
2026-07-29 17:25:23,244 ERROR yfinance: $GFN: possibly delisted; no timezone found
2026-07-29 17:25:23,604 ERROR yfinance: $GFOR.WS: possibly delisted; no timezone found
2026-07-29 17:25:24,011 ERROR yfinance: $GFX.WS: possibly delisted; no timezone found
2026-07-29 17:25:24,283 ERROR yfinance: $GGAAW: possibly delisted; no timezone found
2026-07-29 17:25:24,597 ERROR yfinance: $GGE: possibly delisted; no timezone found
2026-07-29 17:25:24,989 ERROR yfinance: $GGGVR: possibly delisted; no timezone found
2026-07-29 17:25:25,330 ERROR yfinance: $GGMCW: possibly delisted; no timezone found
2026-07-29 17:25:25,865 ERROR yfinance: $GGPIW: possibly delisted; no timezone found
2026-07-29 17:25:26,674 ERROR yfinance: $GGTR: possibly delisted; no timezone found
2026-07-29 17:25:26,964 ERROR yfinance: $GGTRW: possibly delisted; no timezone found
2026-07-29 17:25:27,314 ERROR yfinance: $GHACW: possibly delisted; no timezone found
2026-07-29 17:25:27,612 ERROR yfinance: $GHSI: possibly delisted; no timezone found
2026-07-29 17:25:27,922 ERROR yfinance: $GIA.WS: possibly delisted; no timezone found
2026-07-29 17:25:28,246 ERROR yfinance: $GIACW: possibly delisted; no timezone found
2026-07-29 17:25:30,480 ERROR yfinance: $GIIXW: possibly delisted; no timezone found
2026-07-29 17:25:30,827 ERROR yfinance: $GIK.WS: possibly delisted; no timezone found
2026-07-29 17:25:31,527 ERROR yfinance: $GIWWW: possibly delisted; no timezone found
2026-07-29 17:25:31,862 ERROR yfinance: $GIX.WS: possibly delisted; no timezone found
2026-07-29 17:25:32,229 ERROR yfinance: $GLAQW: possibly delisted; no timezone found
2026-07-29 17:25:32,561 ERROR yfinance: $GLBLW: possibly delisted; no timezone found
2026-07-29 17:25:34,230 ERROR yfinance: $GLEEW: possibly delisted; no timezone found
2026-07-29 17:25:34,515 ERROR yfinance: $GLEO.WS: possibly delisted; no timezone found
2026-07-29 17:25:34,847 ERROR yfinance: $GLG: possibly delisted; no timezone found
2026-07-29 17:25:35,210 ERROR yfinance: $GLHAW: possibly delisted; no timezone found
2026-07-29 17:25:35,524 ERROR yfinance: $GLLIR: possibly delisted; no timezone found
2026-07-29 17:25:35,858 ERROR yfinance: $GLLIW: possibly delisted; no timezone found
2026-07-29 17:25:36,604 ERROR yfinance: $GLOP: possibly delisted; no timezone found
2026-07-29 17:25:36,911 ERROR yfinance: $GLOR: possibly delisted; no timezone found
2026-07-29 17:25:37,272 ERROR yfinance: $GLORW: possibly delisted; no timezone found
2026-07-29 17:25:37,575 ERROR yfinance: $GLQR: possibly delisted; no timezone found
2026-07-29 17:25:37,912 ERROR yfinance: $GLQRW: possibly delisted; no timezone found
2026-07-29 17:25:38,269 ERROR yfinance: $GLS: possibly delisted; no timezone found
2026-07-29 17:25:38,716 ERROR yfinance: $GLS.WS: possibly delisted; no timezone found
2026-07-29 17:25:39,292 ERROR yfinance: $GLSPT: possibly delisted; no timezone found
2026-07-29 17:25:39,942 ERROR yfinance: $GLSPW: possibly delisted; no timezone found
2026-07-29 17:25:40,247 ERROR yfinance: $GLSTR: possibly delisted; no timezone found
2026-07-29 17:25:40,558 ERROR yfinance: $GLTA.WS: possibly delisted; no timezone found
2026-07-29 17:25:41,051 ERROR yfinance: $GLTO: possibly delisted; no timezone found
2026-07-29 17:25:41,522 ERROR yfinance: $GLUU: possibly delisted; no timezone found
2026-07-29 17:25:41,855 ERROR yfinance: $GLUR: possibly delisted; no timezone found
2026-07-29 17:25:42,378 ERROR yfinance: $GLVR: possibly delisted; no timezone found
2026-07-29 17:25:42,684 ERROR yfinance: $GLVRW: possibly delisted; no timezone found
2026-07-29 17:25:43,730 ERROR yfinance: $GMBLW: possibly delisted; no timezone found
2026-07-29 17:25:43,973 ERROR yfinance: GMBLZ: Period 'max' is invalid, must be one of: 1d, 5d
2026-07-29 17:25:44,273 ERROR yfinance: $GMDA: possibly delisted; no timezone found
2026-07-29 17:25:45,402 ERROR yfinance: $GMFIW: possibly delisted; no timezone found
2026-07-29 17:25:45,735 ERROR yfinance: $GMTX: possibly delisted; no timezone found
2026-07-29 17:25:46,271 ERROR yfinance: $GMVD: possibly delisted; no timezone found
2026-07-29 17:25:46,641 ERROR yfinance: $GMVDW: possibly delisted; no timezone found
2026-07-29 17:25:46,960 ERROR yfinance: $GNACW: possibly delisted; no timezone found
2026-07-29 17:25:47,268 ERROR yfinance: $GNCA: possibly delisted; no timezone found
2026-07-29 17:25:47,587 ERROR yfinance: $GNFT: possibly delisted; no timezone found
2026-07-29 17:25:48,386 ERROR yfinance: $GNOG: possibly delisted; no timezone found
2026-07-29 17:25:48,692 ERROR yfinance: $GNOGW: possibly delisted; no timezone found
2026-07-29 17:25:49,048 ERROR yfinance: $GNPK.WS: possibly delisted; no timezone found
2026-07-29 17:25:50,601 ERROR yfinance: $GNUS: possibly delisted; no timezone found
2026-07-29 17:25:51,407 ERROR yfinance: $GOAC.WS: possibly delisted; no timezone found
2026-07-29 17:25:52,017 ERROR yfinance: $GOED: possibly delisted; no timezone found
2026-07-29 17:25:52,375 ERROR yfinance: $GOED.WS: possibly delisted; no timezone found
2026-07-29 17:25:52,928 ERROR yfinance: $GOEV: possibly delisted; no timezone found
2026-07-29 17:25:53,254 ERROR yfinance: $GOEVW: possibly delisted; no timezone found
2026-07-29 17:25:53,821 ERROR yfinance: $GOGN.WS: possibly delisted; no timezone found
2026-07-29 17:25:56,748 ERROR yfinance: GOVXW: Period 'max' is invalid, must be one of: 1d, 5d
2026-07-29 17:25:57,228 ERROR yfinance: GPACW: Period 'max' is invalid, must be one of: 1d, 5d
2026-07-29 17:25:57,593 ERROR yfinance: $GPCOR: possibly delisted; no timezone found
2026-07-29 17:25:57,888 ERROR yfinance: $GPCOW: possibly delisted; no timezone found
2026-07-29 17:25:58,183 ERROR yfinance: $GPL: possibly delisted; no timezone found
2026-07-29 17:25:59,358 ERROR yfinance: $GRAY: possibly delisted; no timezone found
2026-07-29 17:25:59,653 ERROR yfinance: $GRCL: possibly delisted; no timezone found
2026-07-29 17:25:59,962 ERROR yfinance: $GRCYW: possibly delisted; no timezone found
2026-07-29 17:26:00,854 ERROR yfinance: $GRFX: possibly delisted; no timezone found
2026-07-29 17:26:01,192 ERROR yfinance: $GRIL: possibly delisted; no timezone found
2026-07-29 17:26:01,818 ERROR yfinance: $GRNA: possibly delisted; no timezone found
2026-07-29 17:26:02,093 ERROR yfinance: $GRNAW: possibly delisted; no timezone found
2026-07-29 17:26:02,885 ERROR yfinance: $GRND.WS: possibly delisted; no timezone found
2026-07-29 17:26:03,531 ERROR yfinance: $GRNV: possibly delisted; no timezone found
2026-07-29 17:26:03,893 ERROR yfinance: $GRNVR: possibly delisted; no timezone found
2026-07-29 17:26:04,250 ERROR yfinance: $GRNVU: possibly delisted; no timezone found
2026-07-29 17:26:04,532 ERROR yfinance: $GRNVW: possibly delisted; no timezone found
2026-07-29 17:26:05,298 ERROR yfinance: $GROMW: possibly delisted; no timezone found
2026-07-29 17:26:05,892 ERROR yfinance: $GROV.WS: possibly delisted; no timezone found
2026-07-29 17:26:06,534 ERROR yfinance: $GROY.WS: possibly delisted; no timezone found
2026-07-29 17:26:07,377 ERROR yfinance: $GRTS: possibly delisted; no timezone found
2026-07-29 17:26:07,990 ERROR yfinance: $GRUB: possibly delisted; no timezone found
2026-07-29 17:26:08,269 ERROR yfinance: $GRVI: possibly delisted; no timezone found
2026-07-29 17:26:09,321 ERROR yfinance: $GSAQW: possibly delisted; no timezone found
2026-07-29 17:26:10,116 ERROR yfinance: $GSDWW: possibly delisted; no timezone found
2026-07-29 17:26:10,440 ERROR yfinance: $GSEVW: possibly delisted; no timezone found
2026-07-29 17:26:10,939 ERROR yfinance: $GSKY: possibly delisted; no timezone found
2026-07-29 17:26:11,709 ERROR yfinance: $GSMG: possibly delisted; no timezone found
2026-07-29 17:26:11,963 ERROR yfinance: GSMGW: Period 'max' is invalid, must be one of: 1d, 5d
2026-07-29 17:26:12,294 ERROR yfinance: $GSQB.WS: possibly delisted; no timezone found
2026-07-29 17:26:12,604 ERROR yfinance: $GSQD.WS: possibly delisted; no timezone found
2026-07-29 17:26:12,939 ERROR yfinance: $GSRMR: possibly delisted; no timezone found
2026-07-29 17:26:13,304 ERROR yfinance: $GSRMW: possibly delisted; no timezone found
2026-07-29 17:26:15,207 ERROR yfinance: $GTACW: possibly delisted; no timezone found
2026-07-29 17:26:16,826 ERROR yfinance: $GTN.A: possibly delisted; no timezone found
2026-07-29 17:26:17,103 ERROR yfinance: $GTPAW: possibly delisted; no timezone found
2026-07-29 17:26:17,433 ERROR yfinance: $GTPBW: possibly delisted; no timezone found
2026-07-29 17:26:17,713 ERROR yfinance: $GTS: possibly delisted; no timezone found
2026-07-29 17:26:18,072 ERROR yfinance: $GTT: possibly delisted; no timezone found
2026-07-29 17:26:18,413 ERROR yfinance: $GTYH: possibly delisted; no timezone found
2026-07-29 17:26:18,761 ERROR yfinance: $GUTR: possibly delisted; no timezone found
2026-07-29 17:26:19,679 ERROR yfinance: $GVCIW: possibly delisted; no timezone found
2026-07-29 17:26:19,974 ERROR yfinance: $GWACW: possibly delisted; no timezone found
2026-07-29 17:26:20,672 ERROR yfinance: $GWGH: possibly delisted; no timezone found
2026-07-29 17:26:21,431 ERROR yfinance: $GWH.WS: possibly delisted; no timezone found
2026-07-29 17:26:21,803 ERROR yfinance: $GWIIW: possibly delisted; no timezone found
2026-07-29 17:26:22,118 ERROR yfinance: $GWPH: possibly delisted; no timezone found
2026-07-29 17:26:22,386 ERROR yfinance: $GXGXU: possibly delisted; no timezone found
2026-07-29 17:26:22,705 ERROR yfinance: $GXGXW: possibly delisted; no timezone found
2026-07-29 17:26:22,982 ERROR yfinance: $GXIIW: possibly delisted; no timezone found
2026-07-29 17:26:23,294 ERROR yfinance: $HA: possibly delisted; no timezone found
2026-07-29 17:26:23,543 ERROR yfinance: $HAACW: possibly delisted; no timezone found
2026-07-29 17:26:24,597 ERROR yfinance: $HAIAW: possibly delisted; no timezone found
2026-07-29 17:26:25,212 ERROR yfinance: $HAPP: possibly delisted; no timezone found
2026-07-29 17:26:25,459 ERROR yfinance: $HARP: possibly delisted; no timezone found
2026-07-29 17:26:26,217 ERROR yfinance: $HBP: possibly delisted; no timezone found
2026-07-29 17:26:27,152 ERROR yfinance: $HCACW: possibly delisted; no timezone found
2026-07-29 17:26:27,463 ERROR yfinance: $HCARW: possibly delisted; no timezone found
2026-07-29 17:26:28,148 ERROR yfinance: $HCCCW: possibly delisted; no timezone found
2026-07-29 17:26:28,481 ERROR yfinance: $HCCHU: possibly delisted; no timezone found
2026-07-29 17:26:28,862 ERROR yfinance: $HCDIP: possibly delisted; no timezone found
2026-07-29 17:26:29,198 ERROR yfinance: $HCDIW: possibly delisted; no timezone found
2026-07-29 17:26:29,504 ERROR yfinance: $HCDIZ: possibly delisted; no timezone found
2026-07-29 17:26:29,810 ERROR yfinance: $HCICW: possibly delisted; no timezone found
2026-07-29 17:26:30,068 ERROR yfinance: $HCIIW: possibly delisted; no timezone found
2026-07-29 17:26:30,653 ERROR yfinance: $HCNEW: possibly delisted; no timezone found
2026-07-29 17:26:31,676 ERROR yfinance: $HCVIW: possibly delisted; no timezone found
2026-07-29 17:26:33,335 ERROR yfinance: $HEAR: possibly delisted; no timezone found
2026-07-29 17:26:34,417 ERROR yfinance: $HERAW: possibly delisted; no timezone found
2026-07-29 17:26:35,153 ERROR yfinance: $HEXO: possibly delisted; no timezone found
2026-07-29 17:26:36,273 ERROR yfinance: $HGEN: possibly delisted; no timezone found
2026-07-29 17:26:36,585 ERROR yfinance: $HGSH: possibly delisted; no timezone found
2026-07-29 17:26:36,923 ERROR yfinance: $HHGCR: possibly delisted; no timezone found
2026-07-29 17:26:37,635 ERROR yfinance: $HHGCW: possibly delisted; no timezone found
2026-07-29 17:26:37,914 ERROR yfinance: $HHLA.WS: possibly delisted; no timezone found
2026-07-29 17:26:38,226 ERROR yfinance: $HHR: possibly delisted; no timezone found
2026-07-29 17:26:39,184 ERROR yfinance: $HIGA.WS: possibly delisted; no timezone found
2026-07-29 17:26:39,525 ERROR yfinance: $HIIIW: possibly delisted; no timezone found
2026-07-29 17:26:39,807 ERROR yfinance: $HIL: possibly delisted; no timezone found
2026-07-29 17:26:40,112 ERROR yfinance: $HILS: possibly delisted; no timezone found
2026-07-29 17:26:40,428 ERROR yfinance: $HIMS.WS: possibly delisted; no timezone found
2026-07-29 17:26:41,094 ERROR yfinance: $HIPO.WS: possibly delisted; no timezone found
2026-07-29 17:26:41,822 ERROR yfinance: $HIXR: possibly delisted; no timezone found
2026-07-29 17:26:42,104 ERROR yfinance: $HJLI: possibly delisted; no timezone found
2026-07-29 17:26:42,444 ERROR yfinance: $HJLIW: possibly delisted; no timezone found
2026-07-29 17:26:43,317 ERROR yfinance: $HLAHW: possibly delisted; no timezone found
2026-07-29 17:26:43,644 ERROR yfinance: $HLBZ: possibly delisted; no timezone found
2026-07-29 17:26:44,011 ERROR yfinance: $HLBZW: possibly delisted; no timezone found
2026-07-29 17:26:44,375 ERROR yfinance: $HLGN: possibly delisted; no timezone found
2026-07-29 17:26:44,661 ERROR yfinance: $HLGN.WS: possibly delisted; no timezone found
2026-07-29 17:26:45,256 ERROR yfinance: $HLLY.WS: possibly delisted; no timezone found
2026-07-29 17:26:45,586 ERROR yfinance: $HMA.WS: possibly delisted; no timezone found
2026-07-29 17:26:45,908 ERROR yfinance: $HMACR: possibly delisted; no timezone found
2026-07-29 17:26:46,540 ERROR yfinance: $HMACW: possibly delisted; no timezone found
2026-07-29 17:26:46,893 ERROR yfinance: $HMCOW: possibly delisted; no timezone found
2026-07-29 17:26:47,249 ERROR yfinance: $HMLP: possibly delisted; no timezone found
2026-07-29 17:26:47,569 ERROR yfinance: $HMTV: possibly delisted; no timezone found
2026-07-29 17:26:47,922 ERROR yfinance: $HNRA.WS: possibly delisted; no timezone found
2026-07-29 17:26:48,620 ERROR yfinance: $HOFV: possibly delisted; no timezone found
2026-07-29 17:26:48,847 ERROR yfinance: HOFVW: Period 'max' is invalid, must be one of: 1d, 5d
2026-07-29 17:26:49,150 ERROR yfinance: $HOL: possibly delisted; no timezone found
2026-07-29 17:26:49,465 ERROR yfinance: $HOLI: possibly delisted; no timezone found
2026-07-29 17:26:50,036 ERROR yfinance: $HOLUU: possibly delisted; no timezone found
2026-07-29 17:26:50,416 ERROR yfinance: $HOLUW: possibly delisted; no timezone found
2026-07-29 17:26:51,409 ERROR yfinance: $HORIW: possibly delisted; no timezone found
2026-07-29 17:26:53,542 ERROR yfinance: $HPKEW: possibly delisted; no timezone found
2026-07-29 17:26:53,905 ERROR yfinance: $HPLTW: possibly delisted; no timezone found
2026-07-29 17:26:54,246 ERROR yfinance: $HPR: possibly delisted; no timezone found
2026-07-29 17:26:54,606 ERROR yfinance: $HPX.WS: possibly delisted; no timezone found
2026-07-29 17:26:54,857 ERROR yfinance: $HRT: possibly delisted; no timezone found
2026-07-29 17:26:55,785 ERROR yfinance: $HSC: possibly delisted; no timezone found
2026-07-29 17:26:57,392 ERROR yfinance: $HSTO: possibly delisted; no timezone found
2026-07-29 17:26:57,742 ERROR yfinance: $HT: possibly delisted; no timezone found
2026-07-29 17:26:58,030 ERROR yfinance: $HTAQ.WS: possibly delisted; no timezone found
2026-07-29 17:26:58,288 ERROR yfinance: $HTBX: possibly delisted; no timezone found
2026-07-29 17:26:58,969 ERROR yfinance: $HTGM: possibly delisted; no timezone found
2026-07-29 17:27:00,041 ERROR yfinance: $HTPA.WS: possibly delisted; no timezone found
2026-07-29 17:27:01,052 ERROR yfinance: $HUGE: possibly delisted; no timezone found
2026-07-29 17:27:01,361 ERROR yfinance: $HUGS.WS: possibly delisted; no timezone found
2026-07-29 17:27:02,311 ERROR yfinance: $HUSA: possibly delisted; no timezone found
2026-07-29 17:27:02,699 ERROR yfinance: $HUSN: possibly delisted; no timezone found
2026-07-29 17:27:03,333 ERROR yfinance: $HWCC: possibly delisted; no timezone found
2026-07-29 17:27:03,645 ERROR yfinance: $HWELW: possibly delisted; no timezone found
2026-07-29 17:27:04,622 ERROR yfinance: $HWKZ.WS: possibly delisted; no timezone found
2026-07-29 17:27:04,972 ERROR yfinance: $HX: possibly delisted; no timezone found
2026-07-29 17:27:05,303 ERROR yfinance: $HYACW: possibly delisted; no timezone found
2026-07-29 17:27:05,621 ERROR yfinance: $HYLN.WS: possibly delisted; no timezone found
2026-07-29 17:27:06,510 ERROR yfinance: HYMCW: Period 'max' is invalid, must be one of: 1d, 5d
2026-07-29 17:27:06,828 ERROR yfinance: $HYMCZ: possibly delisted; no timezone found
2026-07-29 17:27:07,154 ERROR yfinance: $HYRE: possibly delisted; no timezone found
2026-07-29 17:27:08,192 ERROR yfinance: $HYTRW: possibly delisted; no timezone found
2026-07-29 17:27:08,543 ERROR yfinance: $HYZN: possibly delisted; no timezone found
2026-07-29 17:27:08,791 ERROR yfinance: HYZNW: Period 'max' is invalid, must be one of: 1d, 5d
2026-07-29 17:27:09,143 ERROR yfinance: $HZN: possibly delisted; no timezone found
2026-07-29 17:27:09,514 ERROR yfinance: $HZON.WS: possibly delisted; no timezone found
2026-07-29 17:27:10,111 ERROR yfinance: $IACA.WS: possibly delisted; no timezone found
2026-07-29 17:27:10,822 ERROR yfinance: $IBER.WS: possibly delisted; no timezone found
2026-07-29 17:27:11,242 INFO corporate_actions: [1800/4064] 2.7 sym/s — 863 splits, 7291 dividends so far
2026-07-29 17:27:11,632 ERROR yfinance: $ICBK: possibly delisted; no timezone found
2026-07-29 17:27:11,991 ERROR yfinance: $ICD: possibly delisted; no timezone found
2026-07-29 17:27:13,069 ERROR yfinance: $ICLK: possibly delisted; no timezone found
2026-07-29 17:27:13,385 ERROR yfinance: $ICNC.WS: possibly delisted; no timezone found
2026-07-29 17:27:14,697 ERROR yfinance: $ICVX: possibly delisted; no timezone found
2026-07-29 17:27:14,950 ERROR yfinance: $ID: possibly delisted; no timezone found
2026-07-29 17:27:15,893 ERROR yfinance: $IDEX: possibly delisted; no timezone found
2026-07-29 17:27:16,238 ERROR yfinance: $IDRA: possibly delisted; no timezone found
2026-07-29 17:27:17,581 ERROR yfinance: $IEAWW: possibly delisted; no timezone found
2026-07-29 17:27:17,957 ERROR yfinance: $IEC: possibly delisted; no timezone found
2026-07-29 17:27:18,595 ERROR yfinance: $IFIN.WS: possibly delisted; no timezone found
2026-07-29 17:27:19,506 ERROR yfinance: $IGACW: possibly delisted; no timezone found
2026-07-29 17:27:20,220 ERROR yfinance: $IGMS: possibly delisted; no timezone found
2026-07-29 17:27:20,514 ERROR yfinance: $IGNYW: possibly delisted; no timezone found
2026-07-29 17:27:20,754 ERROR yfinance: IGTAR: Period 'max' is invalid, must be one of: 1d, 5d
2026-07-29 17:27:21,000 ERROR yfinance: IGTAW: Period 'max' is invalid, must be one of: 1d, 5d
2026-07-29 17:27:23,196 ERROR yfinance: $IIAC.WS: possibly delisted; no timezone found
2026-07-29 17:27:23,473 ERROR yfinance: $IIIIW: possibly delisted; no timezone found
2026-07-29 17:27:23,857 ERROR yfinance: $IIN: possibly delisted; no timezone found
2026-07-29 17:27:24,144 ERROR yfinance: $IINN: possibly delisted; no timezone found
2026-07-29 17:27:27,553 ERROR yfinance: $IKNX: possibly delisted; no timezone found
2026-07-29 17:27:30,374 ERROR yfinance: $IMAB: possibly delisted; no timezone found
2026-07-29 17:27:30,748 ERROR yfinance: $IMAC: possibly delisted; no timezone found
2026-07-29 17:27:31,022 ERROR yfinance: $IMACW: possibly delisted; no timezone found
2026-07-29 17:27:31,281 ERROR yfinance: IMAQR: Period 'max' is invalid, must be one of: 1d, 5d
2026-07-29 17:27:31,590 ERROR yfinance: IMAQW: Period 'max' is invalid, must be one of: 1d, 5d
2026-07-29 17:27:31,891 ERROR yfinance: $IMBI: possibly delisted; no timezone found
2026-07-29 17:27:35,088 ERROR yfinance: $IMGO: possibly delisted; no timezone found
2026-07-29 17:27:37,083 ERROR yfinance: $IMPL: possibly delisted; no timezone found
2026-07-29 17:27:37,846 ERROR yfinance: $IMPX.WS: possibly delisted; no timezone found
2026-07-29 17:27:38,994 ERROR yfinance: $IMRNW: possibly delisted; no timezone found
2026-07-29 17:27:39,522 ERROR yfinance: IMTXW: Period 'max' is invalid, must be one of: 1d, 5d
2026-07-29 17:27:40,111 ERROR yfinance: $IMV: possibly delisted; no timezone found
2026-07-29 17:27:41,025 ERROR yfinance: $INAQ: possibly delisted; no timezone found
2026-07-29 17:27:41,584 ERROR yfinance: $INAQ.WS: possibly delisted; no timezone found
2026-07-29 17:27:41,956 ERROR yfinance: $INAQW: possibly delisted; no timezone found
2026-07-29 17:27:42,582 ERROR yfinance: $INDIW: possibly delisted; no timezone found
2026-07-29 17:27:43,654 ERROR yfinance: $INFA: possibly delisted; no timezone found
2026-07-29 17:27:43,964 ERROR yfinance: $INFI: possibly delisted; no timezone found
2026-07-29 17:27:45,104 ERROR yfinance: $INKAW: possibly delisted; no timezone found
2026-07-29 17:27:48,954 ERROR yfinance: $INPX: possibly delisted; no timezone found
2026-07-29 17:27:49,664 ERROR yfinance: INTEW: Period 'max' is invalid, must be one of: 1d, 5d
2026-07-29 17:27:51,595 ERROR yfinance: $INVO: possibly delisted; no timezone found
2026-07-29 17:27:52,460 ERROR yfinance: $INZY: possibly delisted; no timezone found
2026-07-29 17:27:52,764 ERROR yfinance: $IO: possibly delisted; no timezone found
2026-07-29 17:27:53,046 ERROR yfinance: $IOACW: possibly delisted; no timezone found
2026-07-29 17:27:53,990 ERROR yfinance: $IOBT: possibly delisted; no timezone found
2026-07-29 17:27:55,062 ERROR yfinance: $IONQ.WS: possibly delisted; no timezone found
2026-07-29 17:27:56,402 ERROR yfinance: $IPA: possibly delisted; no timezone found
2026-07-29 17:27:56,766 ERROR yfinance: $IPAXW: possibly delisted; no timezone found
2026-07-29 17:27:58,256 ERROR yfinance: $IPOC.WS: possibly delisted; no timezone found
2026-07-29 17:27:58,593 ERROR yfinance: $IPOD.WS: possibly delisted; no timezone found
2026-07-29 17:27:58,913 ERROR yfinance: $IPOE: possibly delisted; no timezone found
2026-07-29 17:27:59,255 ERROR yfinance: $IPOE.U: possibly delisted; no timezone found
2026-07-29 17:27:59,542 ERROR yfinance: $IPOE.WS: possibly delisted; no timezone found
2026-07-29 17:27:59,890 ERROR yfinance: $IPOF.WS: possibly delisted; no timezone found
2026-07-29 17:28:00,265 ERROR yfinance: $IPV.WS: possibly delisted; no timezone found
2026-07-29 17:28:00,645 ERROR yfinance: $IPVA.WS: possibly delisted; no timezone found
2026-07-29 17:28:01,004 ERROR yfinance: $IPVF.WS: possibly delisted; no timezone found
2026-07-29 17:28:01,364 ERROR yfinance: $IPVIW: possibly delisted; no timezone found
2026-07-29 17:28:02,574 ERROR yfinance: $IQMDW: possibly delisted; no timezone found
2026-07-29 17:28:02,920 ERROR yfinance: $IRAAW: possibly delisted; no timezone found
2026-07-29 17:28:03,232 ERROR yfinance: $IRCP: possibly delisted; no timezone found
2026-07-29 17:28:04,363 ERROR yfinance: $IRNT: possibly delisted; no timezone found
2026-07-29 17:28:04,686 ERROR yfinance: $IRNT.WS: possibly delisted; no timezone found
2026-07-29 17:28:04,990 ERROR yfinance: $IRRX.WS: possibly delisted; no timezone found
2026-07-29 17:28:05,391 ERROR yfinance: $IRS.WS: possibly delisted; no timezone found
2026-07-29 17:28:06,075 ERROR yfinance: $IS: possibly delisted; no timezone found
2026-07-29 17:28:08,449 ERROR yfinance: $ISEE: possibly delisted; no timezone found
2026-07-29 17:28:08,729 ERROR yfinance: $ISIG: possibly delisted; no timezone found
2026-07-29 17:28:09,030 ERROR yfinance: $ISLEW: possibly delisted; no timezone found
2026-07-29 17:28:09,316 ERROR yfinance: $ISNS: possibly delisted; no timezone found
2026-07-29 17:28:09,564 ERROR yfinance: $ISO: possibly delisted; no timezone found
2026-07-29 17:28:09,880 ERROR yfinance: $ISOS.WS: possibly delisted; no timezone found
2026-07-29 17:28:10,472 ERROR yfinance: $ISPO: possibly delisted; no timezone found
2026-07-29 17:28:10,760 ERROR yfinance: $ISPOW: possibly delisted; no timezone found
2026-07-29 17:28:11,122 ERROR yfinance: $ISR: possibly delisted; no timezone found
2026-07-29 17:28:12,713 ERROR yfinance: $ITACW: possibly delisted; no timezone found
2026-07-29 17:28:13,021 ERROR yfinance: $ITAQW: possibly delisted; no timezone found
2026-07-29 17:28:13,330 ERROR yfinance: $ITCBR: possibly delisted; no timezone found
2026-07-29 17:28:13,656 ERROR yfinance: $ITHX: possibly delisted; no timezone found
2026-07-29 17:28:14,006 ERROR yfinance: $ITHXU: possibly delisted; no timezone found
2026-07-29 17:28:14,271 ERROR yfinance: $ITHXW: possibly delisted; no timezone found
2026-07-29 17:28:14,544 ERROR yfinance: $ITMR: possibly delisted; no timezone found
2026-07-29 17:28:14,855 ERROR yfinance: $ITOS: possibly delisted; no timezone found
2026-07-29 17:28:15,479 ERROR yfinance: $ITQRW: possibly delisted; no timezone found
2026-07-29 17:28:16,502 ERROR yfinance: $ITRM: possibly delisted; no timezone found
2026-07-29 17:28:17,251 ERROR yfinance: $IVAN.WS: possibly delisted; no timezone found
2026-07-29 17:28:17,590 ERROR yfinance: $IVC: possibly delisted; no timezone found
2026-07-29 17:28:17,905 ERROR yfinance: $IVCAW: possibly delisted; no timezone found
2026-07-29 17:28:18,166 ERROR yfinance: $IVCBW: possibly delisted; no timezone found
2026-07-29 17:28:18,439 ERROR yfinance: $IVCPW: possibly delisted; no timezone found
2026-07-29 17:28:21,108 ERROR yfinance: $IXAQW: possibly delisted; no timezone found
2026-07-29 17:28:26,892 ERROR yfinance: $JAQCW: possibly delisted; no timezone found
2026-07-29 17:28:27,293 ERROR yfinance: $JATT.WS: possibly delisted; no timezone found
2026-07-29 17:28:27,569 ERROR yfinance: $JCICW: possibly delisted; no timezone found
2026-07-29 17:28:27,913 ERROR yfinance: $JCS: possibly delisted; no timezone found
2026-07-29 17:28:29,275 ERROR yfinance: $JE: possibly delisted; no timezone found
2026-07-29 17:28:29,779 ERROR yfinance: $JFBR: possibly delisted; no timezone found
2026-07-29 17:28:30,086 ERROR yfinance: $JFBRW: possibly delisted; no timezone found
2026-07-29 17:28:31,411 ERROR yfinance: $JGGCR: possibly delisted; no timezone found
2026-07-29 17:28:31,719 ERROR yfinance: $JGGCW: possibly delisted; no timezone found
2026-07-29 17:28:33,878 ERROR yfinance: $JMACW: possibly delisted; no timezone found
2026-07-29 17:28:34,193 ERROR yfinance: $JMP: possibly delisted; no timezone found
2026-07-29 17:28:34,515 ERROR yfinance: $JNCE: possibly delisted; no timezone found
2026-07-29 17:28:35,421 ERROR yfinance: $JOBY.WS: possibly delisted; no timezone found
2026-07-29 17:28:35,893 ERROR yfinance: $JOFFW: possibly delisted; no timezone found
2026-07-29 17:28:36,254 ERROR yfinance: $JP: possibly delisted; no timezone found
2026-07-29 17:28:36,509 ERROR yfinance: $JRJC: possibly delisted; no timezone found
2026-07-29 17:28:37,930 ERROR yfinance: $JT: possibly delisted; no timezone found
2026-07-29 17:28:38,248 ERROR yfinance: $JUGGW: possibly delisted; no timezone found
2026-07-29 17:28:38,531 ERROR yfinance: $JUN.WS: possibly delisted; no timezone found
2026-07-29 17:28:38,865 ERROR yfinance: $JUPW: possibly delisted; no timezone found
2026-07-29 17:28:39,145 ERROR yfinance: $JUPWW: possibly delisted; no timezone found
2026-07-29 17:28:39,479 ERROR yfinance: $JWACR: possibly delisted; no timezone found
2026-07-29 17:28:40,190 ERROR yfinance: $JWN: possibly delisted; no timezone found
2026-07-29 17:28:40,567 ERROR yfinance: $JWS.WS: possibly delisted; no timezone found
2026-07-29 17:28:40,920 ERROR yfinance: $JWSM.WS: possibly delisted; no timezone found
2026-07-29 17:28:42,275 ERROR yfinance: $KACLR: possibly delisted; no timezone found
2026-07-29 17:28:42,637 ERROR yfinance: $KACLW: possibly delisted; no timezone found
2026-07-29 17:28:42,978 ERROR yfinance: $KAHC.WS: possibly delisted; no timezone found
2026-07-29 17:28:43,359 ERROR yfinance: $KAIIW: possibly delisted; no timezone found
2026-07-29 17:28:43,735 ERROR yfinance: $KAIRW: possibly delisted; no timezone found
2026-07-29 17:28:44,018 ERROR yfinance: $KAL: possibly delisted; no timezone found
2026-07-29 17:28:44,947 ERROR yfinance: $KALWW: possibly delisted; no timezone found
2026-07-29 17:28:45,244 ERROR yfinance: $KAMN: possibly delisted; no timezone found
2026-07-29 17:28:45,523 ERROR yfinance: $KAR: possibly delisted; no timezone found
2026-07-29 17:28:46,167 ERROR yfinance: $KBLM: possibly delisted; no timezone found
2026-07-29 17:28:46,423 ERROR yfinance: $KBLMR: possibly delisted; no timezone found
2026-07-29 17:28:46,771 ERROR yfinance: $KBLMU: possibly delisted; no timezone found
2026-07-29 17:28:47,486 ERROR yfinance: $KBNTW: possibly delisted; no timezone found
2026-07-29 17:28:47,854 ERROR yfinance: $KBSF: possibly delisted; no timezone found
2026-07-29 17:28:48,548 ERROR yfinance: $KCAC: possibly delisted; no timezone found
2026-07-29 17:28:49,129 ERROR yfinance: $KCAC.U: possibly delisted; no timezone found
2026-07-29 17:28:49,461 ERROR yfinance: $KCAC.WS: possibly delisted; no timezone found
2026-07-29 17:28:49,773 ERROR yfinance: $KCGI.WS: possibly delisted; no timezone found
2026-07-29 17:28:50,142 ERROR yfinance: $KDMN: possibly delisted; no timezone found
2026-07-29 17:28:51,037 ERROR yfinance: $KERN: possibly delisted; no timezone found
2026-07-29 17:28:51,404 ERROR yfinance: $KERNW: possibly delisted; no timezone found
2026-07-29 17:28:51,936 ERROR yfinance: $KIIIW: possibly delisted; no timezone found
2026-07-29 17:28:52,229 ERROR yfinance: $KIN: possibly delisted; no timezone found
2026-07-29 17:28:53,171 ERROR yfinance: $KINZW: possibly delisted; no timezone found
2026-07-29 17:28:53,505 ERROR yfinance: $KIQ: possibly delisted; no timezone found
2026-07-29 17:28:54,422 ERROR yfinance: $KLAQW: possibly delisted; no timezone found
2026-07-29 17:28:55,077 ERROR yfinance: $KLR: possibly delisted; no timezone found
2026-07-29 17:28:55,383 ERROR yfinance: $KLR.WS: possibly delisted; no timezone found
2026-07-29 17:28:56,315 ERROR yfinance: $KMPH: possibly delisted; no timezone found
2026-07-29 17:28:57,110 ERROR yfinance: $KNL: possibly delisted; no timezone found
2026-07-29 17:28:57,427 ERROR yfinance: $KNSW.WS: possibly delisted; no timezone found
2026-07-29 17:28:57,765 ERROR yfinance: $KNTE: possibly delisted; no timezone found
2026-07-29 17:29:00,977 ERROR yfinance: $KORE.WS: possibly delisted; no timezone found
2026-07-29 17:29:03,807 ERROR yfinance: $KRBP: possibly delisted; no timezone found
2026-07-29 17:29:04,855 ERROR yfinance: $KRNLW: possibly delisted; no timezone found
2026-07-29 17:29:05,476 ERROR yfinance: $KRTX: possibly delisted; no timezone found
2026-07-29 17:29:06,864 ERROR yfinance: $KSICW: possibly delisted; no timezone found
2026-07-29 17:29:07,166 ERROR yfinance: $KSMTW: possibly delisted; no timezone found
2026-07-29 17:29:07,495 ERROR yfinance: $KSPN: possibly delisted; no timezone found
2026-07-29 17:29:08,419 ERROR yfinance: $KTOVW: possibly delisted; no timezone found
2026-07-29 17:29:08,726 ERROR yfinance: $KTRA: possibly delisted; no timezone found
2026-07-29 17:29:09,729 ERROR yfinance: $KUKE: possibly delisted; no timezone found
2026-07-29 17:29:10,051 ERROR yfinance: $KURIW: possibly delisted; no timezone found
2026-07-29 17:29:10,306 ERROR yfinance: $KWAC.WS: possibly delisted; no timezone found
2026-07-29 17:29:11,311 ERROR yfinance: $KYCHR: possibly delisted; no timezone found
2026-07-29 17:29:11,671 ERROR yfinance: $KYCHW: possibly delisted; no timezone found
2026-07-29 17:29:12,510 ERROR yfinance: $KZR: possibly delisted; no timezone found
2026-07-29 17:29:12,814 ERROR yfinance: $LAAAW: possibly delisted; no timezone found
2026-07-29 17:29:13,592 ERROR yfinance: $LACQ: possibly delisted; no timezone found
2026-07-29 17:29:13,977 ERROR yfinance: $LACQW: possibly delisted; no timezone found
2026-07-29 17:29:14,258 ERROR yfinance: $LAIX: possibly delisted; no timezone found
2026-07-29 17:29:14,928 ERROR yfinance: $LATGW: possibly delisted; no timezone found
2026-07-29 17:29:15,240 ERROR yfinance: $LATNW: possibly delisted; no timezone found
2026-07-29 17:29:16,231 ERROR yfinance: $LAX: possibly delisted; no timezone found
2026-07-29 17:29:16,517 ERROR yfinance: $LAXXR: possibly delisted; no timezone found
2026-07-29 17:29:16,864 ERROR yfinance: $LAXXU: possibly delisted; no timezone found
2026-07-29 17:29:17,262 ERROR yfinance: $LAXXW: possibly delisted; no timezone found
2026-07-29 17:29:17,844 ERROR yfinance: $LAZRW: possibly delisted; no timezone found
2026-07-29 17:29:18,057 ERROR yfinance: LBBBR: Period 'max' is invalid, must be one of: 1d, 5d
2026-07-29 17:29:18,385 ERROR yfinance: $LBBBW: possibly delisted; no timezone found
2026-07-29 17:29:18,756 ERROR yfinance: $LBPS: possibly delisted; no timezone found
2026-07-29 17:29:19,099 ERROR yfinance: $LBPSW: possibly delisted; no timezone found
2026-07-29 17:29:19,756 ERROR yfinance: $LCA: possibly delisted; no timezone found
2026-07-29 17:29:20,126 ERROR yfinance: $LCAAW: possibly delisted; no timezone found
2026-07-29 17:29:20,426 ERROR yfinance: $LCAHU: possibly delisted; no timezone found
2026-07-29 17:29:20,841 ERROR yfinance: $LCAHW: possibly delisted; no timezone found
2026-07-29 17:29:21,102 ERROR yfinance: $LCAPW: possibly delisted; no timezone found
2026-07-29 17:29:21,928 ERROR yfinance: $LCI: possibly delisted; no timezone found
2026-07-29 17:29:22,259 ERROR yfinance: $LCIDW: possibly delisted; no timezone found
2026-07-29 17:29:22,545 ERROR yfinance: $LCW.WS: possibly delisted; no timezone found
2026-07-29 17:29:22,835 ERROR yfinance: $LDHAW: possibly delisted; no timezone found
2026-07-29 17:29:23,514 ERROR yfinance: $LDL: possibly delisted; no timezone found
2026-07-29 17:29:24,157 ERROR yfinance: $LEAP.WS: possibly delisted; no timezone found
2026-07-29 17:29:25,681 ERROR yfinance: $LEGAW: possibly delisted; no timezone found
2026-07-29 17:29:25,965 ERROR yfinance: $LEGOW: possibly delisted; no timezone found
2026-07-29 17:29:26,262 ERROR yfinance: $LEJU: possibly delisted; no timezone found
2026-07-29 17:29:27,098 ERROR yfinance: $LEV.WS: possibly delisted; no timezone found
2026-07-29 17:29:27,661 ERROR yfinance: LEXXW: Period 'max' is invalid, must be one of: 1d, 5d
2026-07-29 17:29:27,888 ERROR yfinance: LFACW: Period 'max' is invalid, must be one of: 1d, 5d
2026-07-29 17:29:28,208 ERROR yfinance: $LFG: possibly delisted; no timezone found
2026-07-29 17:29:28,515 ERROR yfinance: $LFLY: possibly delisted; no timezone found
2026-07-29 17:29:28,747 ERROR yfinance: LFLYW: Period 'max' is invalid, must be one of: 1d, 5d
2026-07-29 17:29:29,965 ERROR yfinance: $LFTRW: possibly delisted; no timezone found
2026-07-29 17:29:30,269 ERROR yfinance: $LFTR: possibly delisted; no timezone found
2026-07-29 17:29:30,605 ERROR yfinance: $LGACW: possibly delisted; no timezone found
2026-07-29 17:29:31,102 ERROR yfinance: LGHLW: Period 'max' is invalid, must be one of: 1d, 5d
2026-07-29 17:29:32,201 ERROR yfinance: $LGL.WS: possibly delisted; no timezone found
2026-07-29 17:29:32,515 ERROR yfinance: $LGSTW: possibly delisted; no timezone found
2026-07-29 17:29:32,875 ERROR yfinance: $LGTOW: possibly delisted; no timezone found
2026-07-29 17:29:33,286 ERROR yfinance: $LGV.WS: possibly delisted; no timezone found
2026-07-29 17:29:33,566 ERROR yfinance: $LGVCW: possibly delisted; no timezone found
2026-07-29 17:29:34,195 ERROR yfinance: $LGVW.WS: possibly delisted; no timezone found
2026-07-29 17:29:34,515 ERROR yfinance: $LHC.WS: possibly delisted; no timezone found
2026-07-29 17:29:34,769 ERROR yfinance: $LHDX: possibly delisted; no timezone found
2026-07-29 17:29:35,050 ERROR yfinance: $LIBYW: possibly delisted; no timezone found
2026-07-29 17:29:36,164 ERROR yfinance: $LIII.WS: possibly delisted; no timezone found
2026-07-29 17:29:36,470 ERROR yfinance: $LILM: possibly delisted; no timezone found
2026-07-29 17:29:36,782 ERROR yfinance: $LILMW: possibly delisted; no timezone found
2026-07-29 17:29:37,648 ERROR yfinance: $LIONW: possibly delisted; no timezone found
2026-07-29 17:29:38,576 ERROR yfinance: $LITM: possibly delisted; no timezone found
2026-07-29 17:29:38,922 ERROR yfinance: $LITTW: possibly delisted; no timezone found
2026-07-29 17:29:39,301 ERROR yfinance: $LIVBW: possibly delisted; no timezone found
2026-07-29 17:29:40,147 ERROR yfinance: $LIVKW: possibly delisted; no timezone found
2026-07-29 17:29:40,773 ERROR yfinance: $LIXTW: possibly delisted; no timezone found
2026-07-29 17:29:41,480 ERROR yfinance: $LIZI: possibly delisted; no timezone found
2026-07-29 17:29:41,815 ERROR yfinance: $LJAQW: possibly delisted; no timezone found
2026-07-29 17:29:42,095 ERROR yfinance: $LJPC: possibly delisted; no timezone found
2026-07-29 17:29:42,454 ERROR yfinance: $LKCO: possibly delisted; no timezone found
2026-07-29 17:29:42,772 ERROR yfinance: $LLAP.WS: possibly delisted; no timezone found
2026-07-29 17:29:43,063 ERROR yfinance: $LLIT: possibly delisted; no timezone found
2026-07-29 17:29:43,423 ERROR yfinance: $LLL: possibly delisted; no timezone found
2026-07-29 17:29:43,736 ERROR yfinance: $LLNW: possibly delisted; no timezone found
2026-07-29 17:29:44,110 ERROR yfinance: $LMACW: possibly delisted; no timezone found
2026-07-29 17:29:44,426 ERROR yfinance: $LMAO: possibly delisted; no timezone found
2026-07-29 17:29:44,739 ERROR yfinance: $LMAOU: possibly delisted; no timezone found
2026-07-29 17:29:45,087 ERROR yfinance: $LMAOW: possibly delisted; no timezone found
2026-07-29 17:29:45,538 ERROR yfinance: $LMDX: possibly delisted; no timezone found
2026-07-29 17:29:45,892 ERROR yfinance: $LMDXW: possibly delisted; no timezone found
2026-07-29 17:29:46,553 ERROR yfinance: $LMFAW: possibly delisted; no timezone found
2026-07-29 17:29:47,055 ERROR yfinance: $LMNL: possibly delisted; no timezone found
2026-07-29 17:29:48,044 ERROR yfinance: $LNFA: possibly delisted; no timezone found
2026-07-29 17:29:48,412 ERROR yfinance: $LNFA.WS: possibly delisted; no timezone found
2026-07-29 17:29:49,328 ERROR yfinance: $LOACR: possibly delisted; no timezone found
2026-07-29 17:29:49,657 ERROR yfinance: $LOACU: possibly delisted; no timezone found
2026-07-29 17:29:49,959 ERROR yfinance: $LOACW: possibly delisted; no timezone found
2026-07-29 17:29:50,303 ERROR yfinance: $LOCC.WS: possibly delisted; no timezone found
2026-07-29 17:29:50,958 ERROR yfinance: $LOCL.WS: possibly delisted; no timezone found
2026-07-29 17:29:51,897 ERROR yfinance: $LOKB.WS: possibly delisted; no timezone found
2026-07-29 17:29:52,268 ERROR yfinance: $LOKM.WS: possibly delisted; no timezone found
2026-07-29 17:29:53,121 ERROR yfinance: $LOTZW: possibly delisted; no timezone found
2026-07-29 17:29:53,424 ERROR yfinance: $LOV: possibly delisted; no timezone found
2026-07-29 17:29:54,728 ERROR yfinance: $LPTX: possibly delisted; no timezone found
2026-07-29 17:29:57,069 ERROR yfinance: $LSACU: possibly delisted; no timezone found
2026-07-29 17:29:57,406 ERROR yfinance: $LSACW: possibly delisted; no timezone found
2026-07-29 17:29:57,735 ERROR yfinance: LSEAW: Period 'max' is invalid, must be one of: 1d, 5d
2026-07-29 17:29:58,480 ERROR yfinance: $LSI: possibly delisted; no timezone found
2026-07-29 17:29:59,096 ERROR yfinance: $LSPRW: possibly delisted; no timezone found
2026-07-29 17:29:59,851 ERROR yfinance: $LTCHW: possibly delisted; no timezone found
2026-07-29 17:30:00,172 ERROR yfinance: $LTRPA: possibly delisted; no timezone found
2026-07-29 17:30:00,438 ERROR yfinance: $LTRPB: possibly delisted; no timezone found
2026-07-29 17:30:01,175 ERROR yfinance: $LTRY: possibly delisted; no timezone found
2026-07-29 17:30:02,084 ERROR yfinance: $LUB: possibly delisted; no timezone found
2026-07-29 17:30:02,967 ERROR yfinance: $LUMO: possibly delisted; no timezone found
2026-07-29 17:30:03,572 ERROR yfinance: $LUXAW: possibly delisted; no timezone found
2026-07-29 17:30:03,833 ERROR yfinance: $LVACW: possibly delisted; no timezone found
2026-07-29 17:30:04,494 ERROR yfinance: $LVOX: possibly delisted; no timezone found
2026-07-29 17:30:04,874 ERROR yfinance: $LVOXU: possibly delisted; no timezone found
2026-07-29 17:30:05,142 ERROR yfinance: $LVOXW: possibly delisted; no timezone found
2026-07-29 17:30:05,448 ERROR yfinance: $LVRAW: possibly delisted; no timezone found
2026-07-29 17:30:05,763 ERROR yfinance: $LVTX: possibly delisted; no timezone found
2026-07-29 17:30:08,975 ERROR yfinance: $LYL: possibly delisted; no timezone found
2026-07-29 17:30:09,307 ERROR yfinance: $LYLT: possibly delisted; no timezone found
2026-07-29 17:30:09,649 ERROR yfinance: $LYT: possibly delisted; no timezone found
2026-07-29 17:30:09,983 ERROR yfinance: $MAACW: possibly delisted; no timezone found
2026-07-29 17:30:10,540 ERROR yfinance: $MAAQR: possibly delisted; no timezone found
2026-07-29 17:30:10,843 ERROR yfinance: $MAAQW: possibly delisted; no timezone found
2026-07-29 17:30:11,178 ERROR yfinance: $MACAW: possibly delisted; no timezone found
2026-07-29 17:30:11,865 ERROR yfinance: $MACC.WS: possibly delisted; no timezone found
2026-07-29 17:30:12,205 ERROR yfinance: $MACK: possibly delisted; no timezone found
2026-07-29 17:30:12,533 ERROR yfinance: $MACUW: possibly delisted; no timezone found
2026-07-29 17:30:13,468 ERROR yfinance: $MAPSW: possibly delisted; no timezone found
2026-07-29 17:30:13,713 ERROR yfinance: MAQCW: Period 'max' is invalid, must be one of: 1d, 5d
2026-07-29 17:30:15,842 ERROR yfinance: $MAXR: possibly delisted; no timezone found
2026-07-29 17:30:16,116 ERROR yfinance: $MBAC.WS: possibly delisted; no timezone found
2026-07-29 17:30:16,425 ERROR yfinance: $MBII: possibly delisted; no timezone found
2026-07-29 17:30:17,935 ERROR yfinance: $MBSC.WS: possibly delisted; no timezone found
2026-07-29 17:30:18,222 ERROR yfinance: $MBTCR: possibly delisted; no timezone found
2026-07-29 17:30:18,493 ERROR yfinance: $MCAAW: possibly delisted; no timezone found
2026-07-29 17:30:18,871 ERROR yfinance: $MCAC: possibly delisted; no timezone found
2026-07-29 17:30:19,245 ERROR yfinance: $MCACR: possibly delisted; no timezone found
2026-07-29 17:30:19,561 ERROR yfinance: $MCACU: possibly delisted; no timezone found
2026-07-29 17:30:19,894 ERROR yfinance: $MCACW: possibly delisted; no timezone found
2026-07-29 17:30:20,349 ERROR yfinance: $MCADR: possibly delisted; no timezone found
2026-07-29 17:30:20,665 ERROR yfinance: $MCAER: possibly delisted; no timezone found
2026-07-29 17:30:21,053 ERROR yfinance: $MCAFR: possibly delisted; no timezone found
2026-07-29 17:30:21,382 ERROR yfinance: MCAGR: Period 'max' is invalid, must be one of: 1d, 5d
2026-07-29 17:30:21,672 ERROR yfinance: $MCF: possibly delisted; no timezone found
2026-07-29 17:30:22,666 ERROR yfinance: $MCLD: possibly delisted; no timezone found
2026-07-29 17:30:22,979 ERROR yfinance: $MCLDW: possibly delisted; no timezone found
2026-07-29 17:30:23,292 ERROR yfinance: $MCMJ: possibly delisted; no timezone found
2026-07-29 17:30:23,571 ERROR yfinance: $MCMJW: possibly delisted; no timezone found
2026-07-29 17:30:24,558 ERROR yfinance: $MDGS: possibly delisted; no timezone found
2026-07-29 17:30:24,903 ERROR yfinance: $MDGSW: possibly delisted; no timezone found
2026-07-29 17:30:25,214 ERROR yfinance: $MDH.WS: possibly delisted; no timezone found
2026-07-29 17:30:25,918 ERROR yfinance: $MDJH: possibly delisted; no timezone found
2026-07-29 17:30:26,734 ERROR yfinance: $MDLY: possibly delisted; no timezone found
2026-07-29 17:30:27,066 ERROR yfinance: $MDNA: possibly delisted; no timezone found
2026-07-29 17:30:28,204 ERROR yfinance: $MDVL: possibly delisted; no timezone found
2026-07-29 17:30:29,601 ERROR yfinance: $MEACW: possibly delisted; no timezone found
2026-07-29 17:30:31,161 ERROR yfinance: $MEIP: possibly delisted; no price data found  (1d 1927-08-23 -> 2026-07-29)
2026-07-29 17:30:31,658 ERROR yfinance: $MEOAW: possibly delisted; no timezone found
2026-07-29 17:30:32,910 ERROR yfinance: $METX: possibly delisted; no timezone found
2026-07-29 17:30:33,183 ERROR yfinance: $METXW: possibly delisted; no timezone found
2026-07-29 17:30:34,474 ERROR yfinance: $MFGP: possibly delisted; no timezone found
2026-07-29 17:30:34,798 ERROR yfinance: $MFH: possibly delisted; no timezone found
2026-07-29 17:30:35,108 ERROR yfinance: $MFNC: possibly delisted; no timezone found
2026-07-29 17:30:35,717 ERROR yfinance: $MGEN: possibly delisted; no timezone found
2026-07-29 17:30:36,762 ERROR yfinance: $MGTA: possibly delisted; no timezone found
2026-07-29 17:30:37,076 ERROR yfinance: $MHLD: possibly delisted; no timezone found
2026-07-29 17:30:37,444 ERROR yfinance: $MHUA: possibly delisted; no timezone found
2026-07-29 17:30:37,775 ERROR yfinance: $MHPA: possibly delisted; no timezone found
2026-07-29 17:30:38,370 ERROR yfinance: $MHPD: possibly delisted; no price data found  (1d 1927-08-23 -> 2026-07-29)
2026-07-29 17:30:38,940 ERROR yfinance: $MICS: possibly delisted; no timezone found
2026-07-29 17:30:39,503 ERROR yfinance: $MICT: possibly delisted; no timezone found
2026-07-29 17:30:39,780 ERROR yfinance: $MILEW: possibly delisted; no timezone found
2026-07-29 17:30:40,126 ERROR yfinance: $MIMO.WS: possibly delisted; no timezone found
2026-07-29 17:30:40,468 ERROR yfinance: $MIMO.WS.A: possibly delisted; no timezone found
2026-07-29 17:30:40,798 ERROR yfinance: $MIMO.WS.B: possibly delisted; no timezone found
2026-07-29 17:30:41,136 ERROR yfinance: $MIMO.WS.C: possibly delisted; no timezone found
2026-07-29 17:30:41,887 ERROR yfinance: $MINDP: possibly delisted; no timezone found
2026-07-29 17:30:42,244 ERROR yfinance: $MINM: possibly delisted; no timezone found
2026-07-29 17:30:42,586 ERROR yfinance: $MIR.WS: possibly delisted; no timezone found
2026-07-29 17:30:42,926 ERROR yfinance: $MIRO: possibly delisted; no timezone found
2026-07-29 17:30:43,336 ERROR yfinance: $MIT.WS: possibly delisted; no timezone found
2026-07-29 17:30:43,620 ERROR yfinance: $MITAW: possibly delisted; no timezone found
2026-07-29 17:30:43,876 ERROR yfinance: $MITO: possibly delisted; no timezone found
2026-07-29 17:30:46,734 ERROR yfinance: $MKC.V: possibly delisted; no timezone found
2026-07-29 17:30:47,070 ERROR yfinance: $MKD: possibly delisted; no timezone found
2026-07-29 17:30:47,415 ERROR yfinance: $MKFG.WS: possibly delisted; no timezone found
2026-07-29 17:30:47,693 ERROR yfinance: $MKGI: possibly delisted; no timezone found
2026-07-29 17:30:48,060 ERROR yfinance: $MKTWW: possibly delisted; no timezone found
2026-07-29 17:30:48,426 ERROR yfinance: $ML: possibly delisted; no timezone found
2026-07-29 17:30:48,768 ERROR yfinance: $ML.WS: possibly delisted; no timezone found
2026-07-29 17:30:49,124 ERROR yfinance: $MLACW: possibly delisted; no timezone found
2026-07-29 17:30:49,439 ERROR yfinance: $MLAIW: possibly delisted; no timezone found
2026-07-29 17:30:49,810 ERROR yfinance: $MLND: possibly delisted; no timezone found
2026-07-29 17:30:51,521 ERROR yfinance: $MMAC: possibly delisted; no timezone found
2026-07-29 17:30:51,872 ERROR yfinance: $MMAT: possibly delisted; no timezone found
2026-07-29 17:30:52,431 ERROR yfinance: $MN: possibly delisted; no timezone found
2026-07-29 17:30:52,716 ERROR yfinance: $MNCLW: possibly delisted; no timezone found
2026-07-29 17:30:53,446 ERROR yfinance: $MNK: possibly delisted; no timezone found
2026-07-29 17:30:54,430 ERROR yfinance: $MNMD: possibly delisted; no timezone found
2026-07-29 17:30:55,121 ERROR yfinance: $MNTN.WS: possibly delisted; no timezone found
2026-07-29 17:30:56,859 ERROR yfinance: MOBQW: Period 'max' is invalid, must be one of: 1d, 5d
2026-07-29 17:30:57,165 ERROR yfinance: $MOBVW: possibly delisted; no timezone found
2026-07-29 17:30:57,450 ERROR yfinance: $MOGO: possibly delisted; no timezone found
2026-07-29 17:30:58,077 ERROR yfinance: $MOHO: possibly delisted; no timezone found
2026-07-29 17:30:59,180 ERROR yfinance: $MONCW: possibly delisted; no timezone found
2026-07-29 17:30:59,513 ERROR yfinance: $MONDW: possibly delisted; no timezone found
2026-07-29 17:30:59,794 ERROR yfinance: $MOR: possibly delisted; no timezone found
2026-07-29 17:31:00,169 ERROR yfinance: $MORF: possibly delisted; no timezone found
2026-07-29 17:31:00,526 ERROR yfinance: $MOSY: possibly delisted; no timezone found
2026-07-29 17:31:01,235 ERROR yfinance: $MOTV.WS: possibly delisted; no timezone found
2026-07-29 17:31:01,520 ERROR yfinance: $MOXC: possibly delisted; no timezone found
2026-07-29 17:31:01,800 ERROR yfinance: $MPACR: possibly delisted; no timezone found
2026-07-29 17:31:02,145 ERROR yfinance: $MPACW: possibly delisted; no timezone found
2026-07-29 17:31:02,483 ERROR yfinance: $MPLN: possibly delisted; no timezone found
2026-07-29 17:31:02,749 ERROR yfinance: $MPLN.WS: possibly delisted; no timezone found
2026-07-29 17:31:03,084 ERROR yfinance: $MPRAW: possibly delisted; no timezone found
2026-07-29 17:31:03,389 ERROR yfinance: $MRACW: possibly delisted; no timezone found
2026-07-29 17:31:04,767 ERROR yfinance: $MRIN: possibly delisted; no timezone found
2026-07-29 17:31:06,006 ERROR yfinance: $MRSN: possibly delisted; no timezone found
2026-07-29 17:31:06,333 ERROR yfinance: $MRTX: possibly delisted; no timezone found
2026-07-29 17:31:06,659 ERROR yfinance: $MRUS: possibly delisted; no timezone found
2026-07-29 17:31:06,996 ERROR yfinance: $MSACW: possibly delisted; no timezone found
2026-07-29 17:31:08,668 ERROR yfinance: $MSDAW: possibly delisted; no timezone found
2026-07-29 17:31:11,273 ERROR yfinance: MSPRZ: Period 'max' is invalid, must be one of: 1d, 5d
2026-07-29 17:31:11,586 ERROR yfinance: $MSSAR: possibly delisted; no timezone found
2026-07-29 17:31:11,870 ERROR yfinance: $MSSAW: possibly delisted; no timezone found
2026-07-29 17:31:13,391 ERROR yfinance: $MTACW: possibly delisted; no timezone found
2026-07-29 17:31:13,731 ERROR yfinance: $MTAL.WS: possibly delisted; no timezone found
2026-07-29 17:31:14,372 ERROR yfinance: $MTCR: possibly delisted; no timezone found
2026-07-29 17:31:15,583 ERROR yfinance: $MTL: possibly delisted; no timezone found
2026-07-29 17:31:15,838 ERROR yfinance: $MTLP: possibly delisted; no price data found  (1d 1927-08-23 -> 2026-07-29)
2026-07-29 17:31:16,549 ERROR yfinance: $MTOR: possibly delisted; no timezone found
2026-07-29 17:31:16,904 ERROR yfinance: $MTP: possibly delisted; no timezone found
2026-07-29 17:31:18,124 ERROR yfinance: $MTRYW: possibly delisted; no timezone found
2026-07-29 17:31:18,444 ERROR yfinance: $MTSC: possibly delisted; no timezone found
2026-07-29 17:31:18,703 ERROR yfinance: $MTSL: possibly delisted; no timezone found
2026-07-29 17:31:19,078 ERROR yfinance: $MTTRW: possibly delisted; no timezone found
2026-07-29 17:31:19,800 ERROR yfinance: $MTVC.WS: possibly delisted; no timezone found
2026-07-29 17:31:20,129 ERROR yfinance: $MUDSW: possibly delisted; no timezone found
2026-07-29 17:31:20,560 ERROR yfinance: $MULN: possibly delisted; no timezone found
2026-07-29 17:31:20,929 ERROR yfinance: $MURFW: possibly delisted; no timezone found
2026-07-29 17:31:23,561 ERROR yfinance: $MYMD: possibly delisted; no timezone found
2026-07-29 17:31:33,700 ERROR yfinance: Failed to get ticker 'MYNZ' reason: Failed to perform, curl: (28) Operation timed out after 10002 milliseconds with 0 bytes received. See https://curl.se/libcurl/c/libcurl-errors.html first for more details.
2026-07-29 17:31:33,700 ERROR yfinance: $MYNZ: possibly delisted; no timezone found
2026-07-29 17:31:35,417 ERROR yfinance: $MYOK: possibly delisted; no timezone found
2026-07-29 17:31:36,700 ERROR yfinance: $MYOV: possibly delisted; no timezone found
2026-07-29 17:31:42,674 ERROR yfinance: $NAACW: possibly delisted; no timezone found
2026-07-29 17:31:44,375 ERROR yfinance: $NAKD: possibly delisted; no timezone found
2026-07-29 17:31:44,690 ERROR yfinance: $NAOV: possibly delisted; no timezone found
2026-07-29 17:31:45,948 ERROR yfinance: $NBA.WS: possibly delisted; no timezone found
2026-07-29 17:31:46,294 ERROR yfinance: $NBAC: possibly delisted; no timezone found
2026-07-29 17:31:47,706 ERROR yfinance: $NBACR: possibly delisted; no timezone found
2026-07-29 17:31:48,054 ERROR yfinance: $NBACU: possibly delisted; no timezone found
2026-07-29 17:31:49,291 ERROR yfinance: $NBACW: possibly delisted; no timezone found
2026-07-29 17:31:49,662 ERROR yfinance: $NBEV: possibly delisted; no timezone found
2026-07-29 17:31:50,931 ERROR yfinance: $NBRV: possibly delisted; no timezone found
2026-07-29 17:31:51,165 ERROR yfinance: NBSTW: Period 'max' is invalid, must be one of: 1d, 5d
2026-07-29 17:31:51,578 ERROR yfinance: $NBY: possibly delisted; no timezone found
2026-07-29 17:31:52,835 ERROR yfinance: $NCACW: possibly delisted; no timezone found
2026-07-29 17:31:55,254 ERROR yfinance: $NDACW: possibly delisted; no timezone found
2026-07-29 17:31:56,749 ERROR yfinance: $NDRAW: possibly delisted; no timezone found
2026-07-29 17:31:59,612 ERROR yfinance: $NEOS: possibly delisted; no timezone found
2026-07-29 17:32:00,541 ERROR yfinance: $NEPT: possibly delisted; no timezone found
2026-07-29 17:32:01,126 ERROR yfinance: NESRW: Period 'max' is invalid, must be one of: 1d, 5d
2026-07-29 17:32:01,475 ERROR yfinance: $NETC.WS: possibly delisted; no timezone found
2026-07-29 17:32:01,839 ERROR yfinance: $NETE: possibly delisted; no timezone found
2026-07-29 17:32:02,185 ERROR yfinance: $NEW: possibly delisted; no timezone found
2026-07-29 17:32:02,544 ERROR yfinance: $NEWR: possibly delisted; no timezone found
2026-07-29 17:32:04,118 ERROR yfinance: $NFNT.WS: possibly delisted; no timezone found
2026-07-29 17:32:04,409 ERROR yfinance: $NFYS.WS: possibly delisted; no timezone found
2026-07-29 17:32:04,782 ERROR yfinance: $NGA.WS: possibly delisted; no timezone found
2026-07-29 17:32:05,078 ERROR yfinance: $NGAB.WS: possibly delisted; no timezone found
2026-07-29 17:32:05,377 ERROR yfinance: $NGACU: possibly delisted; no timezone found
2026-07-29 17:32:05,706 ERROR yfinance: $NGACW: possibly delisted; no timezone found
2026-07-29 17:32:05,997 ERROR yfinance: $NGC.WS: possibly delisted; no timezone found
2026-07-29 17:32:06,284 ERROR yfinance: $NGCAW: possibly delisted; no timezone found
2026-07-29 17:32:06,626 ERROR yfinance: $NGD: possibly delisted; no timezone found
2026-07-29 17:32:06,908 ERROR yfinance: $NGM: possibly delisted; no timezone found
2026-07-29 17:32:07,225 ERROR yfinance: $NH: possibly delisted; no timezone found
2026-07-29 17:32:07,873 ERROR yfinance: $NHLD: possibly delisted; no timezone found
2026-07-29 17:32:08,140 ERROR yfinance: $NHLDW: possibly delisted; no timezone found
2026-07-29 17:32:08,486 ERROR yfinance: $NHSR: possibly delisted; no timezone found
2026-07-29 17:32:08,796 ERROR yfinance: $NILE: possibly delisted; no timezone found
2026-07-29 17:32:09,435 ERROR yfinance: $NISN: possibly delisted; no timezone found
2026-07-29 17:32:09,716 ERROR yfinance: $NK: possibly delisted; no timezone found
2026-07-29 17:32:10,356 ERROR yfinance: $NKLA: possibly delisted; no timezone found
2026-07-29 17:32:11,666 ERROR yfinance: $NLITW: possibly delisted; no timezone found
2026-07-29 17:32:12,048 ERROR yfinance: $NLSP: possibly delisted; no timezone found
2026-07-29 17:32:12,620 ERROR yfinance: $NLTX: possibly delisted; no timezone found
2026-07-29 17:32:13,602 ERROR yfinance: $NM: possibly delisted; no timezone found
2026-07-29 17:32:13,969 ERROR yfinance: $NMMCW: possibly delisted; no timezone found
2026-07-29 17:32:14,976 ERROR yfinance: $NMTR: possibly delisted; no timezone found
2026-07-29 17:32:15,304 ERROR yfinance: $NMPH: possibly delisted; no timezone found
2026-07-29 17:32:15,594 ERROR yfinance: $NNA: possibly delisted; no timezone found
2026-07-29 17:32:16,598 ERROR yfinance: $NOACW: possibly delisted; no timezone found
2026-07-29 17:32:16,958 ERROR yfinance: $NOGN: possibly delisted; no timezone found
2026-07-29 17:32:17,327 ERROR yfinance: $NOGNW: possibly delisted; no timezone found
2026-07-29 17:32:18,723 ERROR yfinance: $NOTE.WS: possibly delisted; no timezone found
2026-07-29 17:32:19,368 ERROR yfinance: $NOVN: possibly delisted; no timezone found
2026-07-29 17:32:19,714 ERROR yfinance: $NOVVR: possibly delisted; no timezone found
2026-07-29 17:32:20,072 ERROR yfinance: $NOVVW: possibly delisted; no timezone found
2026-07-29 17:32:20,441 ERROR yfinance: $NPABW: possibly delisted; no timezone found
2026-07-29 17:32:20,844 ERROR yfinance: $NPAWW: possibly delisted; no timezone found
2026-07-29 17:32:21,141 ERROR yfinance: $NPTN: possibly delisted; no timezone found
2026-07-29 17:32:21,452 ERROR yfinance: $NRACW: possibly delisted; no timezone found
2026-07-29 17:32:21,770 ERROR yfinance: $NRBO: possibly delisted; no timezone found
2026-07-29 17:32:22,524 ERROR yfinance: $NRDY.WS: possibly delisted; no timezone found
2026-07-29 17:32:24,176 ERROR yfinance: $NRGV.WS: possibly delisted; no timezone found
2026-07-29 17:32:25,821 ERROR yfinance: $NSCO: possibly delisted; no timezone found
2026-07-29 17:32:26,137 ERROR yfinance: $NSCO.WS: possibly delisted; no timezone found
2026-07-29 17:32:26,432 ERROR yfinance: $NSEC: possibly delisted; no timezone found
2026-07-29 17:32:26,745 ERROR yfinance: $NSH.WS: possibly delisted; no timezone found
2026-07-29 17:32:27,734 ERROR yfinance: $NSPR.WS: possibly delisted; no timezone found
2026-07-29 17:32:28,086 ERROR yfinance: $NSPR.WS.B: possibly delisted; no timezone found
2026-07-29 17:32:28,417 ERROR yfinance: $NSPRW: possibly delisted; no timezone found
2026-07-29 17:32:28,781 ERROR yfinance: $NSPRZ: possibly delisted; no timezone found
2026-07-29 17:32:29,375 INFO corporate_actions: [2600/4064] 2.7 sym/s — 1217 splits, 12609 dividends so far
2026-07-29 17:32:29,727 ERROR yfinance: $NSTB.WS: possibly delisted; no timezone found
2026-07-29 17:32:30,101 ERROR yfinance: $NSTC.WS: possibly delisted; no timezone found
2026-07-29 17:32:30,451 ERROR yfinance: $NSTD.WS: possibly delisted; no timezone found
2026-07-29 17:32:30,825 ERROR yfinance: $NSTG: possibly delisted; no timezone found
2026-07-29 17:32:31,204 ERROR yfinance: $NTEC: possibly delisted; no timezone found
2026-07-29 17:32:31,868 ERROR yfinance: $NTN: possibly delisted; no timezone found
2026-07-29 17:32:32,159 ERROR yfinance: $NTP: possibly delisted; no timezone found
2026-07-29 17:32:34,435 ERROR yfinance: $NUBIW: possibly delisted; no timezone found
2026-07-29 17:32:34,955 ERROR yfinance: $NURO: possibly delisted; no timezone found
2026-07-29 17:32:35,607 ERROR yfinance: $NUVB.WS: possibly delisted; no timezone found
2026-07-29 17:32:36,589 ERROR yfinance: $NUZE: possibly delisted; no timezone found
2026-07-29 17:32:36,909 ERROR yfinance: $NVACR: possibly delisted; no timezone found
2026-07-29 17:32:37,210 ERROR yfinance: NVACW: Period 'max' is invalid, must be one of: 1d, 5d
2026-07-29 17:32:38,244 ERROR yfinance: $NVCN: possibly delisted; no timezone found
2026-07-29 17:32:39,737 ERROR yfinance: $NVEI: possibly delisted; no timezone found
2026-07-29 17:32:40,084 ERROR yfinance: $NVFY: possibly delisted; no timezone found
2026-07-29 17:32:40,408 ERROR yfinance: $NVIV: possibly delisted; no timezone found
2026-07-29 17:32:40,701 ERROR yfinance: $NVNOW: possibly delisted; no timezone found
2026-07-29 17:32:41,562 ERROR yfinance: $NVSAW: possibly delisted; no timezone found
2026-07-29 17:32:41,929 ERROR yfinance: $NVTA: possibly delisted; no timezone found
2026-07-29 17:32:42,340 ERROR yfinance: $NVUS: possibly delisted; no timezone found
2026-07-29 17:32:42,957 ERROR yfinance: $NWHM: possibly delisted; no timezone found
2026-07-29 17:32:43,268 ERROR yfinance: $NWTN: possibly delisted; no timezone found
2026-07-29 17:32:43,638 ERROR yfinance: $NWTNW: possibly delisted; no timezone found
2026-07-29 17:32:44,542 ERROR yfinance: NXLIW: Period 'max' is invalid, must be one of: 1d, 5d
2026-07-29 17:32:45,229 ERROR yfinance: $NXTD: possibly delisted; no timezone found
2026-07-29 17:32:46,117 ERROR yfinance: $NYMX: possibly delisted; no timezone found
2026-07-29 17:32:46,403 ERROR yfinance: $OACB.WS: possibly delisted; no timezone found
2026-07-29 17:32:46,846 ERROR yfinance: $OAS: possibly delisted; no timezone found
2026-07-29 17:32:47,188 ERROR yfinance: $OBCI: possibly delisted; no timezone found
2026-07-29 17:32:47,456 ERROR yfinance: $OBLG: possibly delisted; no timezone found
2026-07-29 17:32:47,715 ERROR yfinance: $OBLN: possibly delisted; no timezone found
2026-07-29 17:32:48,034 ERROR yfinance: $OBSV: possibly delisted; no timezone found
2026-07-29 17:32:48,379 ERROR yfinance: $OCA.WS: possibly delisted; no timezone found
2026-07-29 17:32:48,700 ERROR yfinance: $OCAXW: possibly delisted; no timezone found
2026-07-29 17:32:48,989 ERROR yfinance: $OCFT: possibly delisted; no timezone found
2026-07-29 17:32:50,492 ERROR yfinance: $OCUP: possibly delisted; no timezone found
2026-07-29 17:32:50,987 ERROR yfinance: $ODT: possibly delisted; no timezone found
2026-07-29 17:32:51,279 ERROR yfinance: $OEG: possibly delisted; no timezone found
2026-07-29 17:32:51,606 ERROR yfinance: $OEPWW: possibly delisted; no timezone found
2026-07-29 17:32:51,926 ERROR yfinance: $OG: possibly delisted; no timezone found
2026-07-29 17:32:53,345 ERROR yfinance: $OHAAW: possibly delisted; no timezone found
2026-07-29 17:32:53,614 ERROR yfinance: $OHPAW: possibly delisted; no timezone found
2026-07-29 17:32:55,077 ERROR yfinance: $OLITW: possibly delisted; no timezone found
2026-07-29 17:32:55,433 ERROR yfinance: $OLK: possibly delisted; no timezone found
2026-07-29 17:32:56,179 ERROR yfinance: $OLO: possibly delisted; no timezone found
2026-07-29 17:32:57,872 ERROR yfinance: $OMGA: possibly delisted; no timezone found
2026-07-29 17:32:58,219 ERROR yfinance: $OMI: possibly delisted; no timezone found
2026-07-29 17:32:58,535 ERROR yfinance: $ONCR: possibly delisted; no timezone found
2026-07-29 17:32:58,848 ERROR yfinance: $ONCS: possibly delisted; no timezone found
2026-07-29 17:32:59,139 ERROR yfinance: $ONCT: possibly delisted; no timezone found
2026-07-29 17:32:59,456 ERROR yfinance: $ONE: possibly delisted; no timezone found
2026-07-29 17:32:59,804 ERROR yfinance: $ONEM: possibly delisted; no timezone found
2026-07-29 17:33:01,031 ERROR yfinance: $ONLW: possibly delisted; no timezone found
2026-07-29 17:33:01,378 ERROR yfinance: $ONTF: possibly delisted; no timezone found
2026-07-29 17:33:01,979 ERROR yfinance: $ONTXW: possibly delisted; no timezone found
2026-07-29 17:33:02,306 ERROR yfinance: $ONYXW: possibly delisted; no timezone found
2026-07-29 17:33:02,607 ERROR yfinance: $OP: possibly delisted; no timezone found
2026-07-29 17:33:02,925 ERROR yfinance: $OPA.WS: possibly delisted; no timezone found
2026-07-29 17:33:03,500 ERROR yfinance: $OPAD.WS: possibly delisted; no timezone found
2026-07-29 17:33:04,163 ERROR yfinance: $OPALW: possibly delisted; no timezone found
2026-07-29 17:33:04,736 ERROR yfinance: $OPFI.WS: possibly delisted; no timezone found
2026-07-29 17:33:05,053 ERROR yfinance: $OPGN: possibly delisted; no timezone found
2026-07-29 17:33:05,308 ERROR yfinance: $OPNT: possibly delisted; no timezone found
2026-07-29 17:33:05,567 ERROR yfinance: $OPPR: possibly delisted; no timezone found
2026-07-29 17:33:05,875 ERROR yfinance: $OPPRW: possibly delisted; no timezone found
2026-07-29 17:33:06,966 ERROR yfinance: $OPTN: possibly delisted; no timezone found
2026-07-29 17:33:07,770 ERROR yfinance: $ORBC: possibly delisted; no timezone found
2026-07-29 17:33:08,836 ERROR yfinance: $ORIAW: possibly delisted; no timezone found
2026-07-29 17:33:10,849 ERROR yfinance: $ORPH: possibly delisted; no timezone found
2026-07-29 17:33:11,189 ERROR yfinance: $ORSNR: possibly delisted; no timezone found
2026-07-29 17:33:11,554 ERROR yfinance: $ORSNW: possibly delisted; no timezone found
2026-07-29 17:33:11,878 ERROR yfinance: $ORTX: possibly delisted; no timezone found
2026-07-29 17:33:12,201 ERROR yfinance: $OSAT: possibly delisted; no timezone found
2026-07-29 17:33:12,550 ERROR yfinance: $OSATW: possibly delisted; no timezone found
2026-07-29 17:33:13,456 ERROR yfinance: $OSI.WS: possibly delisted; no timezone found
2026-07-29 17:33:13,952 ERROR yfinance: $OSMT: possibly delisted; no timezone found
2026-07-29 17:33:16,088 ERROR yfinance: $OSTRW: possibly delisted; no timezone found
2026-07-29 17:33:17,190 ERROR yfinance: $OTECW: possibly delisted; no timezone found
2026-07-29 17:33:17,543 ERROR yfinance: $OTIC: possibly delisted; no timezone found
2026-07-29 17:33:18,393 ERROR yfinance: $OTLKW: possibly delisted; no timezone found
2026-07-29 17:33:18,792 ERROR yfinance: $OTMOW: possibly delisted; no timezone found
2026-07-29 17:33:19,180 ERROR yfinance: $OTRA: possibly delisted; no timezone found
2026-07-29 17:33:19,856 ERROR yfinance: $OTRAW: possibly delisted; no timezone found
2026-07-29 17:33:20,362 ERROR yfinance: $OTRK: possibly delisted; no price data found  (1d 1927-08-23 -> 2026-07-29)
2026-07-29 17:33:20,740 ERROR yfinance: $OTRKP: possibly delisted; no timezone found
2026-07-29 17:33:21,096 ERROR yfinance: $OUST.WS: possibly delisted; no timezone found
2026-07-29 17:33:21,834 ERROR yfinance: $OWL.WS: possibly delisted; no timezone found
2026-07-29 17:33:22,736 ERROR yfinance: $OWLT.WS: possibly delisted; no timezone found
2026-07-29 17:33:23,025 ERROR yfinance: $OXACW: possibly delisted; no timezone found
2026-07-29 17:33:24,416 ERROR yfinance: $OXUSW: possibly delisted; no timezone found
2026-07-29 17:33:24,761 ERROR yfinance: $OXY.WS: possibly delisted; no timezone found
2026-07-29 17:33:25,088 ERROR yfinance: $OYST: possibly delisted; no timezone found
2026-07-29 17:33:25,427 ERROR yfinance: $PACE.WS: possibly delisted; no timezone found
2026-07-29 17:33:25,774 ERROR yfinance: $PACI.WS: possibly delisted; no timezone found
2026-07-29 17:33:26,487 ERROR yfinance: $PACXW: possibly delisted; no timezone found
2026-07-29 17:33:26,861 ERROR yfinance: $PAE: possibly delisted; no timezone found
2026-07-29 17:33:27,174 ERROR yfinance: $PAEWW: possibly delisted; no timezone found
2026-07-29 17:33:27,719 ERROR yfinance: $PAFO: possibly delisted; no timezone found
2026-07-29 17:33:28,029 ERROR yfinance: $PAFOR: possibly delisted; no timezone found
2026-07-29 17:33:28,396 ERROR yfinance: $PAICW: possibly delisted; no timezone found
2026-07-29 17:33:29,334 ERROR yfinance: $PALT: possibly delisted; no timezone found
2026-07-29 17:33:29,709 ERROR yfinance: $PAND: possibly delisted; no timezone found
2026-07-29 17:33:30,655 ERROR yfinance: $PAQCW: possibly delisted; no timezone found
2026-07-29 17:33:31,617 ERROR yfinance: $PATI: possibly delisted; no timezone found
2026-07-29 17:33:32,405 ERROR yfinance: $PAVMW: possibly delisted; no timezone found
2026-07-29 17:33:32,959 ERROR yfinance: PAVMZ: Period 'max' is invalid, must be one of: 1d, 5d
2026-07-29 17:33:33,952 ERROR yfinance: $PAYOW: possibly delisted; no timezone found
2026-07-29 17:33:34,701 ERROR yfinance: $PBAXW: possibly delisted; no timezone found
2026-07-29 17:33:36,308 ERROR yfinance: $PBTS: possibly delisted; no timezone found
2026-07-29 17:33:37,574 ERROR yfinance: $PCCTW: possibly delisted; no timezone found
2026-07-29 17:33:37,853 ERROR yfinance: $PCOM: possibly delisted; no timezone found
2026-07-29 17:33:38,201 ERROR yfinance: $PCPC.WS: possibly delisted; no timezone found
2026-07-29 17:33:39,830 ERROR yfinance: $PCXCW: possibly delisted; no timezone found
2026-07-29 17:33:40,450 ERROR yfinance: $PDAC.WS: possibly delisted; no timezone found
2026-07-29 17:33:42,105 ERROR yfinance: $PDOT.WS: possibly delisted; no timezone found
2026-07-29 17:33:43,434 ERROR yfinance: $PEARW: possibly delisted; no timezone found
2026-07-29 17:33:43,723 ERROR yfinance: $PECK: possibly delisted; no timezone found
2026-07-29 17:33:44,647 ERROR yfinance: $PEGRW: possibly delisted; no timezone found
2026-07-29 17:33:44,971 ERROR yfinance: $PEGY: possibly delisted; no timezone found
2026-07-29 17:33:45,364 ERROR yfinance: $PEI: possibly delisted; no timezone found
2026-07-29 17:33:45,783 ERROR yfinance: $PEIPC: possibly delisted; no timezone found
2026-07-29 17:33:46,111 ERROR yfinance: $PEIPD: possibly delisted; no timezone found
2026-07-29 17:33:46,632 ERROR yfinance: PEPLW: Period 'max' is invalid, must be one of: 1d, 5d
2026-07-29 17:33:47,148 ERROR yfinance: $PERF.WS: possibly delisted; no timezone found
2026-07-29 17:33:47,434 ERROR yfinance: $PET: possibly delisted; no timezone found
2026-07-29 17:33:47,793 ERROR yfinance: $PETQ: possibly delisted; no timezone found
2026-07-29 17:33:49,168 ERROR yfinance: PETVW: Period 'max' is invalid, must be one of: 1d, 5d
2026-07-29 17:33:49,538 ERROR yfinance: $PETWW: possibly delisted; no timezone found
2026-07-29 17:33:50,260 ERROR yfinance: $PEV: possibly delisted; no timezone found
2026-07-29 17:33:50,666 ERROR yfinance: $PFDRW: possibly delisted; no timezone found
2026-07-29 17:33:50,994 ERROR yfinance: $PFSW: possibly delisted; no timezone found
2026-07-29 17:33:51,282 ERROR yfinance: $PFTAW: possibly delisted; no timezone found
2026-07-29 17:33:52,311 ERROR yfinance: $PGRU: possibly delisted; no timezone found
2026-07-29 17:33:52,651 ERROR yfinance: $PGRWW: possibly delisted; no timezone found
2026-07-29 17:33:52,965 ERROR yfinance: $PGSS.WS: possibly delisted; no timezone found
2026-07-29 17:33:53,943 ERROR yfinance: $PHAS: possibly delisted; no timezone found
2026-07-29 17:33:54,619 ERROR yfinance: $PHCF: possibly delisted; no timezone found
2026-07-29 17:33:54,995 ERROR yfinance: $PHGE.U: possibly delisted; no timezone found
2026-07-29 17:33:55,336 ERROR yfinance: $PHGE.WS: possibly delisted; no timezone found
2026-07-29 17:33:55,670 ERROR yfinance: $PHICW: possibly delisted; no timezone found
2026-07-29 17:33:56,328 ERROR yfinance: $PHIOW: possibly delisted; no timezone found
2026-07-29 17:33:56,990 ERROR yfinance: PHUNW: Period 'max' is invalid, must be one of: 1d, 5d
2026-07-29 17:33:57,632 ERROR yfinance: $PHYT.WS: possibly delisted; no timezone found
2026-07-29 17:33:57,948 ERROR yfinance: $PIAI.WS: possibly delisted; no timezone found
2026-07-29 17:33:58,301 ERROR yfinance: $PICC.WS: possibly delisted; no timezone found
2026-07-29 17:33:59,010 ERROR yfinance: $PIK: possibly delisted; no timezone found
2026-07-29 17:33:59,942 ERROR yfinance: $PING: possibly delisted; no timezone found
2026-07-29 17:34:00,267 ERROR yfinance: $PIPP.WS: possibly delisted; no timezone found
2026-07-29 17:34:00,624 ERROR yfinance: $PIRS: possibly delisted; no timezone found
2026-07-29 17:34:01,033 ERROR yfinance: $PIXY: possibly delisted; no timezone found
2026-07-29 17:34:01,874 ERROR yfinance: $PKBO: possibly delisted; no timezone found
2026-07-29 17:34:02,243 ERROR yfinance: $PKBOW: possibly delisted; no timezone found
2026-07-29 17:34:02,541 ERROR yfinance: $PL.WS: possibly delisted; no timezone found
2026-07-29 17:34:03,269 ERROR yfinance: $PLAOW: possibly delisted; no timezone found
2026-07-29 17:34:03,617 ERROR yfinance: $PLIN: possibly delisted; no timezone found
2026-07-29 17:34:04,069 ERROR yfinance: $PLM: possibly delisted; no timezone found
2026-07-29 17:34:04,385 ERROR yfinance: $PLMIW: possibly delisted; no timezone found
2026-07-29 17:34:06,600 ERROR yfinance: $PLXP: possibly delisted; no timezone found
2026-07-29 17:34:07,375 ERROR yfinance: $PMD: possibly delisted; no timezone found
2026-07-29 17:34:07,666 ERROR yfinance: $PME: possibly delisted; no timezone found
2026-07-29 17:34:08,127 ERROR yfinance: $PMGMW: possibly delisted; no timezone found
2026-07-29 17:34:08,785 ERROR yfinance: $PMVC.WS: possibly delisted; no timezone found
2026-07-29 17:34:09,470 ERROR yfinance: $PNACR: possibly delisted; no timezone found
2026-07-29 17:34:09,787 ERROR yfinance: $PNACW: possibly delisted; no timezone found
2026-07-29 17:34:11,075 ERROR yfinance: $PNT: possibly delisted; no timezone found
2026-07-29 17:34:11,421 ERROR yfinance: $PNTM.WS: possibly delisted; no timezone found
2026-07-29 17:34:11,737 ERROR yfinance: $POAI: possibly delisted; no timezone found
2026-07-29 17:34:12,085 ERROR yfinance: $POL: possibly delisted; no timezone found
2026-07-29 17:34:12,428 ERROR yfinance: $POL.WS: possibly delisted; no timezone found
2026-07-29 17:34:13,281 ERROR yfinance: $POLY: possibly delisted; no timezone found
2026-07-29 17:34:13,841 ERROR yfinance: $POND.WS: possibly delisted; no timezone found
2026-07-29 17:34:14,734 ERROR yfinance: $PONOW: possibly delisted; no timezone found
2026-07-29 17:34:15,023 ERROR yfinance: $PORT.WS: possibly delisted; no timezone found
2026-07-29 17:34:15,313 ERROR yfinance: $POSH: possibly delisted; no timezone found
2026-07-29 17:34:16,556 ERROR yfinance: $POWRW: possibly delisted; no timezone found
2026-07-29 17:34:17,628 ERROR yfinance: $PPGHW: possibly delisted; no timezone found
2026-07-29 17:34:18,121 ERROR yfinance: $PPHPR: possibly delisted; no timezone found
2026-07-29 17:34:18,426 ERROR yfinance: $PPHPW: possibly delisted; no timezone found
2026-07-29 17:34:19,021 ERROR yfinance: PPYAW: Period 'max' is invalid, must be one of: 1d, 5d
2026-07-29 17:34:19,570 ERROR yfinance: $PRBM.WS: possibly delisted; no timezone found
2026-07-29 17:34:20,179 ERROR yfinance: $PRCHW: possibly delisted; no timezone found
2026-07-29 17:34:22,752 ERROR yfinance: PRLHW: Period 'max' is invalid, must be one of: 1d, 5d
2026-07-29 17:34:23,091 ERROR yfinance: $PROG: possibly delisted; no timezone found
2026-07-29 17:34:23,742 ERROR yfinance: $PRPB.WS: possibly delisted; no timezone found
2026-07-29 17:34:24,072 ERROR yfinance: $PRPC.WS: possibly delisted; no timezone found
2026-07-29 17:34:25,535 ERROR yfinance: $PRPLW: possibly delisted; no timezone found
2026-07-29 17:34:26,762 ERROR yfinance: $PRSRW: possibly delisted; no timezone found
2026-07-29 17:34:27,415 ERROR yfinance: $PRSTW: possibly delisted; no timezone found
2026-07-29 17:34:28,083 ERROR yfinance: $PRTG: possibly delisted; no timezone found
2026-07-29 17:34:29,212 ERROR yfinance: $PRTY: possibly delisted; no timezone found
2026-07-29 17:34:29,555 ERROR yfinance: $PRVB: possibly delisted; no timezone found
2026-07-29 17:34:30,057 ERROR yfinance: $PRVL: possibly delisted; no timezone found
2026-07-29 17:34:30,388 ERROR yfinance: $PSACW: possibly delisted; no timezone found
2026-07-29 17:34:30,717 ERROR yfinance: $PSAGW: possibly delisted; no timezone found
2026-07-29 17:34:31,287 ERROR yfinance: $PSFE.WS: possibly delisted; no timezone found
2026-07-29 17:34:32,478 ERROR yfinance: $PSPC.WS: possibly delisted; no timezone found
2026-07-29 17:34:32,814 ERROR yfinance: $PSTH.WS: possibly delisted; no timezone found
2026-07-29 17:34:33,159 ERROR yfinance: $PSTI: possibly delisted; no timezone found
2026-07-29 17:34:33,860 ERROR yfinance: $PSTX: possibly delisted; no timezone found
2026-07-29 17:34:34,358 ERROR yfinance: $PT: possibly delisted; no timezone found
2026-07-29 17:34:34,697 ERROR yfinance: $PTE: possibly delisted; no timezone found
2026-07-29 17:34:35,497 ERROR yfinance: $PTICW: possibly delisted; no timezone found
2026-07-29 17:34:36,237 ERROR yfinance: $PTIXW: possibly delisted; no timezone found
2026-07-29 17:34:36,604 ERROR yfinance: $PTMN: possibly delisted; no timezone found
2026-07-29 17:34:37,513 ERROR yfinance: $PTOCW: possibly delisted; no timezone found
2026-07-29 17:34:38,492 ERROR yfinance: $PTRAW: possibly delisted; no timezone found
2026-07-29 17:34:38,817 ERROR yfinance: $PTSI: possibly delisted; no timezone found
2026-07-29 17:34:39,147 ERROR yfinance: $PTVCA: possibly delisted; no timezone found
2026-07-29 17:34:39,519 ERROR yfinance: $PTVCB: possibly delisted; no timezone found
2026-07-29 17:34:39,796 ERROR yfinance: $PTWOW: possibly delisted; no timezone found
2026-07-29 17:34:40,037 ERROR yfinance: PUCKW: Period 'max' is invalid, must be one of: 1d, 5d
2026-07-29 17:34:40,856 ERROR yfinance: $PV.WS: possibly delisted; no timezone found
2026-07-29 17:34:41,827 ERROR yfinance: $PWPPW: possibly delisted; no timezone found
2026-07-29 17:34:42,162 ERROR yfinance: $PWUPW: possibly delisted; no timezone found
2026-07-29 17:34:43,057 ERROR yfinance: PXSAW: Period 'max' is invalid, must be one of: 1d, 5d
2026-07-29 17:34:43,694 ERROR yfinance: $PYR: possibly delisted; no timezone found
2026-07-29 17:34:43,997 ERROR yfinance: $PZN: possibly delisted; no timezone found
2026-07-29 17:34:44,350 ERROR yfinance: $QADB: possibly delisted; no timezone found
2026-07-29 17:34:45,058 ERROR yfinance: $QD: possibly delisted; no timezone found
2026-07-29 17:34:46,021 ERROR yfinance: $QELLW: possibly delisted; no timezone found
2026-07-29 17:34:46,759 ERROR yfinance: $QFTA.WS: possibly delisted; no timezone found
2026-07-29 17:34:48,082 ERROR yfinance: $QK: possibly delisted; no timezone found
2026-07-29 17:34:48,918 ERROR yfinance: $QLGN: possibly delisted; no timezone found
2026-07-29 17:34:49,654 ERROR yfinance: $QNGY: possibly delisted; no timezone found
2026-07-29 17:34:50,181 ERROR yfinance: $QNGY.WS: possibly delisted; no timezone found
2026-07-29 17:34:51,235 ERROR yfinance: $QOMOW: possibly delisted; no timezone found
2026-07-29 17:34:51,598 ERROR yfinance: $QRTEA: possibly delisted; no timezone found
2026-07-29 17:34:51,944 ERROR yfinance: $QRTEB: possibly delisted; no timezone found
2026-07-29 17:34:52,507 ERROR yfinance: $QS.WS: possibly delisted; no timezone found
2026-07-29 17:34:53,731 ERROR yfinance: $QTEK: possibly delisted; no timezone found
2026-07-29 17:34:54,076 ERROR yfinance: $QTEKW: possibly delisted; no timezone found
2026-07-29 17:34:54,441 ERROR yfinance: $QTNT: possibly delisted; no timezone found
2026-07-29 17:34:55,147 ERROR yfinance: $QTT: possibly delisted; no timezone found
2026-07-29 17:34:55,882 ERROR yfinance: $QUOT: possibly delisted; no timezone found
2026-07-29 17:34:56,507 ERROR yfinance: $RAACW: possibly delisted; no timezone found
2026-07-29 17:34:56,822 ERROR yfinance: $RAAS: possibly delisted; no timezone found
2026-07-29 17:34:57,266 ERROR yfinance: $RACYW: possibly delisted; no timezone found
2026-07-29 17:34:57,636 ERROR yfinance: $RAD: possibly delisted; no timezone found
2026-07-29 17:34:58,793 ERROR yfinance: $RAMMW: possibly delisted; no timezone found
2026-07-29 17:34:59,577 ERROR yfinance: $RAPT: possibly delisted; no timezone found
2026-07-29 17:35:00,436 ERROR yfinance: $RAVN: possibly delisted; no timezone found
2026-07-29 17:35:00,695 ERROR yfinance: $RBAC.WS: possibly delisted; no timezone found
2026-07-29 17:35:02,340 ERROR yfinance: $RBOT.WS: possibly delisted; no timezone found
2026-07-29 17:35:02,774 ERROR yfinance: $RBT: possibly delisted; no timezone found
2026-07-29 17:35:03,072 ERROR yfinance: $RBT.WS: possibly delisted; no timezone found
2026-07-29 17:35:03,382 ERROR yfinance: $RCACW: possibly delisted; no timezone found
2026-07-29 17:35:04,172 ERROR yfinance: $RCFA.WS: possibly delisted; no timezone found
2026-07-29 17:35:04,520 ERROR yfinance: $RCHGW: possibly delisted; no timezone found
2026-07-29 17:35:05,265 ERROR yfinance: $RCLFW: possibly delisted; no timezone found
2026-07-29 17:35:05,583 ERROR yfinance: $RCM: possibly delisted; no timezone found
2026-07-29 17:35:07,328 ERROR yfinance: $RCOR.WS: possibly delisted; no timezone found
2026-07-29 17:35:07,644 ERROR yfinance: $RCRTW: possibly delisted; no timezone found
2026-07-29 17:35:08,823 ERROR yfinance: $RDBX: possibly delisted; no timezone found
2026-07-29 17:35:09,177 ERROR yfinance: $RDBXW: possibly delisted; no timezone found
2026-07-29 17:35:10,481 ERROR yfinance: $RDUS: possibly delisted; no timezone found
2026-07-29 17:35:11,157 ERROR yfinance: $RDW.WS: possibly delisted; no timezone found
2026-07-29 17:35:11,849 ERROR yfinance: $REDU: possibly delisted; no timezone found
2026-07-29 17:35:12,455 ERROR yfinance: $REEAW: possibly delisted; no timezone found
2026-07-29 17:35:13,798 ERROR yfinance: $REGI: possibly delisted; no timezone found
2026-07-29 17:35:15,473 ERROR yfinance: $RELI: possibly delisted; no timezone found
2026-07-29 17:35:15,850 ERROR yfinance: $RELIW: possibly delisted; no timezone found
2026-07-29 17:35:16,174 ERROR yfinance: $RENEW: possibly delisted; no timezone found
2026-07-29 17:35:16,490 ERROR yfinance: $RENN: possibly delisted; no timezone found
2026-07-29 17:35:17,498 ERROR yfinance: $REPH: possibly delisted; no timezone found
2026-07-29 17:35:19,173 ERROR yfinance: $RESN: possibly delisted; no timezone found
2026-07-29 17:35:19,525 ERROR yfinance: $RETA: possibly delisted; no timezone found
2026-07-29 17:35:20,462 ERROR yfinance: $REV: possibly delisted; no timezone found
2026-07-29 17:35:21,132 ERROR yfinance: $REVBU: possibly delisted; no timezone found
2026-07-29 17:35:21,779 ERROR yfinance: $REVEW: possibly delisted; no timezone found
2026-07-29 17:35:22,076 ERROR yfinance: $REVG: possibly delisted; no timezone found
2026-07-29 17:35:22,366 ERROR yfinance: $REVHW: possibly delisted; no timezone found
2026-07-29 17:35:24,023 ERROR yfinance: $RFACR: possibly delisted; no timezone found
2026-07-29 17:35:24,350 ERROR yfinance: $RFACW: possibly delisted; no timezone found
2026-07-29 17:35:25,020 ERROR yfinance: $RFP: possibly delisted; no timezone found
2026-07-29 17:35:25,660 ERROR yfinance: $RGLS: possibly delisted; no timezone found
2026-07-29 17:35:27,206 ERROR yfinance: $RHE: possibly delisted; no timezone found
2026-07-29 17:35:28,806 ERROR yfinance: $RICE: possibly delisted; no timezone found
2026-07-29 17:35:29,324 ERROR yfinance: $RICE.U: possibly delisted; no timezone found
2026-07-29 17:35:29,669 ERROR yfinance: $RICE.WS: possibly delisted; no timezone found
2026-07-29 17:35:29,991 ERROR yfinance: $RICO: possibly delisted; no timezone found
2026-07-29 17:35:30,292 ERROR yfinance: $RICOW: possibly delisted; no timezone found
2026-07-29 17:35:30,643 ERROR yfinance: $RIDE: possibly delisted; no timezone found
2026-07-29 17:35:30,936 ERROR yfinance: $RIDEW: possibly delisted; no timezone found
2026-07-29 17:35:32,835 ERROR yfinance: $RIVR: possibly delisted; no price data found  (1d 1927-08-23 -> 2026-07-29)
2026-07-29 17:35:33,163 ERROR yfinance: $RIVRW: possibly delisted; no timezone found
2026-07-29 17:35:33,464 ERROR yfinance: $RJAC.WS: possibly delisted; no timezone found
2026-07-29 17:35:35,316 ERROR yfinance: $RKLBW: possibly delisted; no timezone found
2026-07-29 17:35:35,636 ERROR yfinance: $RKLY: possibly delisted; no timezone found
2026-07-29 17:35:36,190 ERROR yfinance: $RKLY.WS: possibly delisted; no timezone found
2026-07-29 17:35:36,874 ERROR yfinance: $RKTA.WS: possibly delisted; no timezone found
2026-07-29 17:35:38,706 ERROR yfinance: $RMBL: possibly delisted; no timezone found
2026-07-29 17:35:39,056 ERROR yfinance: $RMED: possibly delisted; no timezone found
2026-07-29 17:35:39,475 ERROR yfinance: $RMG.WS: possibly delisted; no timezone found
2026-07-29 17:35:39,792 ERROR yfinance: $RMGCW: possibly delisted; no timezone found
2026-07-29 17:35:40,476 ERROR yfinance: $RMO: possibly delisted; no timezone found
2026-07-29 17:35:40,824 ERROR yfinance: $RMO.WS: possibly delisted; no timezone found
2026-07-29 17:35:42,181 ERROR yfinance: $RNERW: possibly delisted; no timezone found
2026-07-29 17:35:42,509 ERROR yfinance: $RNLX: possibly delisted; no timezone found
2026-07-29 17:35:42,903 ERROR yfinance: $RNWK: possibly delisted; no timezone found
2026-07-29 17:35:43,538 ERROR yfinance: $ROCAR: possibly delisted; no timezone found
2026-07-29 17:35:43,875 ERROR yfinance: $ROCC: possibly delisted; no timezone found
2026-07-29 17:35:44,200 ERROR yfinance: $ROCGW: possibly delisted; no timezone found
2026-07-29 17:35:44,493 ERROR yfinance: $ROCHW: possibly delisted; no timezone found
2026-07-29 17:35:44,784 ERROR yfinance: $ROCLW: possibly delisted; no timezone found
2026-07-29 17:35:45,123 ERROR yfinance: $ROCRW: possibly delisted; no timezone found
2026-07-29 17:35:46,655 ERROR yfinance: $ROIVW: possibly delisted; no timezone found
2026-07-29 17:35:48,313 ERROR yfinance: $RONI.WS: possibly delisted; no timezone found
2026-07-29 17:35:49,023 ERROR yfinance: $ROSEW: possibly delisted; no timezone found
2026-07-29 17:35:49,534 ERROR yfinance: $ROSS.WS: possibly delisted; no timezone found
2026-07-29 17:35:49,853 ERROR yfinance: $ROT.WS: possibly delisted; no timezone found
2026-07-29 17:35:50,230 ERROR yfinance: $ROVRW: possibly delisted; no timezone found
2026-07-29 17:35:50,933 ERROR yfinance: $RPHM: possibly delisted; no timezone found
2026-07-29 17:35:51,538 ERROR yfinance: $RPLA.WS: possibly delisted; no timezone found
2026-07-29 17:35:51,873 ERROR yfinance: $RPTX: possibly delisted; no timezone found
2026-07-29 17:35:52,188 ERROR yfinance: $RRAC.WS: possibly delisted; no timezone found
2026-07-29 17:35:52,584 ERROR yfinance: $RRD: possibly delisted; no timezone found
2026-07-29 17:35:52,928 ERROR yfinance: $RSI.WS: possibly delisted; no timezone found
2026-07-29 17:35:53,551 ERROR yfinance: $RSLS: possibly delisted; no timezone found
2026-07-29 17:35:53,894 ERROR yfinance: $RSVAU: possibly delisted; no timezone found
2026-07-29 17:35:54,211 ERROR yfinance: $RSVAW: possibly delisted; no timezone found
2026-07-29 17:35:55,412 ERROR yfinance: $RTPZ.WS: possibly delisted; no timezone found
2026-07-29 17:35:55,703 ERROR yfinance: $RUBY: possibly delisted; no timezone found
2026-07-29 17:35:58,531 ERROR yfinance: $RVAC: possibly delisted; no timezone found
2026-07-29 17:35:58,877 ERROR yfinance: $RVACU: possibly delisted; no timezone found
2026-07-29 17:35:59,440 ERROR yfinance: $RVNC: possibly delisted; no timezone found
2026-07-29 17:36:00,334 ERROR yfinance: RVPHW: Period 'max' is invalid, must be one of: 1d, 5d
2026-07-29 17:36:01,186 ERROR yfinance: $RWLK: possibly delisted; no timezone found
2026-07-29 17:36:01,527 ERROR yfinance: $RWODR: possibly delisted; no timezone found
2026-07-29 17:36:01,793 ERROR yfinance: $RWODW: possibly delisted; no timezone found
2026-07-29 17:36:03,266 ERROR yfinance: $RXRAW: possibly delisted; no timezone found
2026-07-29 17:36:04,402 ERROR yfinance: $RYB: possibly delisted; no timezone found
2026-07-29 17:36:06,966 ERROR yfinance: $SAGAR: possibly delisted; no timezone found
2026-07-29 17:36:07,340 ERROR yfinance: $SAI: possibly delisted; no timezone found
2026-07-29 17:36:07,711 ERROR yfinance: $SAIIW: possibly delisted; no timezone found
2026-07-29 17:36:07,996 ERROR yfinance: $SAITW: possibly delisted; no timezone found
2026-07-29 17:36:08,315 ERROR yfinance: $SAL: possibly delisted; no timezone found
2026-07-29 17:36:09,816 ERROR yfinance: $SAMAU: possibly delisted; no timezone found
2026-07-29 17:36:10,127 ERROR yfinance: $SAMAW: possibly delisted; no timezone found
2026-07-29 17:36:10,428 ERROR yfinance: $SANBW: possibly delisted; no timezone found
2026-07-29 17:36:11,437 ERROR yfinance: $SATX: possibly delisted; no timezone found
2026-07-29 17:36:11,837 ERROR yfinance: $SATX.WS.A: possibly delisted; no timezone found
2026-07-29 17:36:12,155 ERROR yfinance: $SAVA: possibly delisted; no timezone found
2026-07-29 17:36:12,454 ERROR yfinance: $SBE.WS: possibly delisted; no timezone found
2026-07-29 17:36:12,822 ERROR yfinance: $SBEAW: possibly delisted; no timezone found
2026-07-29 17:36:13,603 ERROR yfinance: $SBEV.WS: possibly delisted; no timezone found
2026-07-29 17:36:14,714 ERROR yfinance: SBIGW: Period 'max' is invalid, must be one of: 1d, 5d
2026-07-29 17:36:15,141 ERROR yfinance: $SBII.WS: possibly delisted; no timezone found
2026-07-29 17:36:15,716 ERROR yfinance: $SCAQW: possibly delisted; no timezone found
2026-07-29 17:36:16,733 INFO corporate_actions: [3200/4064] 2.7 sym/s — 1519 splits, 15195 dividends so far
2026-07-29 17:36:19,460 ERROR yfinance: $SCLEW: possibly delisted; no timezone found
2026-07-29 17:36:20,419 ERROR yfinance: $SCMAW: possibly delisted; no timezone found
2026-07-29 17:36:21,206 ERROR yfinance: $SCOAW: possibly delisted; no timezone found
2026-07-29 17:36:21,496 ERROR yfinance: $SCOBW: possibly delisted; no timezone found
2026-07-29 17:36:21,867 ERROR yfinance: $SCPE: possibly delisted; no timezone found
2026-07-29 17:36:22,310 ERROR yfinance: $SCPE.U: possibly delisted; no timezone found
2026-07-29 17:36:22,664 ERROR yfinance: $SCPH: possibly delisted; no timezone found
2026-07-29 17:36:23,254 ERROR yfinance: $SCR: possibly delisted; no timezone found
2026-07-29 17:36:23,801 ERROR yfinance: $SCRMW: possibly delisted; no timezone found
2026-07-29 17:36:24,134 ERROR yfinance: $SCUA.WS: possibly delisted; no timezone found
2026-07-29 17:36:24,718 ERROR yfinance: $SCVX.WS: possibly delisted; no timezone found
2026-07-29 17:36:25,557 ERROR yfinance: $SDACW: possibly delisted; no timezone found
2026-07-29 17:36:26,655 ERROR yfinance: $SDH: possibly delisted; no timezone found
2026-07-29 17:36:26,994 ERROR yfinance: $SDIG: possibly delisted; no timezone found
2026-07-29 17:36:28,539 ERROR yfinance: $SDPI: possibly delisted; no timezone found
2026-07-29 17:36:30,570 ERROR yfinance: $SEAH.WS: possibly delisted; no timezone found
2026-07-29 17:36:30,946 ERROR yfinance: $SECO: possibly delisted; no timezone found
2026-07-29 17:36:31,284 ERROR yfinance: $SEDA.WS: possibly delisted; no timezone found
2026-07-29 17:36:32,031 ERROR yfinance: $SEEL: possibly delisted; no timezone found
2026-07-29 17:36:33,106 ERROR yfinance: $SES.WS: possibly delisted; no timezone found
2026-07-29 17:36:33,443 ERROR yfinance: $SESN: possibly delisted; no timezone found
2026-07-29 17:36:34,686 ERROR yfinance: $SFET: possibly delisted; no timezone found
2026-07-29 17:36:35,328 ERROR yfinance: $SFT: possibly delisted; no timezone found
2026-07-29 17:36:35,715 ERROR yfinance: $SFTTW: possibly delisted; no timezone found
2026-07-29 17:36:36,004 ERROR yfinance: $SFTW.U: possibly delisted; no timezone found
2026-07-29 17:36:36,416 ERROR yfinance: $SFTW.WS: possibly delisted; no timezone found
2026-07-29 17:36:37,054 ERROR yfinance: $SGAMU: possibly delisted; no timezone found
2026-07-29 17:36:37,376 ERROR yfinance: $SGAMW: possibly delisted; no timezone found
2026-07-29 17:36:37,719 ERROR yfinance: $SGBX: possibly delisted; no timezone found
2026-07-29 17:36:38,813 ERROR yfinance: $SGH: possibly delisted; no timezone found
2026-07-29 17:36:39,514 ERROR yfinance: $SGHC.WS: possibly delisted; no timezone found
2026-07-29 17:36:39,929 ERROR yfinance: $SGHLW: possibly delisted; no timezone found
2026-07-29 17:36:40,569 ERROR yfinance: $SGIIW: possibly delisted; no timezone found
2026-07-29 17:36:40,910 ERROR yfinance: $SGLB: possibly delisted; no timezone found
2026-07-29 17:36:41,229 ERROR yfinance: $SGLBW: possibly delisted; no timezone found
2026-07-29 17:36:41,856 ERROR yfinance: $SGMA: possibly delisted; no timezone found
2026-07-29 17:36:42,120 ERROR yfinance: $SGMO: possibly delisted; no price data found  (1d 1927-08-23 -> 2026-07-29)
2026-07-29 17:36:42,464 ERROR yfinance: $SGOC: possibly delisted; no timezone found
2026-07-29 17:36:42,893 ERROR yfinance: $SGTX: possibly delisted; no timezone found
2026-07-29 17:36:43,209 ERROR yfinance: $SHACW: possibly delisted; no timezone found
2026-07-29 17:36:43,502 ERROR yfinance: $SHAP.WS: possibly delisted; no timezone found
2026-07-29 17:36:44,392 ERROR yfinance: $SHCAW: possibly delisted; no timezone found
2026-07-29 17:36:44,650 ERROR yfinance: $SHCRW: possibly delisted; no timezone found
2026-07-29 17:36:47,101 ERROR yfinance: $SHIPW: possibly delisted; no timezone found
2026-07-29 17:36:47,366 ERROR yfinance: $SHIPZ: possibly delisted; no timezone found
2026-07-29 17:36:48,477 ERROR yfinance: $SHPW: possibly delisted; no timezone found
2026-07-29 17:36:48,950 ERROR yfinance: $SHPW.WS: possibly delisted; no timezone found
2026-07-29 17:36:49,295 ERROR yfinance: $SHQAW: possibly delisted; no timezone found
2026-07-29 17:36:49,631 ERROR yfinance: $SHUAW: possibly delisted; no timezone found
2026-07-29 17:36:51,843 ERROR yfinance: $SIEN: possibly delisted; no timezone found
2026-07-29 17:36:52,193 ERROR yfinance: $SIERW: possibly delisted; no timezone found
2026-07-29 17:36:54,844 ERROR yfinance: $SINO: possibly delisted; no timezone found
2026-07-29 17:36:55,767 ERROR yfinance: $SIOX: possibly delisted; no timezone found
2026-07-29 17:36:57,360 ERROR yfinance: $SJI: possibly delisted; no timezone found
2026-07-29 17:36:57,672 ERROR yfinance: $SJR: possibly delisted; no timezone found
2026-07-29 17:36:58,632 ERROR yfinance: $SKGRW: possibly delisted; no timezone found
2026-07-29 17:36:59,008 ERROR yfinance: $SKIL.WS: possibly delisted; no timezone found
2026-07-29 17:36:59,358 ERROR yfinance: $SKLZ.WS: possibly delisted; no timezone found
2026-07-29 17:37:00,169 ERROR yfinance: SKYAW: Period 'max' is invalid, must be one of: 1d, 5d
2026-07-29 17:37:00,871 ERROR yfinance: $SKYH.WS: possibly delisted; no timezone found
2026-07-29 17:37:01,932 ERROR yfinance: $SLAC.WS: possibly delisted; no timezone found
2026-07-29 17:37:02,262 ERROR yfinance: $SLAMW: possibly delisted; no timezone found
2026-07-29 17:37:02,636 ERROR yfinance: $SLCRU: possibly delisted; no timezone found
2026-07-29 17:37:03,048 ERROR yfinance: $SLCRW: possibly delisted; no timezone found
2026-07-29 17:37:04,936 ERROR yfinance: $SLGCW: possibly delisted; no timezone found
2026-07-29 17:37:05,446 ERROR yfinance: $SLGG: possibly delisted; no timezone found
2026-07-29 17:37:06,154 ERROR yfinance: $SLNA: possibly delisted; no timezone found
2026-07-29 17:37:06,552 ERROR yfinance: $SLNAW: possibly delisted; no timezone found
2026-07-29 17:37:08,099 ERROR yfinance: $SLNO: possibly delisted; no timezone found
2026-07-29 17:37:08,674 ERROR yfinance: $SLRX: possibly delisted; no timezone found
2026-07-29 17:37:09,989 ERROR yfinance: $SLVRW: possibly delisted; no timezone found
2026-07-29 17:37:10,415 ERROR yfinance: $SMAPW: possibly delisted; no timezone found
2026-07-29 17:37:11,315 ERROR yfinance: $SMED: possibly delisted; no timezone found
2026-07-29 17:37:11,987 ERROR yfinance: $SMFR: possibly delisted; no timezone found
2026-07-29 17:37:12,324 ERROR yfinance: $SMFRW: possibly delisted; no timezone found
2026-07-29 17:37:12,577 ERROR yfinance: $SMIHW: possibly delisted; no timezone found
2026-07-29 17:37:13,395 ERROR yfinance: $SMLP: possibly delisted; no timezone found
2026-07-29 17:37:13,715 ERROR yfinance: $SMLR: possibly delisted; no timezone found
2026-07-29 17:37:16,121 ERROR yfinance: $SMTS: possibly delisted; no timezone found
2026-07-29 17:37:17,521 ERROR yfinance: $SNAXW: possibly delisted; no timezone found
2026-07-29 17:37:18,020 ERROR yfinance: $SNCE: possibly delisted; no timezone found
2026-07-29 17:37:18,650 ERROR yfinance: $SNDE: possibly delisted; no timezone found
2026-07-29 17:37:20,578 ERROR yfinance: $SNGXW: possibly delisted; no timezone found
2026-07-29 17:37:20,924 ERROR yfinance: $SNII.WS: possibly delisted; no timezone found
2026-07-29 17:37:21,244 ERROR yfinance: $SNMP: possibly delisted; no timezone found
2026-07-29 17:37:21,988 ERROR yfinance: $SNPR: possibly delisted; no timezone found
2026-07-29 17:37:22,302 ERROR yfinance: $SNPR.U: possibly delisted; no timezone found
2026-07-29 17:37:22,674 ERROR yfinance: $SNPR.WS: possibly delisted; no timezone found
2026-07-29 17:37:23,046 ERROR yfinance: $SNRHW: possibly delisted; no timezone found
2026-07-29 17:37:24,568 ERROR yfinance: $SOAC.WS: possibly delisted; no timezone found
2026-07-29 17:37:25,201 ERROR yfinance: $SOHO: possibly delisted; no timezone found
2026-07-29 17:37:26,880 ERROR yfinance: $SOL: possibly delisted; no timezone found
2026-07-29 17:37:27,247 ERROR yfinance: $SOLO: possibly delisted; no timezone found
2026-07-29 17:37:27,545 ERROR yfinance: $SOLOW: possibly delisted; no timezone found
2026-07-29 17:37:27,897 ERROR yfinance: $SOND: possibly delisted; no timezone found
2026-07-29 17:37:28,179 ERROR yfinance: $SONDW: possibly delisted; no timezone found
2026-07-29 17:37:29,154 ERROR yfinance: $SONN: possibly delisted; no timezone found
2026-07-29 17:37:32,612 WARNING corporate_actions: SOXS: insert failed, skipping: numeric field overflow
DETAIL:  A field with precision 18, scale 8 must round to an absolute value less than 10^10.
2026-07-29 17:37:33,534 ERROR yfinance: $SPAQ.U: possibly delisted; no timezone found
2026-07-29 17:37:33,880 ERROR yfinance: $SPAQ.WS: possibly delisted; no timezone found
2026-07-29 17:37:34,898 ERROR yfinance: $SPCMW: possibly delisted; no timezone found
2026-07-29 17:37:35,160 ERROR yfinance: $SPER: possibly delisted; no price data found  (1d 1927-08-23 -> 2026-07-29)
2026-07-29 17:37:35,527 ERROR yfinance: $SPGS.WS: possibly delisted; no timezone found
2026-07-29 17:37:35,929 INFO corporate_actions: [3400/4064] 2.7 sym/s — 1707 splits, 16707 dividends so far
2026-07-29 17:37:36,317 ERROR yfinance: $SPIR.WS: possibly delisted; no timezone found
2026-07-29 17:37:36,620 ERROR yfinance: $SPKAR: possibly delisted; no timezone found
2026-07-29 17:37:36,975 ERROR yfinance: $SPKBW: possibly delisted; no timezone found
2026-07-29 17:37:37,338 ERROR yfinance: $SPNV.WS: possibly delisted; no timezone found
2026-07-29 17:37:37,630 ERROR yfinance: $SPPI: possibly delisted; no timezone found
2026-07-29 17:37:39,342 ERROR yfinance: $SPRT: possibly delisted; no timezone found
2026-07-29 17:37:40,276 ERROR yfinance: $SPTKW: possibly delisted; no timezone found
2026-07-29 17:37:42,576 ERROR yfinance: $SQBG: possibly delisted; no timezone found
2026-07-29 17:37:43,491 ERROR yfinance: SQLLW: Period 'max' is invalid, must be one of: 1d, 5d
2026-07-29 17:37:43,829 ERROR yfinance: $SQMR: possibly delisted; no timezone found
2026-07-29 17:37:44,115 ERROR yfinance: $SQMRW: possibly delisted; no timezone found
2026-07-29 17:37:44,856 ERROR yfinance: $SQSP: possibly delisted; no timezone found
2026-07-29 17:37:45,220 ERROR yfinance: $SQZ: possibly delisted; no timezone found
2026-07-29 17:37:45,559 ERROR yfinance: $SRACU: possibly delisted; no timezone found
2026-07-29 17:37:45,855 ERROR yfinance: $SRACW: possibly delisted; no timezone found
2026-07-29 17:37:46,146 ERROR yfinance: $SREV: possibly delisted; no timezone found
2026-07-29 17:37:46,942 ERROR yfinance: $SRGA: possibly delisted; no timezone found
2026-07-29 17:37:47,269 ERROR yfinance: $SRGPA: possibly delisted; no timezone found
2026-07-29 17:37:49,261 ERROR yfinance: $SRRA: possibly delisted; no timezone found
2026-07-29 17:37:50,525 ERROR yfinance: $SRSAW: possibly delisted; no timezone found
2026-07-29 17:37:52,321 ERROR yfinance: $SSAAW: possibly delisted; no timezone found
2026-07-29 17:37:53,244 ERROR yfinance: $SSNT: possibly delisted; no timezone found
2026-07-29 17:37:54,251 ERROR yfinance: $SSPK: possibly delisted; no timezone found
2026-07-29 17:37:54,561 ERROR yfinance: $SSPKW: possibly delisted; no timezone found
2026-07-29 17:37:55,249 ERROR yfinance: $SST.WS: possibly delisted; no timezone found
2026-07-29 17:37:55,573 ERROR yfinance: $SSU.WS: possibly delisted; no timezone found
2026-07-29 17:37:55,896 ERROR yfinance: $SSY: possibly delisted; no timezone found
2026-07-29 17:37:57,010 ERROR yfinance: $STAF: possibly delisted; no timezone found
2026-07-29 17:37:57,332 ERROR yfinance: $STBX: possibly delisted; no timezone found
2026-07-29 17:37:57,657 ERROR yfinance: $STCN: possibly delisted; no timezone found
2026-07-29 17:37:57,976 ERROR yfinance: $STET.WS: possibly delisted; no timezone found
2026-07-29 17:37:58,346 ERROR yfinance: $STFC: possibly delisted; no timezone found
2026-07-29 17:37:59,459 ERROR yfinance: $STIXW: possibly delisted; no timezone found
2026-07-29 17:37:59,833 ERROR yfinance: $STMP: possibly delisted; no timezone found
2026-07-29 17:38:00,796 ERROR yfinance: $STON: possibly delisted; no timezone found
2026-07-29 17:38:01,117 ERROR yfinance: $STPC.WS: possibly delisted; no timezone found
2026-07-29 17:38:01,440 ERROR yfinance: $STPK: possibly delisted; no timezone found
2026-07-29 17:38:01,847 ERROR yfinance: $STPK.U: possibly delisted; no timezone found
2026-07-29 17:38:02,197 ERROR yfinance: $STPK.WS: possibly delisted; no timezone found
2026-07-29 17:38:02,511 ERROR yfinance: $STR.WS: possibly delisted; no timezone found
2026-07-29 17:38:02,840 ERROR yfinance: $STRCW: possibly delisted; no timezone found
2026-07-29 17:38:03,156 ERROR yfinance: $STRE.WS: possibly delisted; no timezone found
2026-07-29 17:38:03,732 ERROR yfinance: $STRNW: possibly delisted; no timezone found
2026-07-29 17:38:04,445 ERROR yfinance: $STRY: possibly delisted; no timezone found
2026-07-29 17:38:04,786 ERROR yfinance: $STRY.WS: possibly delisted; no timezone found
2026-07-29 17:38:05,089 ERROR yfinance: $STSA: possibly delisted; no timezone found
2026-07-29 17:38:06,255 ERROR yfinance: $STWOW: possibly delisted; no timezone found
2026-07-29 17:38:06,945 ERROR yfinance: $SUAC.WS: possibly delisted; no timezone found
2026-07-29 17:38:07,237 ERROR yfinance: $SUMR: possibly delisted; no timezone found
2026-07-29 17:38:07,579 ERROR yfinance: $SUNL: possibly delisted; no timezone found
2026-07-29 17:38:07,963 ERROR yfinance: $SUNL.WS: possibly delisted; no timezone found
2026-07-29 17:38:08,276 ERROR yfinance: $SUNW: possibly delisted; no timezone found
2026-07-29 17:38:08,577 ERROR yfinance: $SUP: possibly delisted; no timezone found
2026-07-29 17:38:09,197 ERROR yfinance: SURGW: Period 'max' is invalid, must be one of: 1d, 5d
2026-07-29 17:38:11,467 ERROR yfinance: $SVFAW: possibly delisted; no timezone found
2026-07-29 17:38:11,806 ERROR yfinance: $SVFD: possibly delisted; no timezone found
2026-07-29 17:38:12,342 ERROR yfinance: $SVIIW: possibly delisted; no timezone found
2026-07-29 17:38:12,681 ERROR yfinance: $SVNAW: possibly delisted; no timezone found
2026-07-29 17:38:13,023 ERROR yfinance: $SVOKW: possibly delisted; no timezone found
2026-07-29 17:38:13,685 ERROR yfinance: $SVSVW: possibly delisted; no timezone found
2026-07-29 17:38:15,026 ERROR yfinance: $SWBK.WS: possibly delisted; no timezone found
2026-07-29 17:38:15,393 ERROR yfinance: $SWETW: possibly delisted; no timezone found
2026-07-29 17:38:15,731 ERROR yfinance: $SWI: possibly delisted; no timezone found
2026-07-29 17:38:15,996 ERROR yfinance: SWSSW: Period 'max' is invalid, must be one of: 1d, 5d
2026-07-29 17:38:16,362 ERROR yfinance: $SWTX: possibly delisted; no timezone found
2026-07-29 17:38:18,188 ERROR yfinance: $SYN: possibly delisted; no timezone found
2026-07-29 17:38:18,511 ERROR yfinance: $SYNH: possibly delisted; no timezone found
2026-07-29 17:38:19,822 ERROR yfinance: $SYTA: possibly delisted; no timezone found
2026-07-29 17:38:20,192 ERROR yfinance: $SYTAW: possibly delisted; no timezone found
2026-07-29 17:38:21,085 ERROR yfinance: $SZZLW: possibly delisted; no timezone found
2026-07-29 17:38:21,405 ERROR yfinance: $TACA.WS: possibly delisted; no timezone found
2026-07-29 17:38:23,950 ERROR yfinance: $TALO.WS: possibly delisted; no timezone found
2026-07-29 17:38:24,364 ERROR yfinance: $TALS: possibly delisted; no timezone found
2026-07-29 17:38:26,546 ERROR yfinance: TBCPW: Period 'max' is invalid, must be one of: 1d, 5d
2026-07-29 17:38:28,123 ERROR yfinance: $TBLTW: possibly delisted; no timezone found
2026-07-29 17:38:28,842 ERROR yfinance: $TBSAW: possibly delisted; no timezone found
2026-07-29 17:38:29,511 ERROR yfinance: $TCACW: possibly delisted; no timezone found
2026-07-29 17:38:29,794 ERROR yfinance: $TCBP: possibly delisted; no timezone found
2026-07-29 17:38:30,110 ERROR yfinance: $TCBPW: possibly delisted; no timezone found
2026-07-29 17:38:31,144 ERROR yfinance: $TCDA: possibly delisted; no timezone found
2026-07-29 17:38:31,785 ERROR yfinance: $TCOA.WS: possibly delisted; no timezone found
2026-07-29 17:38:32,103 ERROR yfinance: $TCON: possibly delisted; no timezone found
2026-07-29 17:38:32,425 ERROR yfinance: $TCRR: possibly delisted; no timezone found
2026-07-29 17:38:35,856 ERROR yfinance: $TDW.WS: possibly delisted; no timezone found
2026-07-29 17:38:36,276 ERROR yfinance: $TDW.WS.A: possibly delisted; no timezone found
2026-07-29 17:38:36,593 ERROR yfinance: $TDW.WS.B: possibly delisted; no timezone found
2026-07-29 17:38:38,620 ERROR yfinance: $TEDU: possibly delisted; no timezone found
2026-07-29 17:38:39,364 ERROR yfinance: $TEKKW: possibly delisted; no timezone found
2026-07-29 17:38:39,775 ERROR yfinance: $TELL: possibly delisted; no timezone found
2026-07-29 17:38:41,028 ERROR yfinance: $TERN: possibly delisted; no timezone found
2026-07-29 17:38:41,380 ERROR yfinance: $TETCW: possibly delisted; no timezone found
2026-07-29 17:38:41,669 ERROR yfinance: $TETEW: possibly delisted; no timezone found
2026-07-29 17:38:41,979 ERROR yfinance: $TEUM: possibly delisted; no timezone found
2026-07-29 17:38:42,327 ERROR yfinance: $TFFP: possibly delisted; no timezone found
2026-07-29 17:38:43,768 ERROR yfinance: $TGAAW: possibly delisted; no timezone found
2026-07-29 17:38:44,082 ERROR yfinance: $TGC: possibly delisted; no timezone found
2026-07-29 17:38:45,348 ERROR yfinance: $TGR.WS: possibly delisted; no timezone found
2026-07-29 17:38:46,395 ERROR yfinance: $TGVCW: possibly delisted; no timezone found
2026-07-29 17:38:47,065 ERROR yfinance: $THACW: possibly delisted; no timezone found
2026-07-29 17:38:47,323 ERROR yfinance: $THBRW: possibly delisted; no timezone found
2026-07-29 17:38:48,367 ERROR yfinance: $THCAW: possibly delisted; no timezone found
2026-07-29 17:38:48,715 ERROR yfinance: $THCB: possibly delisted; no timezone found
2026-07-29 17:38:49,055 ERROR yfinance: $THCBU: possibly delisted; no timezone found
2026-07-29 17:38:49,324 ERROR yfinance: $THCBW: possibly delisted; no timezone found
2026-07-29 17:38:49,674 ERROR yfinance: $THCHW: possibly delisted; no timezone found
2026-07-29 17:38:50,045 ERROR yfinance: $THCPW: possibly delisted; no timezone found
2026-07-29 17:38:50,306 ERROR yfinance: $THMAW: possibly delisted; no timezone found
2026-07-29 17:38:51,219 ERROR yfinance: THWWW: Period 'max' is invalid, must be one of: 1d, 5d
2026-07-29 17:38:51,596 ERROR yfinance: $TIG: possibly delisted; no timezone found
2026-07-29 17:38:52,595 ERROR yfinance: $TINV.WS: possibly delisted; no timezone found
2026-07-29 17:38:53,182 ERROR yfinance: $TIOAW: possibly delisted; no timezone found
2026-07-29 17:38:53,462 ERROR yfinance: $TIRX: possibly delisted; no timezone found
2026-07-29 17:38:54,293 ERROR yfinance: $TKAT: possibly delisted; no timezone found
2026-07-29 17:38:54,920 ERROR yfinance: $TLC: possibly delisted; no timezone found
2026-07-29 17:38:55,261 ERROR yfinance: $TLGA.WS: possibly delisted; no timezone found
2026-07-29 17:38:55,554 ERROR yfinance: $TLGT: possibly delisted; no timezone found
2026-07-29 17:38:55,848 ERROR yfinance: $TLGYW: possibly delisted; no timezone found
2026-07-29 17:38:56,168 ERROR yfinance: $TLMD: possibly delisted; no timezone found
2026-07-29 17:38:56,521 ERROR yfinance: $TLMDW: possibly delisted; no timezone found
2026-07-29 17:38:57,669 ERROR yfinance: $TMAC.WS: possibly delisted; no timezone found
2026-07-29 17:38:57,989 ERROR yfinance: $TMBR: possibly delisted; no timezone found
2026-07-29 17:38:59,079 ERROR yfinance: $TMDI: possibly delisted; no timezone found
2026-07-29 17:39:00,267 ERROR yfinance: $TMKRW: possibly delisted; no timezone found
2026-07-29 17:39:00,588 ERROR yfinance: $TMPMW: possibly delisted; no timezone found
2026-07-29 17:39:00,900 ERROR yfinance: $TMPO: possibly delisted; no timezone found
2026-07-29 17:39:01,457 ERROR yfinance: TMTSW: Period 'max' is invalid, must be one of: 1d, 5d
2026-07-29 17:39:03,227 ERROR yfinance: $TOACW: possibly delisted; no timezone found
2026-07-29 17:39:04,981 WARNING corporate_actions: TOPS: insert failed, skipping: numeric field overflow
DETAIL:  A field with precision 18, scale 8 must round to an absolute value less than 10^10.
2026-07-29 17:39:05,276 ERROR yfinance: $TOTAR: possibly delisted; no timezone found
2026-07-29 17:39:05,619 ERROR yfinance: $TOTAW: possibly delisted; no timezone found
2026-07-29 17:39:06,429 ERROR yfinance: $TPBAW: possibly delisted; no timezone found
2026-07-29 17:39:06,807 ERROR yfinance: $TPGY: possibly delisted; no timezone found
2026-07-29 17:39:07,126 ERROR yfinance: $TPGY.U: possibly delisted; no timezone found
2026-07-29 17:39:07,465 ERROR yfinance: $TPGY.WS: possibly delisted; no timezone found
2026-07-29 17:39:08,546 ERROR yfinance: $TPTX: possibly delisted; no timezone found
2026-07-29 17:39:08,817 ERROR yfinance: $TPX: possibly delisted; no timezone found
2026-07-29 17:39:09,655 ERROR yfinance: $TRAQ.WS: possibly delisted; no timezone found
2026-07-29 17:39:09,969 ERROR yfinance: $TRCA.WS: possibly delisted; no timezone found
2026-07-29 17:39:10,324 ERROR yfinance: $TRCH: possibly delisted; no timezone found
2026-07-29 17:39:10,875 ERROR yfinance: $TRHC: possibly delisted; no timezone found
2026-07-29 17:39:11,382 ERROR yfinance: $TRIS.WS: possibly delisted; no timezone found
2026-07-29 17:39:11,697 ERROR yfinance: $TRIT: possibly delisted; no timezone found
2026-07-29 17:39:12,200 ERROR yfinance: $TRITW: possibly delisted; no timezone found
2026-07-29 17:39:12,520 ERROR yfinance: $TRKA: possibly delisted; no timezone found
2026-07-29 17:39:12,831 ERROR yfinance: $TRKAW: possibly delisted; no timezone found
2026-07-29 17:39:13,107 ERROR yfinance: $TRMR: possibly delisted; no timezone found
2026-07-29 17:39:13,632 ERROR yfinance: $TRONW: possibly delisted; no timezone found
2026-07-29 17:39:13,970 ERROR yfinance: $TRQ: possibly delisted; no timezone found
2026-07-29 17:39:15,439 ERROR yfinance: $TRTL.WS: possibly delisted; no timezone found
2026-07-29 17:39:15,850 ERROR yfinance: $TRUE: possibly delisted; no timezone found
2026-07-29 17:39:17,996 ERROR yfinance: $TRXC: possibly delisted; no timezone found
2026-07-29 17:39:18,320 ERROR yfinance: $TSC: possibly delisted; no timezone found
2026-07-29 17:39:19,399 ERROR yfinance: $TSIA: possibly delisted; no timezone found
2026-07-29 17:39:19,736 ERROR yfinance: $TSIAU: possibly delisted; no timezone found
2026-07-29 17:39:20,086 ERROR yfinance: $TSIAW: possibly delisted; no timezone found
2026-07-29 17:39:20,458 ERROR yfinance: $TSIBW: possibly delisted; no timezone found
2026-07-29 17:39:21,081 ERROR yfinance: $TSP: possibly delisted; no timezone found
2026-07-29 17:39:21,366 ERROR yfinance: $TSPQ.WS: possibly delisted; no timezone found
2026-07-29 17:39:21,707 ERROR yfinance: $TSRI: possibly delisted; no timezone found
2026-07-29 17:39:22,039 ERROR yfinance: $TSVTV: possibly delisted; no timezone found
2026-07-29 17:39:22,336 ERROR yfinance: $TTCFW: possibly delisted; no timezone found
2026-07-29 17:39:22,918 ERROR yfinance: $TTNP: possibly delisted; no timezone found
2026-07-29 17:39:23,613 ERROR yfinance: $TUEM: possibly delisted; no timezone found
2026-07-29 17:39:23,933 ERROR yfinance: $TUFN: possibly delisted; no timezone found
2026-07-29 17:39:24,244 ERROR yfinance: $TUGCW: possibly delisted; no timezone found
2026-07-29 17:39:24,612 ERROR yfinance: $TUP: possibly delisted; no timezone found
2026-07-29 17:39:24,914 ERROR yfinance: $TURN: possibly delisted; no timezone found
2026-07-29 17:39:25,984 ERROR yfinance: $TWCBW: possibly delisted; no timezone found
2026-07-29 17:39:26,375 ERROR yfinance: $TWCTW: possibly delisted; no timezone found
2026-07-29 17:39:27,221 ERROR yfinance: $TWLVW: possibly delisted; no timezone found
2026-07-29 17:39:28,096 ERROR yfinance: $TWND.WS: possibly delisted; no timezone found
2026-07-29 17:39:28,415 ERROR yfinance: $TWNI.WS: possibly delisted; no timezone found
2026-07-29 17:39:28,759 ERROR yfinance: $TWNKW: possibly delisted; no timezone found
2026-07-29 17:39:29,046 ERROR yfinance: $TWNT.WS: possibly delisted; no timezone found
2026-07-29 17:39:30,125 ERROR yfinance: $TWOU: possibly delisted; no timezone found
2026-07-29 17:39:30,853 ERROR yfinance: $TYDE: possibly delisted; no timezone found
2026-07-29 17:39:31,175 ERROR yfinance: $TYDEV: possibly delisted; no timezone found
2026-07-29 17:39:31,508 ERROR yfinance: $TYHT: possibly delisted; no timezone found
2026-07-29 17:39:31,770 ERROR yfinance: $TYME: possibly delisted; no timezone found
2026-07-29 17:39:32,574 ERROR yfinance: $TZACW: possibly delisted; no timezone found
2026-07-29 17:39:32,943 ERROR yfinance: $TZPSW: possibly delisted; no timezone found
2026-07-29 17:39:36,430 ERROR yfinance: $UBX: possibly delisted; no timezone found
2026-07-29 17:39:38,544 ERROR yfinance: $UFAB: possibly delisted; no timezone found
2026-07-29 17:39:39,805 ERROR yfinance: $UIHC: possibly delisted; no timezone found
2026-07-29 17:39:40,893 ERROR yfinance: UKOMW: Period 'max' is invalid, must be one of: 1d, 5d
2026-07-29 17:39:41,858 ERROR yfinance: $UNAM: possibly delisted; no timezone found
2026-07-29 17:39:43,412 ERROR yfinance: $UP.WS: possibly delisted; no timezone found
2026-07-29 17:39:44,039 ERROR yfinance: $UPH: possibly delisted; no timezone found
2026-07-29 17:39:44,442 ERROR yfinance: $UPH.WS: possibly delisted; no timezone found
2026-07-29 17:39:45,551 ERROR yfinance: $UPTDW: possibly delisted; no timezone found
2026-07-29 17:39:46,324 ERROR yfinance: $UROV: possibly delisted; no timezone found
2026-07-29 17:39:46,642 ERROR yfinance: $USAK: possibly delisted; no timezone found
2026-07-29 17:39:47,311 ERROR yfinance: $USCTW: possibly delisted; no timezone found
2026-07-29 17:39:48,719 ERROR yfinance: $USER: possibly delisted; no timezone found
2026-07-29 17:39:51,125 ERROR yfinance: $USWS: possibly delisted; no timezone found
2026-07-29 17:39:51,443 ERROR yfinance: $USWSW: possibly delisted; no timezone found
2026-07-29 17:39:51,759 ERROR yfinance: $UTAAW: possibly delisted; no timezone found
2026-07-29 17:39:52,057 ERROR yfinance: $UTME: possibly delisted; no timezone found
2026-07-29 17:39:54,092 ERROR yfinance: $UUUU.WS: possibly delisted; no timezone found
2026-07-29 17:39:56,080 ERROR yfinance: $UWMC.WS: possibly delisted; no timezone found
2026-07-29 17:39:57,859 ERROR yfinance: $VACC: possibly delisted; no timezone found
2026-07-29 17:39:58,202 ERROR yfinance: $VACQ: possibly delisted; no timezone found
2026-07-29 17:39:58,524 ERROR yfinance: $VACQU: possibly delisted; no timezone found
2026-07-29 17:39:58,787 ERROR yfinance: $VACQW: possibly delisted; no timezone found
2026-07-29 17:39:59,076 ERROR yfinance: $VAL.WS: possibly delisted; no timezone found
2026-07-29 17:40:00,408 ERROR yfinance: $VAPO: possibly delisted; no timezone found
2026-07-29 17:40:00,991 ERROR yfinance: $VBLT: possibly delisted; no timezone found
2026-07-29 17:40:01,363 ERROR yfinance: $VBOCW: possibly delisted; no timezone found
2026-07-29 17:40:01,733 ERROR yfinance: $VCKAW: possibly delisted; no timezone found
2026-07-29 17:40:02,366 ERROR yfinance: $VCSA: possibly delisted; no timezone found
2026-07-29 17:40:02,757 ERROR yfinance: $VCVC: possibly delisted; no timezone found
2026-07-29 17:40:03,323 ERROR yfinance: $VCVCU: possibly delisted; no timezone found
2026-07-29 17:40:03,583 ERROR yfinance: $VCVCW: possibly delisted; no timezone found
2026-07-29 17:40:03,890 ERROR yfinance: $VCXAW: possibly delisted; no timezone found
2026-07-29 17:40:04,201 ERROR yfinance: $VCXB.WS: possibly delisted; no timezone found
2026-07-29 17:40:04,466 ERROR yfinance: $VECT: possibly delisted; no timezone found
2026-07-29 17:40:04,817 ERROR yfinance: $VEDU: possibly delisted; no timezone found
2026-07-29 17:40:05,896 ERROR yfinance: $VELOW: possibly delisted; no timezone found
2026-07-29 17:40:06,196 ERROR yfinance: $VENAR: possibly delisted; no timezone found
2026-07-29 17:40:06,723 ERROR yfinance: $VENAW: possibly delisted; no timezone found
2026-07-29 17:40:07,514 ERROR yfinance: $VER: possibly delisted; no timezone found
2026-07-29 17:40:08,134 ERROR yfinance: $VERB: possibly delisted; no timezone found
2026-07-29 17:40:08,379 ERROR yfinance: VERBW: Period 'max' is invalid, must be one of: 1d, 5d
2026-07-29 17:40:08,766 ERROR yfinance: $VERO: possibly delisted; no timezone found
2026-07-29 17:40:09,557 ERROR yfinance: $VERV: possibly delisted; no timezone found
2026-07-29 17:40:09,924 ERROR yfinance: $VERY: possibly delisted; no timezone found
2026-07-29 17:40:10,238 ERROR yfinance: $VEV: possibly delisted; no timezone found
2026-07-29 17:40:10,664 ERROR yfinance: $VGAC.WS: possibly delisted; no timezone found
2026-07-29 17:40:10,975 ERROR yfinance: $VGFC: possibly delisted; no timezone found
2026-07-29 17:40:11,287 ERROR yfinance: $VGII: possibly delisted; no timezone found
2026-07-29 17:40:11,616 ERROR yfinance: $VGII.U: possibly delisted; no timezone found
2026-07-29 17:40:11,940 ERROR yfinance: $VGII.WS: possibly delisted; no timezone found
2026-07-29 17:40:12,320 ERROR yfinance: $VGR: possibly delisted; no timezone found
2026-07-29 17:40:12,699 ERROR yfinance: $VHAQ.WS: possibly delisted; no timezone found
2026-07-29 17:40:13,189 ERROR yfinance: $VHAQR: possibly delisted; no timezone found
2026-07-29 17:40:13,534 ERROR yfinance: $VHNAW: possibly delisted; no timezone found
2026-07-29 17:40:13,936 ERROR yfinance: $VIAC: possibly delisted; no timezone found
2026-07-29 17:40:14,197 ERROR yfinance: $VIACA: possibly delisted; no timezone found
2026-07-29 17:40:15,117 ERROR yfinance: $VIE: possibly delisted; no timezone found
2026-07-29 17:40:15,485 ERROR yfinance: $VIEW: possibly delisted; no timezone found
2026-07-29 17:40:15,942 ERROR yfinance: $VIEWW: possibly delisted; no timezone found
2026-07-29 17:40:16,219 ERROR yfinance: $VIGL: possibly delisted; no timezone found
2026-07-29 17:40:16,574 ERROR yfinance: $VIH: possibly delisted; no timezone found
2026-07-29 17:40:16,941 ERROR yfinance: $VIHAU: possibly delisted; no timezone found
2026-07-29 17:40:17,297 ERROR yfinance: $VIHAW: possibly delisted; no timezone found
2026-07-29 17:40:17,582 ERROR yfinance: $VIIAW: possibly delisted; no timezone found
2026-07-29 17:40:17,863 ERROR yfinance: $VINE: possibly delisted; no timezone found
2026-07-29 17:40:19,182 ERROR yfinance: $VIRI: possibly delisted; no timezone found
2026-07-29 17:40:19,521 ERROR yfinance: $VIRX: possibly delisted; no timezone found
2026-07-29 17:40:21,651 ERROR yfinance: $VJET: possibly delisted; no timezone found
2026-07-29 17:40:22,022 ERROR yfinance: $VLATW: possibly delisted; no timezone found
2026-07-29 17:40:22,288 ERROR yfinance: $VLCN: possibly delisted; no timezone found
2026-07-29 17:40:22,607 ERROR yfinance: $VLD: possibly delisted; no timezone found
2026-07-29 17:40:22,936 ERROR yfinance: $VLD.WS: possibly delisted; no timezone found
2026-07-29 17:40:23,553 ERROR yfinance: $VLDR: possibly delisted; no timezone found
2026-07-29 17:40:23,898 ERROR yfinance: $VLDRW: possibly delisted; no timezone found
2026-07-29 17:40:24,509 ERROR yfinance: $VLN.WS: possibly delisted; no timezone found
2026-07-29 17:40:24,936 ERROR yfinance: $VLON: possibly delisted; no timezone found
2026-07-29 17:40:25,430 ERROR yfinance: $VLTA: possibly delisted; no timezone found
2026-07-29 17:40:25,742 ERROR yfinance: $VLTA.WS: possibly delisted; no timezone found
2026-07-29 17:40:26,028 ERROR yfinance: $VMACW: possibly delisted; no timezone found
2026-07-29 17:40:26,346 ERROR yfinance: $VMCAW: possibly delisted; no timezone found
2026-07-29 17:40:26,643 ERROR yfinance: $VMEO: possibly delisted; no timezone found
2026-07-29 17:40:26,990 ERROR yfinance: $VMGAW: possibly delisted; no timezone found
2026-07-29 17:40:27,339 ERROR yfinance: $VNE: possibly delisted; no timezone found
2026-07-29 17:40:29,589 ERROR yfinance: $VORBW: possibly delisted; no timezone found
2026-07-29 17:40:29,909 ERROR yfinance: $VOSO: possibly delisted; no timezone found
2026-07-29 17:40:30,170 ERROR yfinance: $VOSOU: possibly delisted; no timezone found
2026-07-29 17:40:30,547 ERROR yfinance: $VOSOW: possibly delisted; no timezone found
2026-07-29 17:40:30,866 ERROR yfinance: $VOXX: possibly delisted; no timezone found
2026-07-29 17:40:31,231 ERROR yfinance: $VPCBW: possibly delisted; no timezone found
2026-07-29 17:40:31,524 ERROR yfinance: $VPCC.WS: possibly delisted; no timezone found
2026-07-29 17:40:31,816 ERROR yfinance: $VQS: possibly delisted; no timezone found
2026-07-29 17:40:32,190 ERROR yfinance: $VRAR: possibly delisted; no timezone found
2026-07-29 17:40:32,894 ERROR yfinance: $VRAY: possibly delisted; no timezone found
2026-07-29 17:40:34,379 ERROR yfinance: VRMEW: Period 'max' is invalid, must be one of: 1d, 5d
2026-07-29 17:40:34,736 ERROR yfinance: $VRNA: possibly delisted; no timezone found
2026-07-29 17:40:36,146 ERROR yfinance: $VRS: possibly delisted; no timezone found
2026-07-29 17:40:37,443 ERROR yfinance: $VRTV: possibly delisted; no timezone found
2026-07-29 17:40:38,129 ERROR yfinance: $VSACW: possibly delisted; no timezone found
2026-07-29 17:40:38,440 ERROR yfinance: $VSPRW: possibly delisted; no timezone found
2026-07-29 17:40:39,027 ERROR yfinance: $VST.WS.A: possibly delisted; no timezone found
2026-07-29 17:40:39,276 ERROR yfinance: $VSTA: possibly delisted; no timezone found
2026-07-29 17:40:39,922 ERROR yfinance: $VTAQ: possibly delisted; no timezone found
2026-07-29 17:40:40,209 ERROR yfinance: $VTAQR: possibly delisted; no timezone found
2026-07-29 17:40:40,581 ERROR yfinance: $VTAQW: possibly delisted; no timezone found
2026-07-29 17:40:41,277 ERROR yfinance: $VTIQW: possibly delisted; no timezone found
2026-07-29 17:40:41,577 ERROR yfinance: $VTNR: possibly delisted; no timezone found
2026-07-29 17:40:43,165 ERROR yfinance: $VTYX: possibly delisted; no timezone found
2026-07-29 17:40:43,483 ERROR yfinance: $VVI: possibly delisted; no timezone found
2026-07-29 17:40:44,124 ERROR yfinance: $VVPR: possibly delisted; no timezone found
2026-07-29 17:40:44,773 ERROR yfinance: $VWE: possibly delisted; no timezone found
2026-07-29 17:40:45,187 ERROR yfinance: $VWEWW: possibly delisted; no timezone found
2026-07-29 17:40:46,588 ERROR yfinance: $VYGG.WS: possibly delisted; no timezone found
2026-07-29 17:40:47,946 ERROR yfinance: $VYNT: possibly delisted; no timezone found
2026-07-29 17:40:49,178 ERROR yfinance: $WARR.WS: possibly delisted; no timezone found
2026-07-29 17:40:49,865 ERROR yfinance: $WAVC.WS: possibly delisted; no timezone found
2026-07-29 17:40:50,218 ERROR yfinance: $WAVD: possibly delisted; no timezone found
2026-07-29 17:40:50,888 ERROR yfinance: $WAVSW: possibly delisted; no timezone found
2026-07-29 17:40:51,322 ERROR yfinance: $WBAI: possibly delisted; no timezone found
2026-07-29 17:40:51,806 ERROR yfinance: $WBEV: possibly delisted; no timezone found
2026-07-29 17:40:52,092 ERROR yfinance: $WBT: possibly delisted; no timezone found
2026-07-29 17:40:52,925 ERROR yfinance: $WBX.WS: possibly delisted; no timezone found
2026-07-29 17:40:53,671 ERROR yfinance: $WDR: possibly delisted; no timezone found
2026-07-29 17:40:54,049 ERROR yfinance: $WE.WS: possibly delisted; no timezone found
2026-07-29 17:40:54,921 ERROR yfinance: $WEI: possibly delisted; no timezone found
2026-07-29 17:40:55,277 ERROR yfinance: $WEJO: possibly delisted; no timezone found
2026-07-29 17:40:55,619 ERROR yfinance: $WEJOW: possibly delisted; no timezone found
2026-07-29 17:40:55,930 ERROR yfinance: $WEL.WS: possibly delisted; no timezone found
2026-07-29 17:40:56,271 ERROR yfinance: $WESTW: possibly delisted; no timezone found
2026-07-29 17:40:56,582 ERROR yfinance: $WETG: possibly delisted; no timezone found
2026-07-29 17:40:59,136 ERROR yfinance: WINVR: Period 'max' is invalid, must be one of: 1d, 5d
2026-07-29 17:40:59,598 ERROR yfinance: WINVW: Period 'max' is invalid, must be one of: 1d, 5d
2026-07-29 17:40:59,948 ERROR yfinance: $WISA: possibly delisted; no timezone found
2026-07-29 17:41:00,261 ERROR yfinance: $WISH: possibly delisted; no timezone found
2026-07-29 17:41:01,255 ERROR yfinance: $WKME: possibly delisted; no timezone found
2026-07-29 17:41:01,550 ERROR yfinance: WKSPW: Period 'max' is invalid, must be one of: 1d, 5d
2026-07-29 17:41:02,364 ERROR yfinance: $WLMS: possibly delisted; no timezone found
2026-07-29 17:41:02,873 ERROR yfinance: $WMC: possibly delisted; no timezone found
2026-07-29 17:41:03,771 ERROR yfinance: $WNNR.WS: possibly delisted; no timezone found
2026-07-29 17:41:04,466 ERROR yfinance: $WORK: possibly delisted; no timezone found
2026-07-29 17:41:05,082 ERROR yfinance: $WPCA.WS: possibly delisted; no timezone found
2026-07-29 17:41:05,635 ERROR yfinance: $WPCB.WS: possibly delisted; no timezone found
2026-07-29 17:41:05,986 ERROR yfinance: $WPF.WS: possibly delisted; no timezone found
2026-07-29 17:41:06,241 ERROR yfinance: $WPG: possibly delisted; no timezone found
2026-07-29 17:41:06,559 ERROR yfinance: $WPGPH: possibly delisted; no timezone found
2026-07-29 17:41:06,860 ERROR yfinance: $WPGPI: possibly delisted; no timezone found
2026-07-29 17:41:07,732 ERROR yfinance: $WQGA.WS: possibly delisted; no timezone found
2026-07-29 17:41:08,072 ERROR yfinance: $WRAC.WS: possibly delisted; no timezone found
2026-07-29 17:41:10,679 ERROR yfinance: $WTMAR: possibly delisted; no timezone found
2026-07-29 17:41:11,528 ERROR yfinance: $WTRH: possibly delisted; no timezone found
2026-07-29 17:41:12,545 ERROR yfinance: $WWACW: possibly delisted; no timezone found
2026-07-29 17:41:17,432 ERROR yfinance: $XFINW: possibly delisted; no timezone found
2026-07-29 17:41:19,422 ERROR yfinance: $XIN: possibly delisted; no timezone found
2026-07-29 17:41:19,748 ERROR yfinance: $XL: possibly delisted; no timezone found
2026-07-29 17:41:20,036 ERROR yfinance: $XL.WS: possibly delisted; no timezone found
2026-07-29 17:41:22,237 ERROR yfinance: $XPAXW: possibly delisted; no timezone found
2026-07-29 17:41:22,824 ERROR yfinance: $XPDBW: possibly delisted; no timezone found
2026-07-29 17:41:23,158 ERROR yfinance: $XPDIW: possibly delisted; no timezone found
2026-07-29 17:41:24,793 ERROR yfinance: $XPOA.WS: possibly delisted; no timezone found
2026-07-29 17:41:25,391 ERROR yfinance: $XPOW: possibly delisted; no timezone found
2026-07-29 17:41:26,439 ERROR yfinance: $XPVVV: possibly delisted; no timezone found
2026-07-29 17:41:28,616 ERROR yfinance: $YAC.WS: possibly delisted; no timezone found
2026-07-29 17:41:30,074 ERROR yfinance: $YELL: possibly delisted; no timezone found
2026-07-29 17:41:30,425 ERROR yfinance: $YGMZ: possibly delisted; no timezone found
2026-07-29 17:41:31,052 ERROR yfinance: $YGYI: possibly delisted; no timezone found
2026-07-29 17:41:32,918 ERROR yfinance: $YMAB: possibly delisted; no timezone found
2026-07-29 17:41:33,656 ERROR yfinance: $YMTX: possibly delisted; no timezone found
2026-07-29 17:41:34,021 ERROR yfinance: $YNDX: possibly delisted; no timezone found
2026-07-29 17:41:34,384 ERROR yfinance: $YOSH: possibly delisted; no timezone found
2026-07-29 17:41:34,647 ERROR yfinance: YOTAR: Period 'max' is invalid, must be one of: 1d, 5d
2026-07-29 17:41:34,950 ERROR yfinance: YOTAW: Period 'max' is invalid, must be one of: 1d, 5d
2026-07-29 17:41:36,179 ERROR yfinance: $YSACW: possibly delisted; no timezone found
2026-07-29 17:41:36,925 ERROR yfinance: $YTEN: possibly delisted; no timezone found
2026-07-29 17:41:37,258 ERROR yfinance: $YVR: possibly delisted; no timezone found
2026-07-29 17:41:37,594 ERROR yfinance: $YY: possibly delisted; no timezone found
2026-07-29 17:41:38,763 ERROR yfinance: $ZDVSV: possibly delisted; no timezone found
2026-07-29 17:41:39,152 ERROR yfinance: $ZEST: possibly delisted; no timezone found
2026-07-29 17:41:39,503 ERROR yfinance: $ZEV: possibly delisted; no timezone found
2026-07-29 17:41:39,818 ERROR yfinance: $ZEV.WS: possibly delisted; no timezone found
2026-07-29 17:41:40,123 ERROR yfinance: $ZFOX: possibly delisted; no timezone found
2026-07-29 17:41:40,470 ERROR yfinance: $ZFOXW: possibly delisted; no timezone found
2026-07-29 17:41:40,768 ERROR yfinance: $ZGNX: possibly delisted; no timezone found
2026-07-29 17:41:41,128 ERROR yfinance: $ZGYHR: possibly delisted; no timezone found
2026-07-29 17:41:41,449 ERROR yfinance: $ZGYHW: possibly delisted; no timezone found
2026-07-29 17:41:42,257 ERROR yfinance: $ZI: possibly delisted; no timezone found
2026-07-29 17:41:42,579 ERROR yfinance: $ZIMVV: possibly delisted; no timezone found
2026-07-29 17:41:42,937 ERROR yfinance: $ZINGW: possibly delisted; no timezone found
2026-07-29 17:41:43,832 ERROR yfinance: ZIVOW: Period 'max' is invalid, must be one of: 1d, 5d
2026-07-29 17:41:44,426 ERROR yfinance: $ZME: possibly delisted; no timezone found
2026-07-29 17:41:44,769 ERROR yfinance: $ZNGA: possibly delisted; no timezone found
2026-07-29 17:41:45,116 ERROR yfinance: $ZNTEW: possibly delisted; no timezone found
2026-07-29 17:41:45,730 ERROR yfinance: $ZOM: possibly delisted; no timezone found
2026-07-29 17:41:46,067 ERROR yfinance: $ZSAN: possibly delisted; no timezone found
2026-07-29 17:41:46,937 ERROR yfinance: $ZTAQW: possibly delisted; no timezone found
2026-07-29 17:41:47,226 ERROR yfinance: $ZVO: possibly delisted; no timezone found
2026-07-29 17:41:47,823 ERROR yfinance: $ZWRKW: possibly delisted; no timezone found
2026-07-29 17:41:48,138 ERROR yfinance: $ZY: possibly delisted; no timezone found
2026-07-29 17:41:49,173 ERROR yfinance: $ZYNE: possibly delisted; no timezone found
2026-07-29 17:41:49,208 INFO corporate_actions: fetched — 1045 securities had actions, 2228 splits, 20426 dividends, 2 insert errors, 1535s
2026-07-29 17:41:49,208 WARNING corporate_actions: 2 symbol(s) failed to insert — see warnings above
