2026-07-29 19:32:45,510 INFO corporate_actions: 6873 candidate securities (gaps). NOTE: gap selection is high-coverage, not complete — small actions fall below the threshold; run `verify` afterwards.
2026-07-29 19:32:48,058 ERROR yfinance: HTTP Error 404: {"quoteSummary":{"result":null,"error":{"code":"Not Found","description":"Quote not found for symbol: AAC.WS"}}}
2026-07-29 19:32:48,362 ERROR yfinance: $AAC.WS: possibly delisted; no timezone found
2026-07-29 19:32:48,688 ERROR yfinance: AACBR: Period 'max' is invalid, must be one of: 1d, 5d
2026-07-29 19:32:49,963 ERROR yfinance: $AACQW: possibly delisted; no timezone found
2026-07-29 19:32:50,279 ERROR yfinance: $AACT.U: possibly delisted; no timezone found
2026-07-29 19:32:50,563 ERROR yfinance: $AACT.WS: possibly delisted; no timezone found
2026-07-29 19:32:50,894 ERROR yfinance: $AADI: possibly delisted; no timezone found
2026-07-29 19:32:51,436 ERROR yfinance: AAGRW: Period 'max' is invalid, must be one of: 1d, 5d
2026-07-29 19:32:51,765 ERROR yfinance: $AAIC: possibly delisted; no timezone found
2026-07-29 19:32:52,078 ERROR yfinance: $AAM.WS: possibly delisted; no timezone found
2026-07-29 19:32:52,336 ERROR yfinance: $AAMC: possibly delisted; no timezone found
2026-07-29 19:32:53,194 ERROR yfinance: $AAN: possibly delisted; no timezone found
2026-07-29 19:32:55,402 ERROR yfinance: $AAQC.WS: possibly delisted; no timezone found
2026-07-29 19:32:55,727 ERROR yfinance: $AAU: possibly delisted; no timezone found
2026-07-29 19:32:56,856 ERROR yfinance: $ABIO: possibly delisted; no timezone found
2026-07-29 19:32:57,181 ERROR yfinance: ABLLW: Period 'max' is invalid, must be one of: 1d, 5d
2026-07-29 19:32:58,062 ERROR yfinance: $ABMD: possibly delisted; no timezone found
2026-07-29 19:32:59,067 ERROR yfinance: $ABP: possibly delisted; no timezone found
2026-07-29 19:32:59,550 ERROR yfinance: ABPWW: Period 'max' is invalid, must be one of: 1d, 5d
2026-07-29 19:33:02,166 ERROR yfinance: $ACAB: possibly delisted; no timezone found
2026-07-29 19:33:02,494 ERROR yfinance: $ACABU: possibly delisted; no timezone found
2026-07-29 19:33:02,845 ERROR yfinance: $ACABW: possibly delisted; no timezone found
2026-07-29 19:33:03,187 ERROR yfinance: $ACACW: possibly delisted; no timezone found
2026-07-29 19:33:05,779 ERROR yfinance: $ACAHW: possibly delisted; no timezone found
2026-07-29 19:33:06,122 ERROR yfinance: $ACAMW: possibly delisted; no timezone found
2026-07-29 19:33:06,427 ERROR yfinance: $ACAQ: possibly delisted; no timezone found
2026-07-29 19:33:06,700 ERROR yfinance: $ACAQ.U: possibly delisted; no timezone found
2026-07-29 19:33:07,029 ERROR yfinance: $ACAQ.WS: possibly delisted; no timezone found
2026-07-29 19:33:07,355 ERROR yfinance: $ACAX: possibly delisted; no timezone found
2026-07-29 19:33:07,627 ERROR yfinance: $ACAXR: possibly delisted; no timezone found
2026-07-29 19:33:07,972 ERROR yfinance: $ACAXU: possibly delisted; no timezone found
2026-07-29 19:33:08,361 ERROR yfinance: $ACAXW: possibly delisted; no timezone found
2026-07-29 19:33:09,166 ERROR yfinance: $ACBAW: possibly delisted; no timezone found
2026-07-29 19:33:09,501 ERROR yfinance: $ACCD: possibly delisted; no timezone found
2026-07-29 19:33:10,087 ERROR yfinance: $ACDCW: possibly delisted; no timezone found
2026-07-29 19:33:10,462 ERROR yfinance: $ACDI.WS: possibly delisted; no timezone found
2026-07-29 19:33:10,807 ERROR yfinance: $ACER: possibly delisted; no timezone found
2026-07-29 19:33:11,494 ERROR yfinance: $ACEVW: possibly delisted; no timezone found
2026-07-29 19:33:11,789 ERROR yfinance: $ACGN: possibly delisted; no timezone found
2026-07-29 19:33:13,093 ERROR yfinance: $ACHR.WS: possibly delisted; no timezone found
2026-07-29 19:33:14,340 ERROR yfinance: $ACIC.WS: possibly delisted; no timezone found
2026-07-29 19:33:15,118 ERROR yfinance: $ACII.WS: possibly delisted; no timezone found
2026-07-29 19:33:15,799 ERROR yfinance: $ACKIW: possibly delisted; no timezone found
2026-07-29 19:33:16,506 ERROR yfinance: $ACND.WS: possibly delisted; no timezone found
2026-07-29 19:33:17,995 ERROR yfinance: $ACOR: possibly delisted; no timezone found
2026-07-29 19:33:18,298 ERROR yfinance: $ACPR: possibly delisted; no timezone found
2026-07-29 19:33:18,867 ERROR yfinance: $ACQRW: possibly delisted; no timezone found
2026-07-29 19:33:19,176 ERROR yfinance: $ACRO.WS: possibly delisted; no timezone found
2026-07-29 19:33:20,139 ERROR yfinance: $ACRX: possibly delisted; no timezone found
2026-07-29 19:33:20,499 ERROR yfinance: $ACST: possibly delisted; no timezone found
2026-07-29 19:33:20,835 ERROR yfinance: $ACTC: possibly delisted; no timezone found
2026-07-29 19:33:21,164 ERROR yfinance: $ACTCU: possibly delisted; no timezone found
2026-07-29 19:33:21,489 ERROR yfinance: $ACTCW: possibly delisted; no timezone found
2026-07-29 19:33:21,800 ERROR yfinance: $ACTDU: possibly delisted; no timezone found
2026-07-29 19:33:22,439 ERROR yfinance: $ACY: possibly delisted; no timezone found
2026-07-29 19:33:23,523 ERROR yfinance: $ADALW: possibly delisted; no timezone found
2026-07-29 19:33:23,824 ERROR yfinance: $ADAP: possibly delisted; no timezone found
2026-07-29 19:33:24,325 ERROR yfinance: ADD: Period 'max' is invalid, must be one of: 1d, 5d
2026-07-29 19:33:24,629 ERROR yfinance: $ADERW: possibly delisted; no timezone found
2026-07-29 19:33:24,984 ERROR yfinance: $ADES: possibly delisted; no timezone found
2026-07-29 19:33:25,413 ERROR yfinance: $ADEX: possibly delisted; no timezone found
2026-07-29 19:33:25,825 ERROR yfinance: $ADEX.U: possibly delisted; no timezone found
2026-07-29 19:33:26,186 ERROR yfinance: $ADEX.WS: possibly delisted; no timezone found
2026-07-29 19:33:26,597 ERROR yfinance: $ADF.WS: possibly delisted; no timezone found
2026-07-29 19:33:26,969 ERROR yfinance: $ADGI: possibly delisted; no timezone found
2026-07-29 19:33:27,808 ERROR yfinance: $ADILW: possibly delisted; no timezone found
2026-07-29 19:33:28,180 ERROR yfinance: $ADMP: possibly delisted; no timezone found
2026-07-29 19:33:28,563 ERROR yfinance: $ADMS: possibly delisted; no timezone found
2026-07-29 19:33:28,931 ERROR yfinance: $ADN: possibly delisted; no timezone found
2026-07-29 19:33:29,228 ERROR yfinance: ADNWW: Period 'max' is invalid, must be one of: 1d, 5d
2026-07-29 19:33:29,792 ERROR yfinance: $ADOC: possibly delisted; no timezone found
2026-07-29 19:33:30,143 ERROR yfinance: $ADOCR: possibly delisted; no timezone found
2026-07-29 19:33:30,627 ERROR yfinance: $ADOCW: possibly delisted; no timezone found
2026-07-29 19:33:31,423 ERROR yfinance: $ADRA.WS: possibly delisted; no timezone found
2026-07-29 19:33:31,822 ERROR yfinance: $ADRT: possibly delisted; no timezone found
2026-07-29 19:33:32,137 ERROR yfinance: $ADRT.U: possibly delisted; no timezone found
2026-07-29 19:33:32,536 ERROR yfinance: $ADRT.WS: possibly delisted; no timezone found
2026-07-29 19:33:33,249 ERROR yfinance: $ADTH: possibly delisted; no timezone found
2026-07-29 19:33:33,488 ERROR yfinance: ADTHW: Period 'max' is invalid, must be one of: 1d, 5d
2026-07-29 19:33:35,635 ERROR yfinance: $ADVM: possibly delisted; no timezone found
2026-07-29 19:33:35,959 ERROR yfinance: ADVWW: Period 'max' is invalid, must be one of: 1d, 5d
2026-07-29 19:33:36,813 ERROR yfinance: $ADXS: possibly delisted; no timezone found
2026-07-29 19:33:37,165 ERROR yfinance: $AE: possibly delisted; no timezone found
2026-07-29 19:33:37,488 ERROR yfinance: $AEACW: possibly delisted; no timezone found
2026-07-29 19:33:37,737 ERROR yfinance: AEAEW: Period 'max' is invalid, must be one of: 1d, 5d
2026-07-29 19:33:38,047 ERROR yfinance: $AEHAW: possibly delisted; no timezone found
2026-07-29 19:33:40,664 ERROR yfinance: $AENZ: possibly delisted; no timezone found
2026-07-29 19:33:41,927 ERROR yfinance: $AEON.WS: possibly delisted; no timezone found
2026-07-29 19:33:42,252 ERROR yfinance: $AERC: possibly delisted; no timezone found
2026-07-29 19:33:42,563 ERROR yfinance: $AERI: possibly delisted; no timezone found
2026-07-29 19:33:43,510 ERROR yfinance: $AESE: possibly delisted; no timezone found
2026-07-29 19:33:44,201 ERROR yfinance: $AEVA.WS: possibly delisted; no timezone found
2026-07-29 19:33:44,893 ERROR yfinance: $AEY: possibly delisted; no timezone found
2026-07-29 19:33:45,574 ERROR yfinance: $AEZS: possibly delisted; no timezone found
2026-07-29 19:33:45,916 ERROR yfinance: $AFACW: possibly delisted; no timezone found
2026-07-29 19:33:46,247 ERROR yfinance: $AFAQW: possibly delisted; no timezone found
2026-07-29 19:33:46,591 ERROR yfinance: $AFARW: possibly delisted; no timezone found
2026-07-29 19:33:47,426 ERROR yfinance: $AFI: possibly delisted; no timezone found
2026-07-29 19:33:48,541 ERROR yfinance: AFJKR: Period 'max' is invalid, must be one of: 1d, 5d
2026-07-29 19:33:49,222 ERROR yfinance: $AFMD: possibly delisted; no timezone found
2026-07-29 19:33:50,162 ERROR yfinance: $AFTR.WS: possibly delisted; no timezone found
2026-07-29 19:33:50,507 ERROR yfinance: $AGAC.WS: possibly delisted; no timezone found
2026-07-29 19:33:50,864 ERROR yfinance: $AGAE: possibly delisted; no timezone found
2026-07-29 19:33:51,196 ERROR yfinance: $AGBA: possibly delisted; no timezone found
2026-07-29 19:33:51,484 ERROR yfinance: $AGBAR: possibly delisted; no timezone found
2026-07-29 19:33:51,799 ERROR yfinance: $AGBAW: possibly delisted; no timezone found
2026-07-29 19:33:52,142 ERROR yfinance: $AGCWW: possibly delisted; no timezone found
2026-07-29 19:33:52,587 ERROR yfinance: $AGE: possibly delisted; no timezone found
2026-07-29 19:33:53,586 ERROR yfinance: $AGFS: possibly delisted; no timezone found
2026-07-29 19:33:53,936 ERROR yfinance: $AGFY: possibly delisted; no timezone found
2026-07-29 19:33:54,258 ERROR yfinance: $AGGRW: possibly delisted; no timezone found
2026-07-29 19:33:54,573 ERROR yfinance: $AGH: possibly delisted; no timezone found
2026-07-29 19:33:54,923 ERROR yfinance: $AGIL: possibly delisted; no timezone found
2026-07-29 19:33:55,141 ERROR yfinance: $AGILW: possibly delisted; no price data found  (1d 1927-08-23 -> 2026-07-29)
2026-07-29 19:33:56,202 ERROR yfinance: $AGLE: possibly delisted; no timezone found
2026-07-29 19:33:56,960 ERROR yfinance: $AGRI: possibly delisted; no timezone found
2026-07-29 19:33:57,171 ERROR yfinance: AGRIW: Period 'max' is invalid, must be one of: 1d, 5d
2026-07-29 19:33:57,484 ERROR yfinance: $AGRX: possibly delisted; no timezone found
2026-07-29 19:33:57,837 ERROR yfinance: $AGTC: possibly delisted; no timezone found
2026-07-29 19:33:58,188 ERROR yfinance: $AGTI: possibly delisted; no timezone found
2026-07-29 19:33:58,997 ERROR yfinance: $AHACW: possibly delisted; no timezone found
2026-07-29 19:33:59,365 ERROR yfinance: $AHC: possibly delisted; no timezone found
2026-07-29 19:34:00,402 ERROR yfinance: $AHI: possibly delisted; no timezone found
2026-07-29 19:34:00,775 ERROR yfinance: $AHPAW: possibly delisted; no timezone found
2026-07-29 19:34:01,096 ERROR yfinance: $AHPI: possibly delisted; no timezone found
2026-07-29 19:34:01,377 ERROR yfinance: $AHRNW: possibly delisted; no timezone found
2026-07-29 19:34:02,802 ERROR yfinance: $AHTPD: possibly delisted; no timezone found
2026-07-29 19:34:03,262 ERROR yfinance: $AHTPF: possibly delisted; no timezone found
2026-07-29 19:34:03,600 ERROR yfinance: $AHTPG: possibly delisted; no timezone found
2026-07-29 19:34:03,946 ERROR yfinance: $AHTPH: possibly delisted; no timezone found
2026-07-29 19:34:04,241 ERROR yfinance: $AHTPI: possibly delisted; no timezone found
2026-07-29 19:34:04,984 ERROR yfinance: $AIBBR: possibly delisted; no timezone found
2026-07-29 19:34:05,791 ERROR yfinance: $AIFER: possibly delisted; no timezone found
2026-07-29 19:34:07,034 ERROR yfinance: $AIG.WS: possibly delisted; no timezone found
2026-07-29 19:34:07,351 ERROR yfinance: $AIH: possibly delisted; no timezone found
2026-07-29 19:34:08,482 ERROR yfinance: $AIKI: possibly delisted; no timezone found
2026-07-29 19:34:08,783 ERROR yfinance: $AILE: possibly delisted; no timezone found
2026-07-29 19:34:09,072 ERROR yfinance: $AILEW: possibly delisted; no timezone found
2026-07-29 19:34:09,834 ERROR yfinance: $AIMAW: possibly delisted; no timezone found
2026-07-29 19:34:10,184 ERROR yfinance: $AIMBU: possibly delisted; no timezone found
2026-07-29 19:34:10,545 ERROR yfinance: $AIMC: possibly delisted; no timezone found
2026-07-29 19:34:11,384 ERROR yfinance: $AINC: possibly delisted; no timezone found
2026-07-29 19:34:14,538 ERROR yfinance: $AIRTW: possibly delisted; no timezone found
2026-07-29 19:34:15,346 ERROR yfinance: AITRR: Period 'max' is invalid, must be one of: 1d, 5d
2026-07-29 19:34:15,760 ERROR yfinance: $AIU: possibly delisted; no timezone found
2026-07-29 19:34:16,886 ERROR yfinance: $AJAX.WS: possibly delisted; no timezone found
2026-07-29 19:34:17,224 ERROR yfinance: $AJX: possibly delisted; no timezone found
2026-07-29 19:34:18,536 ERROR yfinance: $AKICW: possibly delisted; no timezone found
2026-07-29 19:34:19,001 ERROR yfinance: $AKLI: possibly delisted; no timezone found
2026-07-29 19:34:20,013 ERROR yfinance: $AKRO: possibly delisted; no timezone found
2026-07-29 19:34:21,047 ERROR yfinance: $AKU: possibly delisted; no timezone found
2026-07-29 19:34:21,415 ERROR yfinance: $AKUS: possibly delisted; no timezone found
2026-07-29 19:34:21,871 ERROR yfinance: $AKYA: possibly delisted; no timezone found
2026-07-29 19:34:22,694 ERROR yfinance: $ALACR: possibly delisted; no timezone found
2026-07-29 19:34:23,245 ERROR yfinance: $ALACU: possibly delisted; no timezone found
2026-07-29 19:34:24,098 ERROR yfinance: $ALACW: possibly delisted; no timezone found
2026-07-29 19:34:24,673 ERROR yfinance: $ALBO: possibly delisted; no timezone found
2026-07-29 19:34:25,593 ERROR yfinance: $ALCYW: possibly delisted; no timezone found
2026-07-29 19:34:27,164 ERROR yfinance: $ALFIW: possibly delisted; no timezone found
2026-07-29 19:34:28,452 ERROR yfinance: $ALIM: possibly delisted; no timezone found
2026-07-29 19:34:28,885 ERROR yfinance: $ALINPA: possibly delisted; no timezone found
2026-07-29 19:34:29,237 ERROR yfinance: $ALINPB: possibly delisted; no timezone found
2026-07-29 19:34:29,540 ERROR yfinance: $ALINPE: possibly delisted; no timezone found
2026-07-29 19:34:29,998 ERROR yfinance: $ALJJ: possibly delisted; no timezone found
2026-07-29 19:34:30,415 ERROR yfinance: $ALLG: possibly delisted; no timezone found
2026-07-29 19:34:30,802 ERROR yfinance: $ALLG.WS: possibly delisted; no timezone found
2026-07-29 19:34:31,177 ERROR yfinance: $ALLK: possibly delisted; no timezone found
2026-07-29 19:34:32,730 ERROR yfinance: $ALNA: possibly delisted; no timezone found
2026-07-29 19:34:33,481 ERROR yfinance: $ALORW: possibly delisted; no timezone found
2026-07-29 19:34:34,482 ERROR yfinance: $ALPAW: possibly delisted; no timezone found
2026-07-29 19:34:34,834 ERROR yfinance: $ALPN: possibly delisted; no timezone found
2026-07-29 19:34:35,694 ERROR yfinance: $ALR: possibly delisted; no timezone found
2026-07-29 19:34:36,042 ERROR yfinance: $ALRN: possibly delisted; no timezone found
2026-07-29 19:34:36,390 ERROR yfinance: $ALSAR: possibly delisted; no timezone found
2026-07-29 19:34:36,927 ERROR yfinance: $ALSAW: possibly delisted; no timezone found
2026-07-29 19:34:37,315 ERROR yfinance: $ALSK: possibly delisted; no timezone found
2026-07-29 19:34:38,627 ERROR yfinance: $ALTIW: possibly delisted; no timezone found
2026-07-29 19:34:38,928 ERROR yfinance: $ALTM: possibly delisted; no timezone found
2026-07-29 19:34:39,620 ERROR yfinance: $ALTS: possibly delisted; no timezone found
2026-07-29 19:34:39,936 ERROR yfinance: $ALTUW: possibly delisted; no timezone found
2026-07-29 19:34:40,555 ERROR yfinance: $ALUR.WS: possibly delisted; no timezone found
2026-07-29 19:34:40,850 ERROR yfinance: $ALUS.WS: possibly delisted; no timezone found
2026-07-29 19:34:41,480 ERROR yfinance: $ALVR: possibly delisted; no timezone found
2026-07-29 19:34:42,534 ERROR yfinance: $AMAM: possibly delisted; no timezone found
2026-07-29 19:34:42,930 ERROR yfinance: $AMAO: possibly delisted; no timezone found
2026-07-29 19:34:43,311 ERROR yfinance: $AMAOU: possibly delisted; no timezone found
2026-07-29 19:34:43,688 ERROR yfinance: $AMAOW: possibly delisted; no timezone found
2026-07-29 19:34:44,493 ERROR yfinance: $AMBC.WS: possibly delisted; no timezone found
2026-07-29 19:34:44,827 ERROR yfinance: $AMBI: possibly delisted; no timezone found
2026-07-29 19:34:45,178 ERROR yfinance: $AMBI.WS: possibly delisted; no timezone found
2026-07-29 19:34:45,907 ERROR yfinance: $AMBP.WS: possibly delisted; no timezone found
2026-07-29 19:34:46,806 ERROR yfinance: $AMCIU: possibly delisted; no timezone found
2026-07-29 19:34:47,139 ERROR yfinance: $AMCIW: possibly delisted; no timezone found
2026-07-29 19:34:48,415 ERROR yfinance: $AMHC: possibly delisted; no timezone found
2026-07-29 19:34:48,714 ERROR yfinance: $AMHCU: possibly delisted; no timezone found
2026-07-29 19:34:49,029 ERROR yfinance: $AMHCW: possibly delisted; no timezone found
2026-07-29 19:34:49,670 ERROR yfinance: $AMLI: possibly delisted; no timezone found
2026-07-29 19:34:51,246 ERROR yfinance: $AMOT: possibly delisted; no timezone found
2026-07-29 19:34:52,435 ERROR yfinance: $AMPI.WS: possibly delisted; no timezone found
2026-07-29 19:34:53,124 ERROR yfinance: $AMPS.WS: possibly delisted; no timezone found
2026-07-29 19:34:53,859 ERROR yfinance: $AMPX.WS: possibly delisted; no timezone found
2026-07-29 19:34:55,108 ERROR yfinance: $AMRH: possibly delisted; no timezone found
2026-07-29 19:34:55,489 ERROR yfinance: $AMRHW: possibly delisted; no timezone found
2026-07-29 19:34:55,859 ERROR yfinance: $AMRK: possibly delisted; no timezone found
2026-07-29 19:34:56,546 ERROR yfinance: $AMRS: possibly delisted; no timezone found
2026-07-29 19:34:58,306 ERROR yfinance: $AMSWA: possibly delisted; no timezone found
2026-07-29 19:34:59,148 ERROR yfinance: $AMTI: possibly delisted; no timezone found
2026-07-29 19:35:00,249 ERROR yfinance: $AMV: possibly delisted; no timezone found
2026-07-29 19:35:01,207 ERROR yfinance: $AMYT: possibly delisted; no timezone found
2026-07-29 19:35:02,868 ERROR yfinance: $ANAC.WS: possibly delisted; no timezone found
2026-07-29 19:35:03,238 ERROR yfinance: $ANCN: possibly delisted; no timezone found
2026-07-29 19:35:03,612 ERROR yfinance: $ANDAR: possibly delisted; no timezone found
2026-07-29 19:35:04,036 ERROR yfinance: $ANDAW: possibly delisted; no timezone found
2026-07-29 19:35:07,556 ERROR yfinance: $ANGN: possibly delisted; no timezone found
2026-07-29 19:35:11,444 ERROR yfinance: $ANPC: possibly delisted; no timezone found
2026-07-29 19:35:12,871 ERROR yfinance: $ANTE: possibly delisted; no timezone found
2026-07-29 19:35:14,363 ERROR yfinance: $ANZU: possibly delisted; no timezone found
2026-07-29 19:35:14,728 ERROR yfinance: $ANZUU: possibly delisted; no timezone found
2026-07-29 19:35:15,123 ERROR yfinance: $ANZUW: possibly delisted; no timezone found
2026-07-29 19:35:15,318 ERROR yfinance: AOGOW: Period 'max' is invalid, must be one of: 1d, 5d
2026-07-29 19:35:15,933 ERROR yfinance: AONCW: Period 'max' is invalid, must be one of: 1d, 5d
2026-07-29 19:35:17,423 ERROR yfinance: $AP.WS: possibly delisted; no timezone found
2026-07-29 19:35:18,264 ERROR yfinance: $APACW: possibly delisted; no timezone found
2026-07-29 19:35:18,660 ERROR yfinance: $APCA.WS: possibly delisted; no timezone found
2026-07-29 19:35:19,179 ERROR yfinance: APCXW: Period 'max' is invalid, must be one of: 1d, 5d
2026-07-29 19:35:19,519 ERROR yfinance: $APDN: possibly delisted; no timezone found
2026-07-29 19:35:19,858 ERROR yfinance: $APE: possibly delisted; no timezone found
2026-07-29 19:35:20,970 ERROR yfinance: $APEN: possibly delisted; no timezone found
2026-07-29 19:35:21,647 ERROR yfinance: $APGB.WS: possibly delisted; no timezone found
2026-07-29 19:35:22,289 ERROR yfinance: $APGN: possibly delisted; no timezone found
2026-07-29 19:35:22,599 ERROR yfinance: $APGNW: possibly delisted; no timezone found
2026-07-29 19:35:23,551 ERROR yfinance: $APHA: possibly delisted; no timezone found
2026-07-29 19:35:25,136 ERROR yfinance: $APLS: possibly delisted; no timezone found
2026-07-29 19:35:25,503 ERROR yfinance: $APLT: possibly delisted; no timezone found
2026-07-29 19:35:26,398 ERROR yfinance: $APMIW: possibly delisted; no timezone found
2026-07-29 19:35:26,782 ERROR yfinance: $APN.WS: possibly delisted; no timezone found
2026-07-29 19:35:27,142 ERROR yfinance: $APOP: possibly delisted; no timezone found
2026-07-29 19:35:27,455 ERROR yfinance: $APOPW: possibly delisted; no timezone found
2026-07-29 19:35:27,763 ERROR yfinance: $APOPA: possibly delisted; no timezone found
2026-07-29 19:35:28,388 ERROR yfinance: $APPH: possibly delisted; no timezone found
2026-07-29 19:35:28,738 ERROR yfinance: $APPHW: possibly delisted; no timezone found
2026-07-29 19:35:30,188 ERROR yfinance: $APRN: possibly delisted; no timezone found
2026-07-29 19:35:30,551 ERROR yfinance: $APSG.WS: possibly delisted; no timezone found
2026-07-29 19:35:30,862 ERROR yfinance: $APTMW: possibly delisted; no timezone found
2026-07-29 19:35:31,223 ERROR yfinance: $APTO: possibly delisted; no timezone found
2026-07-29 19:35:31,584 ERROR yfinance: $APTX: possibly delisted; no timezone found
2026-07-29 19:35:33,025 ERROR yfinance: $APXIW: possibly delisted; no timezone found
2026-07-29 19:35:34,968 ERROR yfinance: $AQUNR: possibly delisted; no timezone found
2026-07-29 19:35:35,632 ERROR yfinance: $ARAV: possibly delisted; no timezone found
2026-07-29 19:35:37,227 ERROR yfinance: $ARBGW: possibly delisted; no timezone found
2026-07-29 19:35:37,869 ERROR yfinance: $ARBKL: possibly delisted; no timezone found
2026-07-29 19:35:38,140 ERROR yfinance: $ARCKW: possibly delisted; no timezone found
2026-07-29 19:35:41,196 ERROR yfinance: $ARGUW: possibly delisted; no timezone found
2026-07-29 19:35:42,056 ERROR yfinance: $ARIZ: possibly delisted; no timezone found
2026-07-29 19:35:42,354 ERROR yfinance: $ARIZR: possibly delisted; no timezone found
2026-07-29 19:35:42,724 ERROR yfinance: $ARIZU: possibly delisted; no timezone found
2026-07-29 19:35:43,214 ERROR yfinance: $ARIZW: possibly delisted; no timezone found
2026-07-29 19:35:44,122 ERROR yfinance: ARKOW: Period 'max' is invalid, must be one of: 1d, 5d
2026-07-29 19:35:46,429 ERROR yfinance: $ARNA: possibly delisted; no timezone found
2026-07-29 19:35:46,734 ERROR yfinance: $ARPO: possibly delisted; no timezone found
2026-07-29 19:35:48,767 ERROR yfinance: $ARRW: possibly delisted; no timezone found
2026-07-29 19:35:49,099 ERROR yfinance: $ARRWU: possibly delisted; no timezone found
2026-07-29 19:35:49,453 ERROR yfinance: $ARRWW: possibly delisted; no timezone found
2026-07-29 19:35:50,171 ERROR yfinance: $ARTAW: possibly delisted; no timezone found
2026-07-29 19:35:50,534 ERROR yfinance: $ARTEW: possibly delisted; no timezone found
2026-07-29 19:35:51,139 ERROR yfinance: ARTLW: Period 'max' is invalid, must be one of: 1d, 5d
2026-07-29 19:35:52,452 ERROR yfinance: $ARVL: possibly delisted; no timezone found
2026-07-29 19:35:52,797 ERROR yfinance: $ARVLW: possibly delisted; no timezone found
2026-07-29 19:35:54,120 ERROR yfinance: $ARYA: possibly delisted; no timezone found
2026-07-29 19:35:54,389 ERROR yfinance: $ARYD: possibly delisted; no timezone found
2026-07-29 19:35:55,006 ERROR yfinance: $ASAP: possibly delisted; no timezone found
2026-07-29 19:35:55,334 ERROR yfinance: $ASAQ.WS: possibly delisted; no timezone found
2026-07-29 19:35:55,671 ERROR yfinance: $ASAXW: possibly delisted; no timezone found
2026-07-29 19:35:56,624 ERROR yfinance: $ASCA: possibly delisted; no timezone found
2026-07-29 19:35:56,987 ERROR yfinance: $ASCAR: possibly delisted; no timezone found
2026-07-29 19:35:57,332 ERROR yfinance: $ASCAU: possibly delisted; no timezone found
2026-07-29 19:35:57,690 ERROR yfinance: $ASCAW: possibly delisted; no timezone found
2026-07-29 19:35:58,051 ERROR yfinance: $ASCBR: possibly delisted; no timezone found
2026-07-29 19:35:58,439 ERROR yfinance: $ASCBW: possibly delisted; no timezone found
2026-07-29 19:35:59,103 ERROR yfinance: $ASLEW: possibly delisted; no timezone found
2026-07-29 19:35:59,441 ERROR yfinance: $ASLN: possibly delisted; no timezone found
2026-07-29 19:36:01,446 ERROR yfinance: $ASPA: possibly delisted; no timezone found
2026-07-29 19:36:01,797 ERROR yfinance: $ASPAU: possibly delisted; no timezone found
2026-07-29 19:36:02,207 ERROR yfinance: $ASPAW: possibly delisted; no timezone found
2026-07-29 19:36:02,771 ERROR yfinance: ASPCR: Period 'max' is invalid, must be one of: 1d, 5d
2026-07-29 19:36:03,392 ERROR yfinance: $ASPCW: possibly delisted; no timezone found
2026-07-29 19:36:03,916 ERROR yfinance: $ASPL.WS: possibly delisted; no timezone found
2026-07-29 19:36:08,209 ERROR yfinance: $ASTR: possibly delisted; no timezone found
2026-07-29 19:36:08,543 ERROR yfinance: $ASTRW: possibly delisted; no timezone found
2026-07-29 19:36:09,154 ERROR yfinance: ASTSW: Period 'max' is invalid, must be one of: 1d, 5d
2026-07-29 19:36:09,439 ERROR yfinance: $ASXC: possibly delisted; no timezone found
2026-07-29 19:36:10,177 ERROR yfinance: $ASZ.WS: possibly delisted; no timezone found
2026-07-29 19:36:10,520 ERROR yfinance: $AT: possibly delisted; no timezone found
2026-07-29 19:36:10,783 ERROR yfinance: $ATA.WS: possibly delisted; no timezone found
2026-07-29 19:36:11,369 ERROR yfinance: $ATAK: possibly delisted; no timezone found
2026-07-29 19:36:11,697 ERROR yfinance: $ATAKR: possibly delisted; no timezone found
2026-07-29 19:36:12,029 ERROR yfinance: $ATAKW: possibly delisted; no timezone found
2026-07-29 19:36:12,391 ERROR yfinance: $ATAQ.WS: possibly delisted; no timezone found
2026-07-29 19:36:12,671 ERROR yfinance: $ATAX: possibly delisted; no timezone found
2026-07-29 19:36:13,279 ERROR yfinance: $ATCOPH: possibly delisted; no timezone found
2026-07-29 19:36:14,068 ERROR yfinance: $ATCXW: possibly delisted; no timezone found
2026-07-29 19:36:14,791 ERROR yfinance: $ATEK.WS: possibly delisted; no timezone found
2026-07-29 19:36:16,538 ERROR yfinance: $ATHA: possibly delisted; no timezone found
2026-07-29 19:36:17,242 ERROR yfinance: $ATHN.WS: possibly delisted; no timezone found
2026-07-29 19:36:17,758 ERROR yfinance: $ATHX: possibly delisted; no timezone found
2026-07-29 19:36:18,100 ERROR yfinance: $ATIF: possibly delisted; no timezone found
2026-07-29 19:36:18,743 ERROR yfinance: $ATIP: possibly delisted; no timezone found
2026-07-29 19:36:19,130 ERROR yfinance: $ATIP.WS: possibly delisted; no timezone found
2026-07-29 19:36:20,247 ERROR yfinance: ATMCR: Period 'max' is invalid, must be one of: 1d, 5d
2026-07-29 19:36:20,503 ERROR yfinance: ATMCW: Period 'max' is invalid, must be one of: 1d, 5d
2026-07-29 19:36:20,838 ERROR yfinance: $ATMR.WS: possibly delisted; no timezone found
2026-07-29 19:36:21,147 ERROR yfinance: $ATMV: possibly delisted; no timezone found
2026-07-29 19:36:21,440 ERROR yfinance: $ATMVR: possibly delisted; no timezone found
2026-07-29 19:36:21,725 ERROR yfinance: $ATMVU: possibly delisted; no timezone found
2026-07-29 19:36:22,098 ERROR yfinance: $ATNF: possibly delisted; no timezone found
2026-07-29 19:36:22,479 ERROR yfinance: $ATNFW: possibly delisted; no timezone found
2026-07-29 19:36:23,867 ERROR yfinance: $ATNX: possibly delisted; no timezone found
2026-07-29 19:36:24,515 INFO corporate_actions: [600/6873] 2.7 sym/s — 95 splits, 1223 dividends so far
2026-07-29 19:36:26,285 ERROR yfinance: $ATRS: possibly delisted; no timezone found
2026-07-29 19:36:26,609 ERROR yfinance: $ATSPW: possibly delisted; no timezone found
2026-07-29 19:36:26,963 ERROR yfinance: $ATTO: possibly delisted; no timezone found
2026-07-29 19:36:27,291 ERROR yfinance: $ATUS: possibly delisted; no timezone found
2026-07-29 19:36:27,628 ERROR yfinance: $ATV: possibly delisted; no timezone found
2026-07-29 19:36:27,970 ERROR yfinance: $ATVCW: possibly delisted; no timezone found
2026-07-29 19:36:28,937 ERROR yfinance: $ATY: possibly delisted; no timezone found
2026-07-29 19:36:29,646 ERROR yfinance: $AUD: possibly delisted; no timezone found
2026-07-29 19:36:30,034 ERROR yfinance: $AUGX: possibly delisted; no timezone found
2026-07-29 19:36:30,762 ERROR yfinance: $AULT: possibly delisted; no timezone found
2026-07-29 19:36:32,692 ERROR yfinance: $AURC: possibly delisted; no timezone found
2026-07-29 19:36:33,154 ERROR yfinance: $AURCU: possibly delisted; no timezone found
2026-07-29 19:36:33,488 ERROR yfinance: $AURCW: possibly delisted; no timezone found
2026-07-29 19:36:34,053 ERROR yfinance: $AUS.WS: possibly delisted; no timezone found
2026-07-29 19:36:35,018 ERROR yfinance: $AUTO: possibly delisted; no timezone found
2026-07-29 19:36:35,681 ERROR yfinance: $AUUDW: possibly delisted; no timezone found
2026-07-29 19:36:36,771 ERROR yfinance: $AVACW: possibly delisted; no timezone found
2026-07-29 19:36:37,366 ERROR yfinance: $AVAN.WS: possibly delisted; no timezone found
2026-07-29 19:36:38,135 ERROR yfinance: $AVCT: possibly delisted; no timezone found
2026-07-29 19:36:38,528 ERROR yfinance: $AVCTW: possibly delisted; no timezone found
2026-07-29 19:36:39,587 ERROR yfinance: $AVDL: possibly delisted; no timezone found
2026-07-29 19:36:39,913 ERROR yfinance: $AVDX: possibly delisted; no timezone found
2026-07-29 19:36:40,219 ERROR yfinance: $AVEO: possibly delisted; no timezone found
2026-07-29 19:36:41,124 ERROR yfinance: $AVGR: possibly delisted; no timezone found
2026-07-29 19:36:41,832 ERROR yfinance: $AVHIW: possibly delisted; no timezone found
2026-07-29 19:36:42,527 ERROR yfinance: $AVKR: possibly delisted; no timezone found
2026-07-29 19:36:43,513 ERROR yfinance: AVPTW: Period 'max' is invalid, must be one of: 1d, 5d
2026-07-29 19:36:43,818 ERROR yfinance: $AVRO: possibly delisted; no timezone found
2026-07-29 19:36:44,450 ERROR yfinance: $AVTE: possibly delisted; no timezone found
2026-07-29 19:36:45,779 ERROR yfinance: $AVYA: possibly delisted; no timezone found
2026-07-29 19:36:46,122 ERROR yfinance: $AWH: possibly delisted; no timezone found
2026-07-29 19:36:46,709 ERROR yfinance: AWINW: Period 'max' is invalid, must be one of: 1d, 5d
2026-07-29 19:36:48,554 ERROR yfinance: $AXAC.WS: possibly delisted; no timezone found
2026-07-29 19:36:48,951 ERROR yfinance: $AXACR: possibly delisted; no timezone found
2026-07-29 19:36:49,300 ERROR yfinance: $AXAS: possibly delisted; no timezone found
2026-07-29 19:36:49,666 ERROR yfinance: $AXDX: possibly delisted; no timezone found
2026-07-29 19:36:50,755 ERROR yfinance: $AXGT: possibly delisted; no timezone found
2026-07-29 19:36:51,073 ERROR yfinance: $AXH.WS: possibly delisted; no timezone found
2026-07-29 19:36:51,705 ERROR yfinance: $AXLA: possibly delisted; no timezone found
2026-07-29 19:36:52,739 ERROR yfinance: $AXU: possibly delisted; no timezone found
2026-07-29 19:36:53,071 ERROR yfinance: $AYLA: possibly delisted; no timezone found
2026-07-29 19:36:53,460 ERROR yfinance: $AYRO: possibly delisted; no timezone found
2026-07-29 19:36:55,118 ERROR yfinance: $AZRE: possibly delisted; no timezone found
2026-07-29 19:36:55,481 ERROR yfinance: $AZRX: possibly delisted; no timezone found
2026-07-29 19:36:56,315 ERROR yfinance: $AZYO: possibly delisted; no timezone found
2026-07-29 19:36:57,855 ERROR yfinance: $BACA.WS: possibly delisted; no timezone found
2026-07-29 19:36:58,564 ERROR yfinance: $BACQR: possibly delisted; no timezone found
2026-07-29 19:37:01,719 ERROR yfinance: $BARK.WS: possibly delisted; no timezone found
2026-07-29 19:37:02,089 ERROR yfinance: $BASE: possibly delisted; no timezone found
2026-07-29 19:37:02,622 ERROR yfinance: BAYAR: Period 'max' is invalid, must be one of: 1d, 5d
2026-07-29 19:37:03,517 ERROR yfinance: $BBAI.WS: possibly delisted; no timezone found
2026-07-29 19:37:05,883 ERROR yfinance: $BBI: possibly delisted; no timezone found
2026-07-29 19:37:06,537 ERROR yfinance: $BBIGV: possibly delisted; no timezone found
2026-07-29 19:37:08,295 ERROR yfinance: $BBLN: possibly delisted; no timezone found
2026-07-29 19:37:08,650 ERROR yfinance: $BBLN.WS: possibly delisted; no timezone found
2026-07-29 19:37:09,011 ERROR yfinance: $BBQ: possibly delisted; no timezone found
2026-07-29 19:37:10,208 ERROR yfinance: $BBU: possibly delisted; no timezone found
2026-07-29 19:37:11,496 ERROR yfinance: $BCAC: possibly delisted; no timezone found
2026-07-29 19:37:11,731 ERROR yfinance: $BCACU: possibly delisted; no price data found  (1d 1927-08-23 -> 2026-07-29)
2026-07-29 19:37:12,091 ERROR yfinance: $BCACW: possibly delisted; no timezone found
2026-07-29 19:37:12,454 ERROR yfinance: $BCAN: possibly delisted; no timezone found
2026-07-29 19:37:13,802 ERROR yfinance: BCDAW: Period 'max' is invalid, must be one of: 1d, 5d
2026-07-29 19:37:14,144 ERROR yfinance: $BCEL: possibly delisted; no timezone found
2026-07-29 19:37:15,520 ERROR yfinance: $BCOV: possibly delisted; no timezone found
2026-07-29 19:37:16,559 ERROR yfinance: $BCSAW: possibly delisted; no timezone found
2026-07-29 19:37:19,829 ERROR yfinance: $BDR: possibly delisted; no timezone found
2026-07-29 19:37:20,509 ERROR yfinance: $BDSI: possibly delisted; no timezone found
2026-07-29 19:37:22,464 ERROR yfinance: $BEDU: possibly delisted; no timezone found
2026-07-29 19:37:23,269 ERROR yfinance: $BEEMW: possibly delisted; no timezone found
2026-07-29 19:37:24,815 ERROR yfinance: $BENER: possibly delisted; no timezone found
2026-07-29 19:37:25,130 ERROR yfinance: $BENEW: possibly delisted; no timezone found
2026-07-29 19:37:27,443 ERROR yfinance: $BEST: possibly delisted; no timezone found
2026-07-29 19:37:28,397 ERROR yfinance: $BETS: possibly delisted; no timezone found
2026-07-29 19:37:28,750 ERROR yfinance: $BFAC.WS: possibly delisted; no timezone found
2026-07-29 19:37:29,081 ERROR yfinance: $BFI: possibly delisted; no timezone found
2026-07-29 19:37:29,383 ERROR yfinance: $BFIIW: possibly delisted; no timezone found
2026-07-29 19:37:29,683 ERROR yfinance: $BFLY.WS: possibly delisted; no timezone found
2026-07-29 19:37:31,093 ERROR yfinance: $BFT.WS: possibly delisted; no timezone found
2026-07-29 19:37:31,409 ERROR yfinance: $BFX: possibly delisted; no timezone found
2026-07-29 19:37:31,754 ERROR yfinance: $BGFV: possibly delisted; no timezone found
2026-07-29 19:37:32,528 ERROR yfinance: $BGIO: possibly delisted; no timezone found
2026-07-29 19:37:33,698 ERROR yfinance: $BGRYW: possibly delisted; no timezone found
2026-07-29 19:37:35,163 ERROR yfinance: $BGSX.WS: possibly delisted; no timezone found
2026-07-29 19:37:35,510 ERROR yfinance: $BGXX: possibly delisted; no timezone found
2026-07-29 19:37:35,837 ERROR yfinance: $BHACW: possibly delisted; no timezone found
2026-07-29 19:37:36,196 ERROR yfinance: $BHAT: possibly delisted; no timezone found
2026-07-29 19:37:36,859 INFO corporate_actions: [800/6873] 2.7 sym/s — 157 splits, 1980 dividends so far
2026-07-29 19:37:37,240 ERROR yfinance: $BHG: possibly delisted; no timezone found
2026-07-29 19:37:37,762 ERROR yfinance: $BHIL: possibly delisted; no timezone found
2026-07-29 19:37:38,106 ERROR yfinance: $BHIL.WS: possibly delisted; no timezone found
2026-07-29 19:37:38,369 ERROR yfinance: $BHKRW: possibly delisted; no timezone found
2026-07-29 19:37:39,086 ERROR yfinance: $BHSE: possibly delisted; no timezone found
2026-07-29 19:37:39,419 ERROR yfinance: $BHSEU: possibly delisted; no timezone found
2026-07-29 19:37:39,762 ERROR yfinance: $BHSEW: possibly delisted; no timezone found
2026-07-29 19:37:40,085 ERROR yfinance: $BHTG: possibly delisted; no timezone found
2026-07-29 19:37:41,758 ERROR yfinance: $BIG: possibly delisted; no timezone found
2026-07-29 19:37:42,114 ERROR yfinance: $BIGC: possibly delisted; no timezone found
2026-07-29 19:37:45,101 ERROR yfinance: $BIOC: possibly delisted; no timezone found
2026-07-29 19:37:45,468 ERROR yfinance: $BIOL: possibly delisted; no timezone found
2026-07-29 19:37:45,820 ERROR yfinance: $BIOR: possibly delisted; no timezone found
2026-07-29 19:37:46,120 ERROR yfinance: $BIOSW: possibly delisted; no timezone found
2026-07-29 19:37:46,389 ERROR yfinance: BIOTW: Period 'max' is invalid, must be one of: 1d, 5d
2026-07-29 19:37:48,307 ERROR yfinance: $BITE: possibly delisted; no timezone found
2026-07-29 19:37:48,584 ERROR yfinance: $BITE.U: possibly delisted; no timezone found
2026-07-29 19:37:48,872 ERROR yfinance: $BITE.WS: possibly delisted; no timezone found
2026-07-29 19:37:49,193 ERROR yfinance: $BITF: possibly delisted; no timezone found
2026-07-29 19:37:51,261 ERROR yfinance: $BITR: possibly delisted; no timezone found
2026-07-29 19:37:51,660 ERROR yfinance: $BITRW: possibly delisted; no timezone found
2026-07-29 19:37:53,882 ERROR yfinance: $BKEP: possibly delisted; no timezone found
2026-07-29 19:37:54,090 ERROR yfinance: BKHAR: Period 'max' is invalid, must be one of: 1d, 5d
2026-07-29 19:37:54,646 ERROR yfinance: $BKKT.WS: possibly delisted; no timezone found
2026-07-29 19:37:55,296 ERROR yfinance: $BKSY.WS: possibly delisted; no timezone found
2026-07-29 19:37:56,916 ERROR yfinance: $BKTR: possibly delisted; no timezone found
2026-07-29 19:37:57,862 ERROR yfinance: $BLAC: possibly delisted; no timezone found
2026-07-29 19:37:58,187 ERROR yfinance: $BLACR: possibly delisted; no timezone found
2026-07-29 19:37:58,478 ERROR yfinance: $BLACU: possibly delisted; no timezone found
2026-07-29 19:37:58,867 ERROR yfinance: $BLACW: possibly delisted; no timezone found
2026-07-29 19:37:59,755 ERROR yfinance: $BLBX: possibly delisted; no timezone found
2026-07-29 19:38:00,059 ERROR yfinance: $BLCM: possibly delisted; no timezone found
2026-07-29 19:38:00,419 ERROR yfinance: $BLCT: possibly delisted; no timezone found
2026-07-29 19:38:00,821 ERROR yfinance: $BLDE: possibly delisted; no timezone found
2026-07-29 19:38:01,185 ERROR yfinance: $BLDEW: possibly delisted; no timezone found
2026-07-29 19:38:01,523 ERROR yfinance: $BLEUR: possibly delisted; no timezone found
2026-07-29 19:38:02,011 ERROR yfinance: $BLEUW: possibly delisted; no timezone found
2026-07-29 19:38:02,869 ERROR yfinance: $BLI: possibly delisted; no timezone found
2026-07-29 19:38:04,263 ERROR yfinance: $BLMZ: possibly delisted; no timezone found
2026-07-29 19:38:05,344 ERROR yfinance: $BLNGW: possibly delisted; no timezone found
2026-07-29 19:38:06,069 ERROR yfinance: $BLNKW: possibly delisted; no timezone found
2026-07-29 19:38:06,424 ERROR yfinance: $BLPH: possibly delisted; no timezone found
2026-07-29 19:38:07,444 ERROR yfinance: $BLTSW: possibly delisted; no timezone found
2026-07-29 19:38:07,783 ERROR yfinance: $BLU: possibly delisted; no timezone found
2026-07-29 19:38:08,151 ERROR yfinance: $BLUA.WS: possibly delisted; no timezone found
2026-07-29 19:38:08,549 ERROR yfinance: $BLUE: possibly delisted; no timezone found
2026-07-29 19:38:09,545 ERROR yfinance: $BMAC.WS: possibly delisted; no timezone found
2026-07-29 19:38:09,931 ERROR yfinance: $BMAQR: possibly delisted; no timezone found
2026-07-29 19:38:10,253 ERROR yfinance: $BMAQW: possibly delisted; no timezone found
2026-07-29 19:38:12,453 ERROR yfinance: $BMTX: possibly delisted; no timezone found
2026-07-29 19:38:12,881 ERROR yfinance: $BMTX.WS: possibly delisted; no timezone found
2026-07-29 19:38:13,269 ERROR yfinance: $BMYR: possibly delisted; no timezone found
2026-07-29 19:38:15,858 ERROR yfinance: $BNFT: possibly delisted; no timezone found
2026-07-29 19:38:16,563 ERROR yfinance: $BNGOW: possibly delisted; no timezone found
2026-07-29 19:38:16,875 ERROR yfinance: $BNIXR: possibly delisted; no timezone found
2026-07-29 19:38:17,215 ERROR yfinance: $BNIXW: possibly delisted; no timezone found
2026-07-29 19:38:18,542 ERROR yfinance: $BNMV: possibly delisted; no timezone found
2026-07-29 19:38:18,854 ERROR yfinance: $BNNRW: possibly delisted; no timezone found
2026-07-29 19:38:19,262 ERROR yfinance: $BNOX: possibly delisted; no timezone found
2026-07-29 19:38:20,230 ERROR yfinance: $BNSO: possibly delisted; no timezone found
2026-07-29 19:38:21,546 ERROR yfinance: $BOAC.WS: possibly delisted; no timezone found
2026-07-29 19:38:21,894 ERROR yfinance: $BOAS.WS: possibly delisted; no timezone found
2026-07-29 19:38:22,340 ERROR yfinance: $BOCNW: possibly delisted; no timezone found
2026-07-29 19:38:22,672 ERROR yfinance: $BODY: possibly delisted; no timezone found
2026-07-29 19:38:22,998 ERROR yfinance: $BODY.WS: possibly delisted; no timezone found
2026-07-29 19:38:23,592 ERROR yfinance: $BOHPA: possibly delisted; no timezone found
2026-07-29 19:38:25,453 ERROR yfinance: $BOWNR: possibly delisted; no timezone found
2026-07-29 19:38:25,809 ERROR yfinance: $BOWNU: possibly delisted; no timezone found
2026-07-29 19:38:26,083 ERROR yfinance: $BOWXW: possibly delisted; no timezone found
2026-07-29 19:38:26,491 ERROR yfinance: $BOXD: possibly delisted; no timezone found
2026-07-29 19:38:26,897 ERROR yfinance: $BOXD.WS: possibly delisted; no timezone found
2026-07-29 19:38:27,532 ERROR yfinance: $BPACW: possibly delisted; no timezone found
2026-07-29 19:38:27,871 ERROR yfinance: $BPFH: possibly delisted; no timezone found
2026-07-29 19:38:28,197 ERROR yfinance: $BPT: possibly delisted; no timezone found
2026-07-29 19:38:29,010 ERROR yfinance: $BPTS: possibly delisted; no timezone found
2026-07-29 19:38:29,801 ERROR yfinance: $BRACR: possibly delisted; no timezone found
2026-07-29 19:38:31,972 ERROR yfinance: $BRD.WS: possibly delisted; no timezone found
2026-07-29 19:38:32,274 ERROR yfinance: $BRDG: possibly delisted; no timezone found
2026-07-29 19:38:32,775 ERROR yfinance: $BRDS: possibly delisted; no timezone found
2026-07-29 19:38:33,114 ERROR yfinance: $BRDS.WS: possibly delisted; no timezone found
2026-07-29 19:38:33,443 ERROR yfinance: $BREA: possibly delisted; no timezone found
2026-07-29 19:38:33,690 ERROR yfinance: BREZR: Period 'max' is invalid, must be one of: 1d, 5d
2026-07-29 19:38:34,027 ERROR yfinance: $BREZW: possibly delisted; no timezone found
2026-07-29 19:38:34,753 ERROR yfinance: $BRG: possibly delisted; no timezone found
2026-07-29 19:38:36,262 ERROR yfinance: $BRIVW: possibly delisted; no timezone found
2026-07-29 19:38:36,522 ERROR yfinance: BRKHW: Period 'max' is invalid, must be one of: 1d, 5d
2026-07-29 19:38:36,850 ERROR yfinance: $BRLI: possibly delisted; no timezone found
2026-07-29 19:38:37,199 ERROR yfinance: $BRLIR: possibly delisted; no timezone found
2026-07-29 19:38:37,510 ERROR yfinance: $BRLIU: possibly delisted; no timezone found
2026-07-29 19:38:37,879 ERROR yfinance: $BRLIW: possibly delisted; no timezone found
2026-07-29 19:38:39,018 ERROR yfinance: $BRMK.WS: possibly delisted; no timezone found
2026-07-29 19:38:40,490 ERROR yfinance: $BROG: possibly delisted; no timezone found
2026-07-29 19:38:40,797 ERROR yfinance: BROGW: Period 'max' is invalid, must be one of: 1d, 5d
2026-07-29 19:38:41,469 ERROR yfinance: $BRPA: possibly delisted; no timezone found
2026-07-29 19:38:41,780 ERROR yfinance: $BRPAR: possibly delisted; no timezone found
2026-07-29 19:38:42,213 ERROR yfinance: $BRPAU: possibly delisted; no timezone found
2026-07-29 19:38:42,597 ERROR yfinance: $BRPAW: possibly delisted; no timezone found
2026-07-29 19:38:42,926 ERROR yfinance: $BRPMW: possibly delisted; no timezone found
2026-07-29 19:38:43,254 ERROR yfinance: $BRQS: possibly delisted; no timezone found
2026-07-29 19:38:43,688 ERROR yfinance: $BRSH: possibly delisted; no timezone found
2026-07-29 19:38:44,018 ERROR yfinance: $BRSHW: possibly delisted; no timezone found
2026-07-29 19:38:45,554 ERROR yfinance: $BSAQ: possibly delisted; no timezone found
2026-07-29 19:38:45,864 ERROR yfinance: $BSAQ.U: possibly delisted; no timezone found
2026-07-29 19:38:46,193 ERROR yfinance: $BSAQ.WS: possibly delisted; no timezone found
2026-07-29 19:38:46,781 ERROR yfinance: $BSGA: possibly delisted; no timezone found
2026-07-29 19:38:47,135 ERROR yfinance: $BSGAR: possibly delisted; no timezone found
2026-07-29 19:38:47,596 ERROR yfinance: $BSGAU: possibly delisted; no timezone found
2026-07-29 19:38:47,887 ERROR yfinance: $BSGM: possibly delisted; no timezone found
2026-07-29 19:38:48,282 ERROR yfinance: $BSIIW: possibly delisted; no timezone found
2026-07-29 19:38:48,576 ERROR yfinance: $BSKYW: possibly delisted; no timezone found
2026-07-29 19:38:48,876 INFO corporate_actions: [1000/6873] 2.8 sym/s — 208 splits, 2236 dividends so far
2026-07-29 19:38:49,094 ERROR yfinance: BSLKW: Period 'max' is invalid, must be one of: 1d, 5d
2026-07-29 19:38:49,471 ERROR yfinance: $BSN.WS: possibly delisted; no timezone found
2026-07-29 19:38:49,843 ERROR yfinance: $BSQR: possibly delisted; no timezone found
2026-07-29 19:38:50,149 ERROR yfinance: $BSTC: possibly delisted; no timezone found
2026-07-29 19:38:50,381 ERROR yfinance: $BSTR: possibly delisted; no price data found  (1d 1927-08-23 -> 2026-07-29)
2026-07-29 19:38:51,230 ERROR yfinance: $BTAQW: possibly delisted; no timezone found
2026-07-29 19:38:51,806 ERROR yfinance: $BTB: possibly delisted; no timezone found
2026-07-29 19:38:53,541 ERROR yfinance: $BTCM: possibly delisted; no timezone found
2026-07-29 19:38:54,606 ERROR yfinance: BTCTW: Period 'max' is invalid, must be one of: 1d, 5d
2026-07-29 19:38:57,011 ERROR yfinance: $BTM: possibly delisted; no timezone found
2026-07-29 19:38:57,679 ERROR yfinance: $BTMDW: possibly delisted; no timezone found
2026-07-29 19:38:58,996 ERROR yfinance: $BTRS: possibly delisted; no timezone found
2026-07-29 19:38:59,693 ERROR yfinance: $BTTR: possibly delisted; no timezone found
2026-07-29 19:39:01,017 ERROR yfinance: $BTWN: possibly delisted; no timezone found
2026-07-29 19:39:01,360 ERROR yfinance: $BTWNU: possibly delisted; no timezone found
2026-07-29 19:39:01,730 ERROR yfinance: $BTWNW: possibly delisted; no timezone found
2026-07-29 19:39:02,527 ERROR yfinance: $BUJA: possibly delisted; no timezone found
2026-07-29 19:39:02,870 ERROR yfinance: $BUJAR: possibly delisted; no timezone found
2026-07-29 19:39:03,238 ERROR yfinance: $BUJAU: possibly delisted; no timezone found
2026-07-29 19:39:03,621 ERROR yfinance: $BUJAW: possibly delisted; no timezone found
2026-07-29 19:39:05,825 ERROR yfinance: $BURU.WS: possibly delisted; no timezone found
2026-07-29 19:39:06,220 ERROR yfinance: $BVH: possibly delisted; no timezone found
2026-07-29 19:39:07,039 ERROR yfinance: $BVXV: possibly delisted; no timezone found
2026-07-29 19:39:07,947 ERROR yfinance: $BWACW: possibly delisted; no timezone found
2026-07-29 19:39:08,339 ERROR yfinance: $BWAQ: possibly delisted; no timezone found
2026-07-29 19:39:08,715 ERROR yfinance: $BWAQR: possibly delisted; no timezone found
2026-07-29 19:39:09,105 ERROR yfinance: $BWAQU: possibly delisted; no timezone found
2026-07-29 19:39:09,426 ERROR yfinance: $BWAQW: possibly delisted; no timezone found
2026-07-29 19:39:10,141 ERROR yfinance: $BWCAW: possibly delisted; no timezone found
2026-07-29 19:39:11,712 ERROR yfinance: $BWSN: possibly delisted; no timezone found
2026-07-29 19:39:12,089 ERROR yfinance: $BWV: possibly delisted; no timezone found
2026-07-29 19:39:12,445 ERROR yfinance: $BWPA: possibly delisted; no timezone found
2026-07-29 19:39:12,808 ERROR yfinance: $BXRX: possibly delisted; no timezone found
2026-07-29 19:39:13,748 ERROR yfinance: $BYN: possibly delisted; no timezone found
2026-07-29 19:39:14,133 ERROR yfinance: $BYN.WS: possibly delisted; no timezone found
2026-07-29 19:39:14,726 ERROR yfinance: BYNOW: Period 'max' is invalid, must be one of: 1d, 5d
2026-07-29 19:39:15,241 ERROR yfinance: $BYON: possibly delisted; no timezone found
2026-07-29 19:39:16,387 ERROR yfinance: $BYTS: possibly delisted; no timezone found
2026-07-29 19:39:16,755 ERROR yfinance: $BYTSU: possibly delisted; no timezone found
2026-07-29 19:39:17,089 ERROR yfinance: $BYTSW: possibly delisted; no timezone found
2026-07-29 19:39:17,435 ERROR yfinance: $BYU: possibly delisted; no timezone found
2026-07-29 19:39:21,990 ERROR yfinance: $CACO: possibly delisted; no timezone found
2026-07-29 19:39:22,313 ERROR yfinance: $CADE: possibly delisted; no timezone found
2026-07-29 19:39:23,036 ERROR yfinance: $CAHCW: possibly delisted; no timezone found
2026-07-29 19:39:24,255 ERROR yfinance: $CALT: possibly delisted; no timezone found
2026-07-29 19:39:26,252 ERROR yfinance: $CANO: possibly delisted; no timezone found
2026-07-29 19:39:26,610 ERROR yfinance: $CANO.WS: possibly delisted; no timezone found
2026-07-29 19:39:27,339 ERROR yfinance: $CAPA: possibly delisted; no timezone found
2026-07-29 19:39:27,692 ERROR yfinance: $CAPAU: possibly delisted; no timezone found
2026-07-29 19:39:28,036 ERROR yfinance: $CAPAW: possibly delisted; no timezone found
2026-07-29 19:39:29,856 ERROR yfinance: $CAPTW: possibly delisted; no timezone found
2026-07-29 19:39:30,897 ERROR yfinance: $CARA: possibly delisted; no timezone found
2026-07-29 19:39:33,476 ERROR yfinance: $CAS.WS: possibly delisted; no timezone found
2026-07-29 19:39:33,833 ERROR yfinance: $CASA: possibly delisted; no timezone found
2026-07-29 19:39:34,157 ERROR yfinance: $CASI: possibly delisted; no timezone found
2026-07-29 19:39:34,498 ERROR yfinance: $CASK: possibly delisted; no timezone found
2026-07-29 19:39:34,826 ERROR yfinance: $CATB: possibly delisted; no timezone found
2026-07-29 19:39:36,605 ERROR yfinance: $CBAH.WS: possibly delisted; no timezone found
2026-07-29 19:39:37,301 ERROR yfinance: $CBAY: possibly delisted; no timezone found
2026-07-29 19:39:37,662 ERROR yfinance: $CBD: possibly delisted; no timezone found
2026-07-29 19:39:39,145 ERROR yfinance: $CBLI: possibly delisted; no timezone found
2026-07-29 19:39:39,723 ERROR yfinance: $CBRGW: possibly delisted; no timezone found
2026-07-29 19:39:40,797 ERROR yfinance: $CCAC.WS: possibly delisted; no timezone found
2026-07-29 19:39:41,149 ERROR yfinance: $CCAIW: possibly delisted; no timezone found
2026-07-29 19:39:41,985 ERROR yfinance: $CCCMW: possibly delisted; no timezone found
2026-07-29 19:39:42,349 ERROR yfinance: $CCCXW: possibly delisted; no timezone found
2026-07-29 19:39:43,244 ERROR yfinance: $CCIRW: possibly delisted; no timezone found
2026-07-29 19:39:43,592 ERROR yfinance: $CCIV: possibly delisted; no timezone found
2026-07-29 19:39:44,022 ERROR yfinance: $CCIV.U: possibly delisted; no timezone found
2026-07-29 19:39:44,345 ERROR yfinance: $CCIV.WS: possibly delisted; no timezone found
2026-07-29 19:39:46,273 ERROR yfinance: $CCLDO: possibly delisted; no timezone found
2026-07-29 19:39:46,587 ERROR yfinance: $CCLDP: possibly delisted; no timezone found
2026-07-29 19:39:47,381 ERROR yfinance: $CCMP: possibly delisted; no timezone found
2026-07-29 19:39:47,656 ERROR yfinance: $CCNC: possibly delisted; no timezone found
2026-07-29 19:39:48,015 ERROR yfinance: $CCRC: possibly delisted; no timezone found
2026-07-29 19:39:49,426 ERROR yfinance: $CCTSW: possibly delisted; no timezone found
2026-07-29 19:39:50,072 ERROR yfinance: $CCV.WS: possibly delisted; no timezone found
2026-07-29 19:39:50,415 ERROR yfinance: $CCVI.WS: possibly delisted; no timezone found
2026-07-29 19:39:50,780 ERROR yfinance: $CCX.WS: possibly delisted; no timezone found
2026-07-29 19:39:51,875 ERROR yfinance: $CDAK: possibly delisted; no timezone found
2026-07-29 19:39:52,234 ERROR yfinance: $CDAQW: possibly delisted; no timezone found
2026-07-29 19:39:53,766 ERROR yfinance: $CDMO: possibly delisted; no timezone found
2026-07-29 19:39:54,938 ERROR yfinance: $CDR: possibly delisted; no timezone found
2026-07-29 19:39:55,524 ERROR yfinance: $CDRPB: possibly delisted; no timezone found
2026-07-29 19:39:55,891 ERROR yfinance: $CDRPC: possibly delisted; no timezone found
2026-07-29 19:39:56,984 ERROR yfinance: $CDTX: possibly delisted; no timezone found
2026-07-29 19:39:57,336 ERROR yfinance: $CDXC: possibly delisted; no timezone found
2026-07-29 19:39:58,586 ERROR yfinance: $CEAD: possibly delisted; no timezone found
2026-07-29 19:39:59,039 ERROR yfinance: $CEADW: possibly delisted; no timezone found
2026-07-29 19:40:00,017 ERROR yfinance: $CEI: possibly delisted; no timezone found
2026-07-29 19:40:00,600 ERROR yfinance: $CELGR: possibly delisted; no timezone found
2026-07-29 19:40:01,457 ERROR yfinance: $CELL: possibly delisted; no timezone found
2026-07-29 19:40:01,932 ERROR yfinance: $CELP: possibly delisted; no timezone found
2026-07-29 19:40:02,268 INFO corporate_actions: [1200/6873] 2.7 sym/s — 236 splits, 2770 dividends so far
2026-07-29 19:40:03,300 ERROR yfinance: $CEMI: possibly delisted; no timezone found
2026-07-29 19:40:03,612 ERROR yfinance: $CENHW: possibly delisted; no timezone found
2026-07-29 19:40:04,365 ERROR yfinance: $CENQW: possibly delisted; no timezone found
2026-07-29 19:40:04,696 ERROR yfinance: $CEP: possibly delisted; no timezone found
2026-07-29 19:40:05,026 ERROR yfinance: $CERE: possibly delisted; no timezone found
2026-07-29 19:40:05,342 ERROR yfinance: $CEREW: possibly delisted; no timezone found
2026-07-29 19:40:05,839 ERROR yfinance: CEROW: Period 'max' is invalid, must be one of: 1d, 5d
2026-07-29 19:40:06,660 ERROR yfinance: $CETU: possibly delisted; no timezone found
2026-07-29 19:40:06,960 ERROR yfinance: $CETUR: possibly delisted; no timezone found
2026-07-29 19:40:07,289 ERROR yfinance: $CETUU: possibly delisted; no timezone found
2026-07-29 19:40:07,707 ERROR yfinance: $CETUW: possibly delisted; no timezone found
2026-07-29 19:40:08,825 ERROR yfinance: $CETXW: possibly delisted; no timezone found
2026-07-29 19:40:09,582 ERROR yfinance: $CFACW: possibly delisted; no timezone found
2026-07-29 19:40:09,872 ERROR yfinance: $CFFE: possibly delisted; no timezone found
2026-07-29 19:40:10,214 ERROR yfinance: $CFFEU: possibly delisted; no timezone found
2026-07-29 19:40:10,748 ERROR yfinance: $CFFEW: possibly delisted; no timezone found
2026-07-29 19:40:10,967 ERROR yfinance: CFFSW: Period 'max' is invalid, must be one of: 1d, 5d
2026-07-29 19:40:11,299 ERROR yfinance: $CFIIW: possibly delisted; no timezone found
2026-07-29 19:40:11,632 ERROR yfinance: $CFIVW: possibly delisted; no timezone found
2026-07-29 19:40:11,969 ERROR yfinance: $CFLT: possibly delisted; no timezone found
2026-07-29 19:40:12,300 ERROR yfinance: $CFMS: possibly delisted; no timezone found
2026-07-29 19:40:12,634 ERROR yfinance: $CFRX: possibly delisted; no timezone found
2026-07-29 19:40:13,016 ERROR yfinance: $CFSB: possibly delisted; no timezone found
2026-07-29 19:40:13,376 ERROR yfinance: $CFV: possibly delisted; no timezone found
2026-07-29 19:40:13,778 ERROR yfinance: $CFVIW: possibly delisted; no timezone found
2026-07-29 19:40:14,173 ERROR yfinance: $CGA: possibly delisted; no timezone found
2026-07-29 19:40:14,980 ERROR yfinance: $CGBS: possibly delisted; no timezone found
2026-07-29 19:40:15,222 ERROR yfinance: CGBSW: Period 'max' is invalid, must be one of: 1d, 5d
2026-07-29 19:40:16,369 ERROR yfinance: $CGIX: possibly delisted; no timezone found
2026-07-29 19:40:16,961 ERROR yfinance: $CGRN: possibly delisted; no timezone found
2026-07-29 19:40:17,559 ERROR yfinance: $CGROW: possibly delisted; no timezone found
2026-07-29 19:40:18,521 ERROR yfinance: $CHAA: possibly delisted; no timezone found
2026-07-29 19:40:18,999 ERROR yfinance: $CHAA.WS: possibly delisted; no timezone found
2026-07-29 19:40:19,319 ERROR yfinance: $CHAQ.WS: possibly delisted; no timezone found
2026-07-29 19:40:19,565 ERROR yfinance: CHARR: Period 'max' is invalid, must be one of: 1d, 5d
2026-07-29 19:40:21,437 ERROR yfinance: $CHEA: possibly delisted; no timezone found
2026-07-29 19:40:21,721 ERROR yfinance: $CHEAW: possibly delisted; no timezone found
2026-07-29 19:40:22,124 ERROR yfinance: $CHEB: possibly delisted; no timezone found
2026-07-29 19:40:22,492 ERROR yfinance: $CHEB.U: possibly delisted; no timezone found
2026-07-29 19:40:22,785 ERROR yfinance: $CHEB.WS: possibly delisted; no timezone found
2026-07-29 19:40:23,448 ERROR yfinance: $CHEK: possibly delisted; no timezone found
2026-07-29 19:40:23,833 ERROR yfinance: $CHEKZ: possibly delisted; no timezone found
2026-07-29 19:40:24,162 ERROR yfinance: $CHFS: possibly delisted; no timezone found
2026-07-29 19:40:24,511 ERROR yfinance: $CHFW.WS: possibly delisted; no timezone found
2026-07-29 19:40:26,238 ERROR yfinance: $CHKEZ: possibly delisted; no timezone found
2026-07-29 19:40:26,627 ERROR yfinance: $CHMA: possibly delisted; no timezone found
2026-07-29 19:40:26,957 ERROR yfinance: $CHN: possibly delisted; no timezone found
2026-07-29 19:40:27,948 ERROR yfinance: CHPGR: Period 'max' is invalid, must be one of: 1d, 5d
2026-07-29 19:40:28,262 ERROR yfinance: $CHPMW: possibly delisted; no timezone found
2026-07-29 19:40:28,903 ERROR yfinance: $CHPT.WS: possibly delisted; no timezone found
2026-07-29 19:40:29,579 ERROR yfinance: $CHRA: possibly delisted; no timezone found
2026-07-29 19:40:29,943 ERROR yfinance: $CHRO: possibly delisted; no timezone found
2026-07-29 19:40:30,639 ERROR yfinance: $CHS: possibly delisted; no timezone found
2026-07-29 19:40:31,257 ERROR yfinance: $CHUY: possibly delisted; no timezone found
2026-07-29 19:40:31,693 ERROR yfinance: $CHWA: possibly delisted; no timezone found
2026-07-29 19:40:32,035 ERROR yfinance: $CHWAW: possibly delisted; no timezone found
2026-07-29 19:40:32,337 ERROR yfinance: $CIAN: possibly delisted; no timezone found
2026-07-29 19:40:32,680 ERROR yfinance: $CIDM: possibly delisted; no timezone found
2026-07-29 19:40:33,336 ERROR yfinance: CIFRW: Period 'max' is invalid, must be one of: 1d, 5d
2026-07-29 19:40:33,967 ERROR yfinance: $CIH: possibly delisted; no timezone found
2026-07-29 19:40:34,308 ERROR yfinance: $CIIC: possibly delisted; no timezone found
2026-07-29 19:40:34,691 ERROR yfinance: $CIICU: possibly delisted; no timezone found
2026-07-29 19:40:35,020 ERROR yfinance: $CIICW: possibly delisted; no timezone found
2026-07-29 19:40:35,500 ERROR yfinance: $CIIGW: possibly delisted; no timezone found
2026-07-29 19:40:36,879 ERROR yfinance: $CINC: possibly delisted; no timezone found
2026-07-29 19:40:38,513 ERROR yfinance: $CISSV: possibly delisted; no timezone found
2026-07-29 19:40:38,830 ERROR yfinance: $CITEW: possibly delisted; no timezone found
2026-07-29 19:40:39,175 ERROR yfinance: $CJET: possibly delisted; no timezone found
2026-07-29 19:40:39,519 ERROR yfinance: $CJJD: possibly delisted; no timezone found
2026-07-29 19:40:40,092 ERROR yfinance: $CKPT: possibly delisted; no timezone found
2026-07-29 19:40:40,527 ERROR yfinance: $CLA: possibly delisted; no timezone found
2026-07-29 19:40:40,844 ERROR yfinance: $CLA.U: possibly delisted; no timezone found
2026-07-29 19:40:41,173 ERROR yfinance: $CLA.WS: possibly delisted; no timezone found
2026-07-29 19:40:41,473 ERROR yfinance: $CLAA.WS: possibly delisted; no timezone found
2026-07-29 19:40:41,775 ERROR yfinance: $CLAQ: possibly delisted; no timezone found
2026-07-29 19:40:42,120 ERROR yfinance: $CLAQR: possibly delisted; no timezone found
2026-07-29 19:40:42,446 ERROR yfinance: $CLAQU: possibly delisted; no timezone found
2026-07-29 19:40:42,833 ERROR yfinance: $CLAS.WS: possibly delisted; no timezone found
2026-07-29 19:40:43,200 ERROR yfinance: $CLAYW: possibly delisted; no timezone found
2026-07-29 19:40:43,886 ERROR yfinance: $CLBR.U: possibly delisted; no timezone found
2026-07-29 19:40:44,237 ERROR yfinance: $CLBR.WS: possibly delisted; no timezone found
2026-07-29 19:40:44,559 ERROR yfinance: $CLBS: possibly delisted; no timezone found
2026-07-29 19:40:45,353 ERROR yfinance: $CLDI.WS: possibly delisted; no timezone found
2026-07-29 19:40:45,700 ERROR yfinance: $CLEU: possibly delisted; no timezone found
2026-07-29 19:40:46,985 ERROR yfinance: $CLII: possibly delisted; no timezone found
2026-07-29 19:40:47,367 ERROR yfinance: $CLII.U: possibly delisted; no timezone found
2026-07-29 19:40:47,773 ERROR yfinance: $CLII.WS: possibly delisted; no timezone found
2026-07-29 19:40:48,503 ERROR yfinance: $CLIM.WS: possibly delisted; no timezone found
2026-07-29 19:40:48,831 ERROR yfinance: $CLIN: possibly delisted; no timezone found
2026-07-29 19:40:49,161 ERROR yfinance: $CLINR: possibly delisted; no timezone found
2026-07-29 19:40:49,517 ERROR yfinance: $CLINW: possibly delisted; no timezone found
2026-07-29 19:40:51,553 ERROR yfinance: CLNNW: Period 'max' is invalid, must be one of: 1d, 5d
2026-07-29 19:40:51,916 ERROR yfinance: $CLOER: possibly delisted; no timezone found
2026-07-29 19:40:52,627 ERROR yfinance: $CLOVW: possibly delisted; no timezone found
2026-07-29 19:40:54,216 ERROR yfinance: $CLRBZ: possibly delisted; no timezone found
2026-07-29 19:40:54,564 ERROR yfinance: $CLRCR: possibly delisted; no timezone found
2026-07-29 19:40:54,944 ERROR yfinance: $CLRCW: possibly delisted; no timezone found
2026-07-29 19:40:55,244 ERROR yfinance: $CLRMW: possibly delisted; no timezone found
2026-07-29 19:40:56,538 ERROR yfinance: $CLSD: possibly delisted; no price data found  (1d 1927-08-23 -> 2026-07-29)
2026-07-29 19:40:57,511 ERROR yfinance: $CLSN: possibly delisted; no timezone found
2026-07-29 19:40:58,352 ERROR yfinance: $CLVRW: possibly delisted; no timezone found
2026-07-29 19:40:58,689 ERROR yfinance: $CLVS: possibly delisted; no timezone found
2026-07-29 19:40:59,882 ERROR yfinance: $CLXT: possibly delisted; no timezone found
2026-07-29 19:41:01,090 ERROR yfinance: $CMA: possibly delisted; no timezone found
2026-07-29 19:41:01,445 ERROR yfinance: $CMAX: possibly delisted; no timezone found
2026-07-29 19:41:01,761 ERROR yfinance: $CMAXW: possibly delisted; no timezone found
2026-07-29 19:41:02,148 ERROR yfinance: $CMBM: possibly delisted; no timezone found
2026-07-29 19:41:02,454 ERROR yfinance: $CMCAW: possibly delisted; no timezone found
2026-07-29 19:41:05,031 ERROR yfinance: CMIIW: Period 'max' is invalid, must be one of: 1d, 5d
2026-07-29 19:41:05,331 ERROR yfinance: $CMLF: possibly delisted; no timezone found
2026-07-29 19:41:05,751 ERROR yfinance: $CMLFU: possibly delisted; no timezone found
2026-07-29 19:41:06,107 ERROR yfinance: $CMLFW: possibly delisted; no timezone found
2026-07-29 19:41:06,451 ERROR yfinance: $CMLS: possibly delisted; no timezone found
2026-07-29 19:41:06,818 ERROR yfinance: $CMLTW: possibly delisted; no timezone found
2026-07-29 19:41:07,892 ERROR yfinance: $CMPI: possibly delisted; no timezone found
2026-07-29 19:41:08,213 ERROR yfinance: $CMPOW: possibly delisted; no timezone found
2026-07-29 19:41:09,952 ERROR yfinance: $CMRAW: possibly delisted; no timezone found
2026-07-29 19:41:10,333 ERROR yfinance: $CMRX: possibly delisted; no timezone found
2026-07-29 19:41:13,405 ERROR yfinance: $CNCE: possibly delisted; no timezone found
2026-07-29 19:41:14,031 ERROR yfinance: $CND.WS: possibly delisted; no timezone found
2026-07-29 19:41:14,309 ERROR yfinance: $CNDA.WS: possibly delisted; no timezone found
2026-07-29 19:41:14,624 ERROR yfinance: $CNDB: possibly delisted; no timezone found
2026-07-29 19:41:14,936 ERROR yfinance: $CNDB.WS: possibly delisted; no timezone found
2026-07-29 19:41:16,294 ERROR yfinance: $CNFR: possibly delisted; no timezone found
2026-07-29 19:41:16,662 ERROR yfinance: $CNFRZ: possibly delisted; no timezone found
2026-07-29 19:41:16,915 ERROR yfinance: CNGLW: Period 'max' is invalid, must be one of: 1d, 5d
2026-07-29 19:41:19,697 ERROR yfinance: $CNSL: possibly delisted; no timezone found
2026-07-29 19:41:20,310 ERROR yfinance: $CNST: possibly delisted; no timezone found
2026-07-29 19:41:21,265 ERROR yfinance: $CNTG: possibly delisted; no timezone found
2026-07-29 19:41:21,929 ERROR yfinance: $CNTQ: possibly delisted; no timezone found
2026-07-29 19:41:22,267 ERROR yfinance: $CNTQU: possibly delisted; no timezone found
2026-07-29 19:41:22,579 ERROR yfinance: $CNTQW: possibly delisted; no timezone found
2026-07-29 19:41:23,620 ERROR yfinance: $CNVY: possibly delisted; no timezone found
2026-07-29 19:41:24,001 ERROR yfinance: $CNXA: possibly delisted; no timezone found
2026-07-29 19:41:24,610 ERROR yfinance: $CO: possibly delisted; no timezone found
2026-07-29 19:41:26,795 ERROR yfinance: $CODIPA: possibly delisted; no timezone found
2026-07-29 19:41:27,135 ERROR yfinance: $CODIPB: possibly delisted; no timezone found
2026-07-29 19:41:27,495 ERROR yfinance: $CODIPC: possibly delisted; no timezone found
2026-07-29 19:41:28,713 ERROR yfinance: $COEP: possibly delisted; no timezone found
2026-07-29 19:41:29,043 ERROR yfinance: $COEPW: possibly delisted; no timezone found
2026-07-29 19:41:31,760 ERROR yfinance: COLAR: Period 'max' is invalid, must be one of: 1d, 5d
2026-07-29 19:41:32,260 ERROR yfinance: $COLIW: possibly delisted; no timezone found
2026-07-29 19:41:32,534 ERROR yfinance: $COMM: possibly delisted; no timezone found
2026-07-29 19:41:33,967 ERROR yfinance: $COMSW: possibly delisted; no timezone found
2026-07-29 19:41:35,002 ERROR yfinance: $CONN: possibly delisted; no timezone found
2026-07-29 19:41:35,359 ERROR yfinance: $CONXW: possibly delisted; no timezone found
2026-07-29 19:41:36,547 ERROR yfinance: $COOLW: possibly delisted; no timezone found
2026-07-29 19:41:37,402 ERROR yfinance: $CORRPA: possibly delisted; no timezone found
2026-07-29 19:41:37,733 ERROR yfinance: $CORS.WS: possibly delisted; no timezone found
2026-07-29 19:41:40,064 ERROR yfinance: $COVAW: possibly delisted; no timezone found
2026-07-29 19:41:41,407 ERROR yfinance: $CPAAW: possibly delisted; no timezone found
2026-07-29 19:41:41,706 ERROR yfinance: $CPAQW: possibly delisted; no timezone found
2026-07-29 19:41:42,011 ERROR yfinance: $CPARW: possibly delisted; no timezone found
2026-07-29 19:41:42,445 ERROR yfinance: $CPE: possibly delisted; no timezone found
2026-07-29 19:41:45,926 ERROR yfinance: $CPSR.U: possibly delisted; no timezone found
2026-07-29 19:41:46,273 ERROR yfinance: $CPSR.WS: possibly delisted; no timezone found
2026-07-29 19:41:47,500 ERROR yfinance: $CPTK.WS: possibly delisted; no timezone found
2026-07-29 19:41:47,905 ERROR yfinance: $CPTN: possibly delisted; no timezone found
2026-07-29 19:41:48,232 ERROR yfinance: $CPTNW: possibly delisted; no timezone found
2026-07-29 19:41:48,593 ERROR yfinance: $CPUH.WS: possibly delisted; no timezone found
2026-07-29 19:41:49,401 ERROR yfinance: CRAQR: Period 'max' is invalid, must be one of: 1d, 5d
2026-07-29 19:41:51,849 ERROR yfinance: $CRD.A: possibly delisted; no timezone found
2026-07-29 19:41:53,802 ERROR yfinance: $CRECW: possibly delisted; no timezone found
2026-07-29 19:41:54,858 ERROR yfinance: $CREV: possibly delisted; no timezone found
2026-07-29 19:41:55,210 ERROR yfinance: $CREVW: possibly delisted; no timezone found
2026-07-29 19:41:56,110 ERROR yfinance: $CREXW: possibly delisted; no timezone found
2026-07-29 19:41:56,441 ERROR yfinance: $CRGE: possibly delisted; no timezone found
2026-07-29 19:41:57,415 ERROR yfinance: $CRGX: possibly delisted; no timezone found
2026-07-29 19:41:57,757 ERROR yfinance: $CRHC.WS: possibly delisted; no timezone found
2026-07-29 19:41:58,233 ERROR yfinance: $CRHM: possibly delisted; no timezone found
2026-07-29 19:42:02,668 ERROR yfinance: $CRTDW: possibly delisted; no timezone found
2026-07-29 19:42:03,174 ERROR yfinance: $CRTX: possibly delisted; no timezone found
2026-07-29 19:42:03,545 ERROR yfinance: $CRU.WS: possibly delisted; no timezone found
2026-07-29 19:42:06,120 ERROR yfinance: $CRXT: possibly delisted; no price data found  (1d 1927-08-23 -> 2026-07-29)
2026-07-29 19:42:06,420 ERROR yfinance: $CRXTW: possibly delisted; no timezone found
2026-07-29 19:42:06,693 ERROR yfinance: $CRZNW: possibly delisted; no timezone found
2026-07-29 19:42:06,988 ERROR yfinance: $CS: possibly delisted; no timezone found
2026-07-29 19:42:07,796 ERROR yfinance: $CSCI: possibly delisted; no price data found  (1d 1927-08-23 -> 2026-07-29)
2026-07-29 19:42:08,118 ERROR yfinance: $CSCW: possibly delisted; no timezone found
2026-07-29 19:42:08,960 ERROR yfinance: $CSII: possibly delisted; no timezone found
2026-07-29 19:42:09,264 ERROR yfinance: $CSLMR: possibly delisted; no timezone found
2026-07-29 19:42:09,542 ERROR yfinance: $CSLMW: possibly delisted; no timezone found
2026-07-29 19:42:09,902 ERROR yfinance: $CSLR: possibly delisted; no timezone found
2026-07-29 19:42:10,336 ERROR yfinance: $CSLRW: possibly delisted; no timezone found
2026-07-29 19:42:11,812 ERROR yfinance: $CSPR: possibly delisted; no timezone found
2026-07-29 19:42:12,150 ERROR yfinance: $CSSE: possibly delisted; no timezone found
2026-07-29 19:42:12,529 ERROR yfinance: $CSSEL: possibly delisted; no timezone found
2026-07-29 19:42:12,798 ERROR yfinance: $CSSEN: possibly delisted; no timezone found
2026-07-29 19:42:13,176 ERROR yfinance: $CSSEP: possibly delisted; no timezone found
2026-07-29 19:42:13,469 ERROR yfinance: $CSTA.WS: possibly delisted; no timezone found
2026-07-29 19:42:14,492 ERROR yfinance: $CSU: possibly delisted; no timezone found
2026-07-29 19:42:15,962 ERROR yfinance: $CTAC.WS: possibly delisted; no timezone found
2026-07-29 19:42:16,263 ERROR yfinance: $CTAQW: possibly delisted; no timezone found
2026-07-29 19:42:17,648 ERROR yfinance: $CTCX: possibly delisted; no timezone found
2026-07-29 19:42:17,951 ERROR yfinance: $CTCXW: possibly delisted; no timezone found
2026-07-29 19:42:18,929 ERROR yfinance: $CTEK: possibly delisted; no timezone found
2026-07-29 19:42:20,083 ERROR yfinance: $CTHR: possibly delisted; no timezone found
2026-07-29 19:42:20,405 ERROR yfinance: $CTIB: possibly delisted; no timezone found
2026-07-29 19:42:20,688 ERROR yfinance: $CTIC: possibly delisted; no timezone found
2026-07-29 19:42:20,996 ERROR yfinance: $CTK: possibly delisted; no timezone found
2026-07-29 19:42:21,570 ERROR yfinance: $CTLT: possibly delisted; no timezone found
2026-07-29 19:42:23,858 ERROR yfinance: $CTOS.WS: possibly delisted; no timezone found
2026-07-29 19:42:24,159 ERROR yfinance: $CTRA: possibly delisted; no timezone found
2026-07-29 19:42:25,364 ERROR yfinance: $CTT: possibly delisted; no timezone found
2026-07-29 19:42:25,697 ERROR yfinance: $CTV: possibly delisted; no timezone found
2026-07-29 19:42:26,077 ERROR yfinance: $CTV.WS: possibly delisted; no timezone found
2026-07-29 19:42:26,971 ERROR yfinance: $CTXRW: possibly delisted; no timezone found
2026-07-29 19:42:28,693 ERROR yfinance: CUENW: Period 'max' is invalid, must be one of: 1d, 5d
2026-07-29 19:42:29,114 ERROR yfinance: $CUK: possibly delisted; no timezone found
2026-07-29 19:42:30,061 ERROR yfinance: CURIW: Period 'max' is invalid, must be one of: 1d, 5d
2026-07-29 19:42:30,411 ERROR yfinance: $CURO: possibly delisted; no timezone found
2026-07-29 19:42:31,506 ERROR yfinance: $CUTR: possibly delisted; no timezone found
2026-07-29 19:42:31,781 ERROR yfinance: $CVAC: possibly delisted; no timezone found
2026-07-29 19:42:32,628 ERROR yfinance: $CVII.WS: possibly delisted; no timezone found
2026-07-29 19:42:32,970 ERROR yfinance: $CVIIW: possibly delisted; no timezone found
2026-07-29 19:42:33,688 ERROR yfinance: $CVLB: possibly delisted; no timezone found
2026-07-29 19:42:36,761 ERROR yfinance: $CWBR: possibly delisted; no timezone found
2026-07-29 19:42:37,990 ERROR yfinance: $CXAC.WS: possibly delisted; no timezone found
2026-07-29 19:42:38,935 ERROR yfinance: $CXDC: possibly delisted; no timezone found
2026-07-29 19:42:40,441 ERROR yfinance: $CYAD: possibly delisted; no timezone found
2026-07-29 19:42:41,369 ERROR yfinance: $CYBE: possibly delisted; no timezone found
2026-07-29 19:42:41,667 ERROR yfinance: $CYBN: possibly delisted; no timezone found
2026-07-29 19:42:41,957 ERROR yfinance: $CYCC: possibly delisted; no timezone found
2026-07-29 19:42:42,299 ERROR yfinance: $CYCCP: possibly delisted; no timezone found
2026-07-29 19:42:44,030 ERROR yfinance: $CYRN: possibly delisted; no timezone found
2026-07-29 19:42:44,850 ERROR yfinance: $CYT: possibly delisted; no timezone found
2026-07-29 19:42:45,191 ERROR yfinance: $CYTH: possibly delisted; no timezone found
2026-07-29 19:42:46,211 ERROR yfinance: $CYTO: possibly delisted; no timezone found
2026-07-29 19:42:46,562 ERROR yfinance: $CYXT: possibly delisted; no timezone found
2026-07-29 19:42:46,874 ERROR yfinance: $CZOO: possibly delisted; no timezone found
2026-07-29 19:42:47,261 ERROR yfinance: $CZOO.WS: possibly delisted; no timezone found
2026-07-29 19:42:47,832 ERROR yfinance: $DADA: possibly delisted; no timezone found
2026-07-29 19:42:49,325 ERROR yfinance: $DALN: possibly delisted; no timezone found
2026-07-29 19:42:50,109 ERROR yfinance: $DAOOW: possibly delisted; no timezone found
2026-07-29 19:42:50,621 ERROR yfinance: DATS: Period 'max' is invalid, must be one of: 1d, 5d
2026-07-29 19:42:50,889 ERROR yfinance: DATSW: Period 'max' is invalid, must be one of: 1d, 5d
2026-07-29 19:42:52,239 ERROR yfinance: $DAWN: possibly delisted; no timezone found
2026-07-29 19:42:52,790 ERROR yfinance: $DBDRW: possibly delisted; no timezone found
2026-07-29 19:42:53,412 ERROR yfinance: $DBGIW: possibly delisted; no timezone found
2026-07-29 19:42:54,920 ERROR yfinance: $DBTX: possibly delisted; no timezone found
2026-07-29 19:42:56,038 ERROR yfinance: $DC.WS: possibly delisted; no timezone found
2026-07-29 19:42:56,374 ERROR yfinance: $DCFC: possibly delisted; no timezone found
2026-07-29 19:42:56,648 ERROR yfinance: $DCFCW: possibly delisted; no timezone found
2026-07-29 19:42:57,274 ERROR yfinance: $DCGOW: possibly delisted; no timezone found
2026-07-29 19:42:58,199 ERROR yfinance: $DCPH: possibly delisted; no timezone found
2026-07-29 19:42:58,517 ERROR yfinance: $DCRBW: possibly delisted; no timezone found
2026-07-29 19:42:58,869 ERROR yfinance: $DCRCW: possibly delisted; no timezone found
2026-07-29 19:42:59,343 ERROR yfinance: $DCRD: possibly delisted; no timezone found
2026-07-29 19:42:59,628 ERROR yfinance: $DCRDU: possibly delisted; no timezone found
2026-07-29 19:42:59,943 ERROR yfinance: $DCRDW: possibly delisted; no timezone found
2026-07-29 19:43:00,269 ERROR yfinance: $DCT: possibly delisted; no timezone found
2026-07-29 19:43:01,985 ERROR yfinance: $DDMXW: possibly delisted; no timezone found
2026-07-29 19:43:02,778 ERROR yfinance: $DECA: possibly delisted; no timezone found
2026-07-29 19:43:03,120 ERROR yfinance: $DECAU: possibly delisted; no timezone found
2026-07-29 19:43:03,433 ERROR yfinance: $DECAW: possibly delisted; no timezone found
2026-07-29 19:43:04,664 ERROR yfinance: $DENN: possibly delisted; no timezone found
2026-07-29 19:43:06,344 ERROR yfinance: $DFFN: possibly delisted; no timezone found
2026-07-29 19:43:06,989 ERROR yfinance: $DFHTW: possibly delisted; no timezone found
2026-07-29 19:43:07,957 ERROR yfinance: $DFNS.WS: possibly delisted; no timezone found
2026-07-29 19:43:08,318 ERROR yfinance: $DFPHW: possibly delisted; no timezone found
2026-07-29 19:43:09,681 ERROR yfinance: $DGHI: possibly delisted; no timezone found
2026-07-29 19:43:10,043 ERROR yfinance: $DGLY: possibly delisted; no timezone found
2026-07-29 19:43:10,805 ERROR yfinance: $DHACU: possibly delisted; no timezone found
2026-07-29 19:43:11,155 ERROR yfinance: $DHACW: possibly delisted; no timezone found
2026-07-29 19:43:11,867 ERROR yfinance: DHAIW: Period 'max' is invalid, must be one of: 1d, 5d
2026-07-29 19:43:12,192 ERROR yfinance: $DHBCW: possibly delisted; no timezone found
2026-07-29 19:43:13,039 ERROR yfinance: $DHCAW: possibly delisted; no timezone found
2026-07-29 19:43:13,302 ERROR yfinance: $DHHC: possibly delisted; no timezone found
2026-07-29 19:43:13,633 ERROR yfinance: $DHHCU: possibly delisted; no timezone found
2026-07-29 19:43:13,952 ERROR yfinance: $DHHCW: possibly delisted; no timezone found
2026-07-29 19:43:14,639 ERROR yfinance: $DICE: possibly delisted; no timezone found
2026-07-29 19:43:15,028 ERROR yfinance: $DIDI: possibly delisted; no timezone found
2026-07-29 19:43:15,743 ERROR yfinance: $DILAW: possibly delisted; no timezone found
2026-07-29 19:43:16,105 ERROR yfinance: $DISAW: possibly delisted; no timezone found
2026-07-29 19:43:16,427 ERROR yfinance: $DISCA: possibly delisted; no timezone found
2026-07-29 19:43:16,805 ERROR yfinance: $DISCB: possibly delisted; no timezone found
2026-07-29 19:43:17,100 ERROR yfinance: $DISCK: possibly delisted; no timezone found
2026-07-29 19:43:17,411 ERROR yfinance: $DISH: possibly delisted; no timezone found
2026-07-29 19:43:17,824 ERROR yfinance: $DIST: possibly delisted; no timezone found
2026-07-29 19:43:18,083 ERROR yfinance: $DISTR: possibly delisted; no timezone found
2026-07-29 19:43:18,405 ERROR yfinance: $DISTW: possibly delisted; no timezone found
2026-07-29 19:43:19,167 ERROR yfinance: $DKDCA: possibly delisted; no timezone found
2026-07-29 19:43:19,497 ERROR yfinance: $DKDCU: possibly delisted; no timezone found
2026-07-29 19:43:19,797 ERROR yfinance: $DKDCW: possibly delisted; no timezone found
2026-07-29 19:43:20,737 ERROR yfinance: $DLA: possibly delisted; no timezone found
2026-07-29 19:43:21,142 ERROR yfinance: $DLCAW: possibly delisted; no timezone found
2026-07-29 19:43:23,064 ERROR yfinance: $DLPNW: possibly delisted; no timezone found
2026-07-29 19:43:23,997 ERROR yfinance: $DM: possibly delisted; no timezone found
2026-07-29 19:43:24,317 ERROR yfinance: $DM.WS: possibly delisted; no timezone found
2026-07-29 19:43:24,579 ERROR yfinance: DMAAR: Period 'max' is invalid, must be one of: 1d, 5d
2026-07-29 19:43:25,425 ERROR yfinance: $DMAQ: possibly delisted; no timezone found
2026-07-29 19:43:25,759 ERROR yfinance: $DMAQR: possibly delisted; no timezone found
2026-07-29 19:43:26,143 ERROR yfinance: $DMK: possibly delisted; no timezone found
2026-07-29 19:43:26,518 ERROR yfinance: $DMN: possibly delisted; no timezone found
2026-07-29 19:43:27,449 ERROR yfinance: $DMS: possibly delisted; no timezone found
2026-07-29 19:43:27,860 ERROR yfinance: $DMS.WS: possibly delisted; no timezone found
2026-07-29 19:43:28,259 ERROR yfinance: $DMTK: possibly delisted; no timezone found
2026-07-29 19:43:28,694 ERROR yfinance: $DMYD: possibly delisted; no timezone found
2026-07-29 19:43:29,001 ERROR yfinance: $DMYD.U: possibly delisted; no timezone found
2026-07-29 19:43:29,374 ERROR yfinance: $DMYD.WS: possibly delisted; no timezone found
2026-07-29 19:43:29,705 ERROR yfinance: $DMYI.WS: possibly delisted; no timezone found
2026-07-29 19:43:30,060 ERROR yfinance: $DMYS.WS: possibly delisted; no timezone found
2026-07-29 19:43:30,532 ERROR yfinance: $DMYY.WS: possibly delisted; no timezone found
2026-07-29 19:43:31,264 ERROR yfinance: $DNA.WS: possibly delisted; no timezone found
2026-07-29 19:43:31,627 ERROR yfinance: $DNAA: possibly delisted; no timezone found
2026-07-29 19:43:31,970 ERROR yfinance: $DNAY: possibly delisted; no timezone found
2026-07-29 19:43:32,257 ERROR yfinance: $DNK: possibly delisted; no timezone found
2026-07-29 19:43:33,407 ERROR yfinance: $DNMR: possibly delisted; no timezone found
2026-07-29 19:43:33,781 ERROR yfinance: $DNMR.WS: possibly delisted; no timezone found
2026-07-29 19:43:34,786 ERROR yfinance: $DNZ.WS: possibly delisted; no timezone found
2026-07-29 19:43:36,793 ERROR yfinance: $DOMA: possibly delisted; no timezone found
2026-07-29 19:43:37,163 ERROR yfinance: $DOMA.WS: possibly delisted; no timezone found
2026-07-29 19:43:38,739 ERROR yfinance: $DOOR: possibly delisted; no timezone found
2026-07-29 19:43:39,730 ERROR yfinance: $DPCSW: possibly delisted; no timezone found
2026-07-29 19:43:40,430 ERROR yfinance: $DPSI: possibly delisted; no timezone found
2026-07-29 19:43:41,368 ERROR yfinance: $DPW: possibly delisted; no timezone found
2026-07-29 19:43:42,592 ERROR yfinance: $DRAYW: possibly delisted; no timezone found
2026-07-29 19:43:43,370 ERROR yfinance: $DRCTW: possibly delisted; no timezone found
2026-07-29 19:43:44,667 ERROR yfinance: $DRIOW: possibly delisted; no timezone found
2026-07-29 19:43:45,948 ERROR yfinance: $DRNA: possibly delisted; no timezone found
2026-07-29 19:43:46,281 ERROR yfinance: $DRRX: possibly delisted; no timezone found
2026-07-29 19:43:47,170 ERROR yfinance: $DRTT: possibly delisted; no timezone found
2026-07-29 19:43:48,739 ERROR yfinance: $DS: possibly delisted; no timezone found
2026-07-29 19:43:48,966 ERROR yfinance: DSACW: Period 'max' is invalid, must be one of: 1d, 5d
2026-07-29 19:43:49,319 ERROR yfinance: $DSAQ.WS: possibly delisted; no timezone found
2026-07-29 19:43:49,636 ERROR yfinance: $DSE: possibly delisted; no timezone found
2026-07-29 19:43:49,975 ERROR yfinance: $DSEY: possibly delisted; no timezone found
2026-07-29 19:43:52,058 ERROR yfinance: $DSKE: possibly delisted; no timezone found
2026-07-29 19:43:52,526 ERROR yfinance: $DSKEW: possibly delisted; no timezone found
2026-07-29 19:43:53,611 ERROR yfinance: $DSX.WS: possibly delisted; no timezone found
2026-07-29 19:43:54,635 ERROR yfinance: $DSPB: possibly delisted; no timezone found
2026-07-29 19:43:55,280 ERROR yfinance: $DSPD: possibly delisted; no timezone found
2026-07-29 19:43:55,587 ERROR yfinance: $DTC: possibly delisted; no timezone found
2026-07-29 19:43:55,929 ERROR yfinance: $DTCK: possibly delisted; no timezone found
2026-07-29 19:43:56,778 ERROR yfinance: $DTEA: possibly delisted; no timezone found
2026-07-29 19:43:57,939 ERROR yfinance: $DTOC: possibly delisted; no timezone found
2026-07-29 19:43:58,361 ERROR yfinance: $DTOCU: possibly delisted; no timezone found
2026-07-29 19:43:58,716 ERROR yfinance: $DTOCW: possibly delisted; no timezone found
2026-07-29 19:43:59,043 ERROR yfinance: $DTRTW: possibly delisted; no timezone found
2026-07-29 19:43:59,324 ERROR yfinance: DTSQR: Period 'max' is invalid, must be one of: 1d, 5d
2026-07-29 19:44:00,480 ERROR yfinance: $DUETW: possibly delisted; no timezone found
2026-07-29 19:44:01,370 ERROR yfinance: $DUNE: possibly delisted; no timezone found
2026-07-29 19:44:01,692 ERROR yfinance: $DUNEW: possibly delisted; no timezone found
2026-07-29 19:44:04,071 ERROR yfinance: $DVAX: possibly delisted; no timezone found
2026-07-29 19:44:04,454 ERROR yfinance: $DVD: possibly delisted; no timezone found
2026-07-29 19:44:05,159 ERROR yfinance: $DWAC: possibly delisted; no timezone found
2026-07-29 19:44:05,503 ERROR yfinance: $DWACU: possibly delisted; no timezone found
2026-07-29 19:44:06,015 ERROR yfinance: $DWACW: possibly delisted; no timezone found
2026-07-29 19:44:06,354 ERROR yfinance: $DWIN.WS: possibly delisted; no timezone found
2026-07-29 19:44:12,367 ERROR yfinance: $DYCQR: possibly delisted; no timezone found
2026-07-29 19:44:12,954 ERROR yfinance: $DYNT: possibly delisted; no timezone found
2026-07-29 19:44:13,312 ERROR yfinance: $DYNXW: possibly delisted; no timezone found
2026-07-29 19:44:13,587 ERROR yfinance: $DZSI: possibly delisted; no timezone found
2026-07-29 19:44:13,937 ERROR yfinance: $EACPW: possibly delisted; no timezone found
2026-07-29 19:44:14,665 ERROR yfinance: $EAR: possibly delisted; no timezone found
2026-07-29 19:44:14,981 ERROR yfinance: $EARS: possibly delisted; no timezone found
2026-07-29 19:44:15,316 ERROR yfinance: $EAST: possibly delisted; no timezone found
2026-07-29 19:44:15,655 ERROR yfinance: $EB: possibly delisted; no timezone found
2026-07-29 19:44:15,949 ERROR yfinance: $EBACW: possibly delisted; no timezone found
2026-07-29 19:44:16,650 ERROR yfinance: $EBIX: possibly delisted; no timezone found
2026-07-29 19:44:17,665 ERROR yfinance: $ECDA: possibly delisted; no timezone found
2026-07-29 19:44:17,981 ERROR yfinance: $ECDAW: possibly delisted; no timezone found
2026-07-29 19:44:18,751 ERROR yfinance: $ECOL: possibly delisted; no timezone found
2026-07-29 19:44:19,133 ERROR yfinance: $ECOM: possibly delisted; no timezone found
2026-07-29 19:44:22,447 ERROR yfinance: $EDNCW: possibly delisted; no timezone found
2026-07-29 19:44:23,381 ERROR yfinance: $EDTX: possibly delisted; no timezone found
2026-07-29 19:44:23,747 ERROR yfinance: $EDTXU: possibly delisted; no timezone found
2026-07-29 19:44:24,249 ERROR yfinance: $EDTXW: possibly delisted; no timezone found
2026-07-29 19:44:27,604 ERROR yfinance: $EFHT: possibly delisted; no timezone found
2026-07-29 19:44:28,082 ERROR yfinance: $EFHTR: possibly delisted; no timezone found
2026-07-29 19:44:28,549 ERROR yfinance: $EFHTW: possibly delisted; no timezone found
2026-07-29 19:44:29,432 ERROR yfinance: $EFSH: possibly delisted; no timezone found
2026-07-29 19:44:30,093 ERROR yfinance: $EFTRW: possibly delisted; no timezone found
2026-07-29 19:44:31,922 ERROR yfinance: $EGGF.WS: possibly delisted; no timezone found
2026-07-29 19:44:32,716 ERROR yfinance: $EGIO: possibly delisted; no timezone found
2026-07-29 19:44:33,297 ERROR yfinance: $EGLX: possibly delisted; no timezone found
2026-07-29 19:44:33,653 ERROR yfinance: $EGOX: possibly delisted; no timezone found
2026-07-29 19:44:35,221 ERROR yfinance: $EHAB: possibly delisted; no timezone found
2026-07-29 19:44:35,770 ERROR yfinance: $EHIR: possibly delisted; no timezone found
2026-07-29 19:44:36,564 ERROR yfinance: $EIDX: possibly delisted; no timezone found
2026-07-29 19:44:36,996 ERROR yfinance: $EIGI: possibly delisted; no timezone found
2026-07-29 19:44:37,368 ERROR yfinance: $EIGR: possibly delisted; no timezone found
2026-07-29 19:44:37,677 ERROR yfinance: $EJFA: possibly delisted; no timezone found
2026-07-29 19:44:37,982 ERROR yfinance: $EJFAU: possibly delisted; no timezone found
2026-07-29 19:44:38,330 ERROR yfinance: $EJFAW: possibly delisted; no timezone found
2026-07-29 19:44:39,024 ERROR yfinance: $EKSO: possibly delisted; no timezone found
2026-07-29 19:44:40,537 ERROR yfinance: $ELEV: possibly delisted; no timezone found
2026-07-29 19:44:41,287 ERROR yfinance: $ELIQ: possibly delisted; no timezone found
2026-07-29 19:44:41,706 ERROR yfinance: $ELIQ.WS: possibly delisted; no timezone found
2026-07-29 19:44:42,108 ERROR yfinance: $ELMS: possibly delisted; no timezone found
2026-07-29 19:44:42,504 ERROR yfinance: $ELMSW: possibly delisted; no timezone found
2026-07-29 19:44:43,498 ERROR yfinance: $ELP: possibly delisted; no timezone found
2026-07-29 19:44:46,267 ERROR yfinance: $ELVT: possibly delisted; no timezone found
2026-07-29 19:44:46,587 ERROR yfinance: $ELWS: possibly delisted; no timezone found
2026-07-29 19:44:46,949 ERROR yfinance: $ELYM: possibly delisted; no timezone found
2026-07-29 19:44:47,785 ERROR yfinance: $EM: possibly delisted; no timezone found
2026-07-29 19:44:48,071 ERROR yfinance: $EMAN: possibly delisted; no timezone found
2026-07-29 19:44:48,658 ERROR yfinance: $EMBK: possibly delisted; no timezone found
2026-07-29 19:44:49,145 ERROR yfinance: $EMBKW: possibly delisted; no timezone found
2026-07-29 19:44:49,377 ERROR yfinance: EMCGR: Period 'max' is invalid, must be one of: 1d, 5d
2026-07-29 19:44:49,703 ERROR yfinance: $EMCGW: possibly delisted; no timezone found
2026-07-29 19:44:50,035 ERROR yfinance: $EMKR: possibly delisted; no timezone found
2026-07-29 19:44:51,216 ERROR yfinance: $EMLDW: possibly delisted; no timezone found
2026-07-29 19:44:51,858 ERROR yfinance: $EMORW: possibly delisted; no timezone found
2026-07-29 19:44:52,369 ERROR yfinance: $EMPW.WS: possibly delisted; no timezone found
2026-07-29 19:44:52,738 ERROR yfinance: $EMWP: possibly delisted; no timezone found
2026-07-29 19:44:53,109 ERROR yfinance: $ENCP: possibly delisted; no timezone found
2026-07-29 19:44:53,446 ERROR yfinance: $ENCPW: possibly delisted; no timezone found
2026-07-29 19:44:53,782 ERROR yfinance: $ENDP: possibly delisted; no timezone found
2026-07-29 19:44:54,127 ERROR yfinance: $ENERR: possibly delisted; no timezone found
2026-07-29 19:44:54,476 ERROR yfinance: $ENERW: possibly delisted; no timezone found
2026-07-29 19:44:54,862 ERROR yfinance: $ENFAW: possibly delisted; no timezone found
2026-07-29 19:44:55,261 ERROR yfinance: $ENG: possibly delisted; no timezone found
2026-07-29 19:44:56,344 ERROR yfinance: $ENJY: possibly delisted; no timezone found
2026-07-29 19:44:56,714 ERROR yfinance: $ENJYW: possibly delisted; no timezone found
2026-07-29 19:44:57,378 ERROR yfinance: $ENOB: possibly delisted; no timezone found
2026-07-29 19:44:57,711 ERROR yfinance: $ENPC: possibly delisted; no timezone found
2026-07-29 19:44:58,028 ERROR yfinance: $ENPC.U: possibly delisted; no timezone found
2026-07-29 19:44:58,410 ERROR yfinance: $ENPC.WS: possibly delisted; no timezone found
2026-07-29 19:45:00,277 ERROR yfinance: $ENTFW: possibly delisted; no timezone found
2026-07-29 19:45:00,570 ERROR yfinance: $ENTO: possibly delisted; no timezone found
2026-07-29 19:45:01,603 ERROR yfinance: $ENTXW: possibly delisted; no timezone found
2026-07-29 19:45:03,022 ERROR yfinance: $ENZ: possibly delisted; no timezone found
2026-07-29 19:45:03,466 ERROR yfinance: $EOCW.WS: possibly delisted; no timezone found
2026-07-29 19:45:04,532 ERROR yfinance: $EONR.WS: possibly delisted; no timezone found
2026-07-29 19:45:05,814 ERROR yfinance: $EPHYW: possibly delisted; no timezone found
2026-07-29 19:45:06,174 ERROR yfinance: $EPIX: possibly delisted; no timezone found
2026-07-29 19:45:08,231 ERROR yfinance: $EPWK: possibly delisted; no price data found  (1d 1927-08-23 -> 2026-07-29)
2026-07-29 19:45:08,558 ERROR yfinance: $EPWR.WS: possibly delisted; no timezone found
2026-07-29 19:45:08,919 ERROR yfinance: $EPZM: possibly delisted; no timezone found
2026-07-29 19:45:09,734 ERROR yfinance: $EQC: possibly delisted; no timezone found
2026-07-29 19:45:10,177 ERROR yfinance: $EQD.WS: possibly delisted; no timezone found
2026-07-29 19:45:10,525 ERROR yfinance: $EQHA.WS: possibly delisted; no timezone found
2026-07-29 19:45:11,836 ERROR yfinance: $EQOS: possibly delisted; no timezone found
2026-07-29 19:45:12,199 ERROR yfinance: $EQOSW: possibly delisted; no timezone found
2026-07-29 19:45:12,566 ERROR yfinance: $EQRX: possibly delisted; no timezone found
2026-07-29 19:45:12,896 ERROR yfinance: $EQRXW: possibly delisted; no timezone found
2026-07-29 19:45:13,724 ERROR yfinance: $EQV.WS: possibly delisted; no timezone found
2026-07-29 19:45:14,245 ERROR yfinance: $ERESW: possibly delisted; no timezone found
2026-07-29 19:45:16,503 ERROR yfinance: $ERYP: possibly delisted; no timezone found
2026-07-29 19:45:16,898 ERROR yfinance: $ESAC: possibly delisted; no timezone found
2026-07-29 19:45:17,230 ERROR yfinance: $ESACU: possibly delisted; no timezone found
2026-07-29 19:45:17,682 ERROR yfinance: $ESACW: possibly delisted; no timezone found
2026-07-29 19:45:18,483 ERROR yfinance: $ESBK: possibly delisted; no timezone found
2026-07-29 19:45:18,888 ERROR yfinance: $ESGC: possibly delisted; no timezone found
2026-07-29 19:45:19,265 ERROR yfinance: $ESGL: possibly delisted; no timezone found
2026-07-29 19:45:19,638 ERROR yfinance: $ESGLW: possibly delisted; no timezone found
2026-07-29 19:45:19,869 ERROR yfinance: ESHAR: Period 'max' is invalid, must be one of: 1d, 5d
2026-07-29 19:45:20,081 ERROR yfinance: ESLAW: Period 'max' is invalid, must be one of: 1d, 5d
2026-07-29 19:45:20,438 ERROR yfinance: $ESM.WS: possibly delisted; no timezone found
2026-07-29 19:45:22,035 ERROR yfinance: $ESSCR: possibly delisted; no timezone found
2026-07-29 19:45:22,500 ERROR yfinance: $ESSCU: possibly delisted; no timezone found
2026-07-29 19:45:22,826 ERROR yfinance: $ESSCW: possibly delisted; no timezone found
2026-07-29 19:45:23,913 ERROR yfinance: $ETACW: possibly delisted; no timezone found
2026-07-29 19:45:24,243 ERROR yfinance: $ETAO: possibly delisted; no timezone found
2026-07-29 19:45:25,865 ERROR yfinance: $ETHZ: possibly delisted; no timezone found
2026-07-29 19:45:26,145 ERROR yfinance: ETHZW: Period 'max' is invalid, must be one of: 1d, 5d
2026-07-29 19:45:26,431 ERROR yfinance: $ETNB: possibly delisted; no timezone found
2026-07-29 19:45:28,309 ERROR yfinance: $ETRN: possibly delisted; no timezone found
2026-07-29 19:45:29,076 ERROR yfinance: $ETWO: possibly delisted; no timezone found
2026-07-29 19:45:29,491 ERROR yfinance: $ETWO.WS: possibly delisted; no timezone found
2026-07-29 19:45:30,142 ERROR yfinance: $EUCRW: possibly delisted; no timezone found
2026-07-29 19:45:31,598 ERROR yfinance: $EUSGW: possibly delisted; no timezone found
2026-07-29 19:45:32,389 ERROR yfinance: $EVA: possibly delisted; no timezone found
2026-07-29 19:45:32,874 ERROR yfinance: $EVAC.WS: possibly delisted; no timezone found
2026-07-29 19:45:33,769 ERROR yfinance: $EVBG: possibly delisted; no timezone found
2026-07-29 19:45:34,625 ERROR yfinance: $EVE.WS: possibly delisted; no timezone found
2026-07-29 19:45:35,547 ERROR yfinance: $EVEX.WS: possibly delisted; no timezone found
2026-07-29 19:45:37,435 ERROR yfinance: $EVGRW: possibly delisted; no timezone found
2026-07-29 19:45:38,110 ERROR yfinance: $EVK: possibly delisted; no timezone found
2026-07-29 19:45:39,740 ERROR yfinance: $EVOJW: possibly delisted; no timezone found
2026-07-29 19:45:40,059 ERROR yfinance: $EVOK: possibly delisted; no timezone found
2026-07-29 19:45:40,961 ERROR yfinance: $EVRI: possibly delisted; no timezone found
2026-07-29 19:45:41,668 ERROR yfinance: $EVTL.WS: possibly delisted; no timezone found
2026-07-29 19:45:43,137 ERROR yfinance: $EWCZ: possibly delisted; no timezone found
2026-07-29 19:45:45,623 ERROR yfinance: $EXFO: possibly delisted; no timezone found
2026-07-29 19:45:46,832 ERROR yfinance: $EXN: possibly delisted; no timezone found
2026-07-29 19:45:47,354 ERROR yfinance: $EXPCW: possibly delisted; no timezone found
2026-07-29 19:45:47,700 ERROR yfinance: $EXPI: possibly delisted; no timezone found
2026-07-29 19:45:48,062 ERROR yfinance: $EXPR: possibly delisted; no timezone found
2026-07-29 19:45:48,379 ERROR yfinance: $EXTN: possibly delisted; no timezone found
2026-07-29 19:45:48,733 ERROR yfinance: $EXTO: possibly delisted; no timezone found
2026-07-29 19:45:49,746 ERROR yfinance: $EYEN: possibly delisted; no timezone found
2026-07-29 19:45:50,391 ERROR yfinance: $EYESW: possibly delisted; no timezone found
2026-07-29 19:45:51,176 ERROR yfinance: $EZFL: possibly delisted; no timezone found
2026-07-29 19:45:51,817 ERROR yfinance: $FAAS: possibly delisted; no timezone found
2026-07-29 19:45:52,216 ERROR yfinance: $FAASW: possibly delisted; no timezone found
2026-07-29 19:45:52,528 ERROR yfinance: $FACA.WS: possibly delisted; no timezone found
2026-07-29 19:45:52,855 ERROR yfinance: $FACT.WS: possibly delisted; no timezone found
2026-07-29 19:45:53,164 ERROR yfinance: $FAII.WS: possibly delisted; no timezone found
2026-07-29 19:45:53,817 ERROR yfinance: $FARM: possibly delisted; no timezone found
2026-07-29 19:45:54,151 ERROR yfinance: $FARO: possibly delisted; no timezone found
2026-07-29 19:45:55,521 ERROR yfinance: $FAT: possibly delisted; no timezone found
2026-07-29 19:45:55,963 ERROR yfinance: $FATBB: possibly delisted; no timezone found
2026-07-29 19:45:56,256 ERROR yfinance: $FATBP: possibly delisted; no timezone found
2026-07-29 19:45:56,439 ERROR yfinance: FATBW: Period 'max' is invalid, must be one of: 1d, 5d
2026-07-29 19:45:57,037 ERROR yfinance: $FATH: possibly delisted; no timezone found
2026-07-29 19:45:57,438 ERROR yfinance: $FATH.WS: possibly delisted; no timezone found
2026-07-29 19:45:57,980 ERROR yfinance: $FATPW: possibly delisted; no timezone found
2026-07-29 19:45:59,858 ERROR yfinance: $FAZE: possibly delisted; no timezone found
2026-07-29 19:46:00,220 ERROR yfinance: $FAZEW: possibly delisted; no timezone found
2026-07-29 19:46:03,373 ERROR yfinance: $FBYDP: possibly delisted; no price data found  (1d 1927-08-23 -> 2026-07-29)
2026-07-29 19:46:04,580 ERROR yfinance: $FCACW: possibly delisted; no timezone found
2026-07-29 19:46:05,016 ERROR yfinance: $FCAX.WS: possibly delisted; no timezone found
2026-07-29 19:46:06,843 ERROR yfinance: $FCO: possibly delisted; no timezone found
2026-07-29 19:46:07,155 ERROR yfinance: $FCRD: possibly delisted; no timezone found
2026-07-29 19:46:12,348 ERROR yfinance: $FEXDR: possibly delisted; no timezone found
2026-07-29 19:46:12,650 ERROR yfinance: $FEXDW: possibly delisted; no timezone found
2026-07-29 19:46:13,007 ERROR yfinance: $FEYE: possibly delisted; no timezone found
2026-07-29 19:46:14,385 ERROR yfinance: $FFHL: possibly delisted; no timezone found
2026-07-29 19:46:14,728 ERROR yfinance: $FFIE: possibly delisted; no timezone found
2026-07-29 19:46:15,069 ERROR yfinance: $FFIEW: possibly delisted; no timezone found
2026-07-29 19:46:15,342 ERROR yfinance: $FFNW: possibly delisted; no timezone found
2026-07-29 19:46:15,715 ERROR yfinance: $FFWM: possibly delisted; no timezone found
2026-07-29 19:46:16,043 ERROR yfinance: $FGEN: possibly delisted; no timezone found
2026-07-29 19:46:16,312 ERROR yfinance: FGF: Period 'max' is invalid, must be one of: 1d, 5d
2026-07-29 19:46:17,612 ERROR yfinance: FGMCR: Period 'max' is invalid, must be one of: 1d, 5d
2026-07-29 19:46:17,933 ERROR yfinance: $FGMCW: possibly delisted; no timezone found
2026-07-29 19:46:19,199 ERROR yfinance: $FHLTW: possibly delisted; no timezone found
2026-07-29 19:46:20,105 ERROR yfinance: $FHNPB: possibly delisted; no timezone found
2026-07-29 19:46:20,423 ERROR yfinance: $FHNPF: possibly delisted; no timezone found
2026-07-29 19:46:20,811 ERROR yfinance: $FHS: possibly delisted; no timezone found
2026-07-29 19:46:21,388 ERROR yfinance: $FI: possibly delisted; no timezone found
2026-07-29 19:46:21,781 ERROR yfinance: $FIACW: possibly delisted; no timezone found
2026-07-29 19:46:22,389 ERROR yfinance: FICVW: Period 'max' is invalid, must be one of: 1d, 5d
2026-07-29 19:46:23,595 ERROR yfinance: $FIIIW: possibly delisted; no timezone found
2026-07-29 19:46:23,910 ERROR yfinance: $FINMW: possibly delisted; no timezone found
2026-07-29 19:46:24,294 ERROR yfinance: $FINSR: possibly delisted; no timezone found
2026-07-29 19:46:24,654 ERROR yfinance: $FINSRW: possibly delisted; no timezone found
2026-07-29 19:46:28,050 ERROR yfinance: $FIXX: possibly delisted; no timezone found
2026-07-29 19:46:29,116 ERROR yfinance: $FL: possibly delisted; no timezone found
2026-07-29 19:46:29,464 ERROR yfinance: $FLACW: possibly delisted; no timezone found
2026-07-29 19:46:30,064 ERROR yfinance: $FLAG.WS: possibly delisted; no timezone found
2026-07-29 19:46:31,275 ERROR yfinance: $FLFV: possibly delisted; no timezone found
2026-07-29 19:46:31,649 ERROR yfinance: $FLFVR: possibly delisted; no timezone found
2026-07-29 19:46:32,006 ERROR yfinance: $FLFVU: possibly delisted; no timezone found
2026-07-29 19:46:32,373 ERROR yfinance: $FLFVW: possibly delisted; no timezone found
2026-07-29 19:46:32,704 ERROR yfinance: $FLGC: possibly delisted; no timezone found
2026-07-29 19:46:33,130 ERROR yfinance: $FLJ: possibly delisted; no timezone found
2026-07-29 19:46:33,489 ERROR yfinance: $FLME.WS: possibly delisted; no timezone found
2026-07-29 19:46:33,811 ERROR yfinance: $FLMNW: possibly delisted; no timezone found
2026-07-29 19:46:37,298 ERROR yfinance: $FLYA.WS: possibly delisted; no timezone found
2026-07-29 19:46:39,134 ERROR yfinance: $FLYX.WS: possibly delisted; no timezone found
2026-07-29 19:46:39,493 ERROR yfinance: $FLYY: possibly delisted; no timezone found
2026-07-29 19:46:39,815 ERROR yfinance: $FMAC.WS: possibly delisted; no timezone found
2026-07-29 19:46:41,099 ERROR yfinance: $FMIVW: possibly delisted; no timezone found
2026-07-29 19:46:42,186 ERROR yfinance: $FMTO: possibly delisted; no timezone found
2026-07-29 19:46:42,505 ERROR yfinance: $FMTX: possibly delisted; no timezone found
2026-07-29 19:46:42,826 ERROR yfinance: $FNA: possibly delisted; no timezone found
2026-07-29 19:46:43,177 ERROR yfinance: $FNCH: possibly delisted; no timezone found
2026-07-29 19:46:47,379 ERROR yfinance: $FNHC: possibly delisted; no timezone found
2026-07-29 19:46:48,071 ERROR yfinance: $FNVTW: possibly delisted; no timezone found
2026-07-29 19:46:48,750 ERROR yfinance: $FOA.WS: possibly delisted; no timezone found
2026-07-29 19:46:49,285 ERROR yfinance: $FOLD: possibly delisted; no timezone found
2026-07-29 19:46:49,574 ERROR yfinance: $FORD: possibly delisted; no timezone found
2026-07-29 19:46:49,958 ERROR yfinance: $FORG: possibly delisted; no timezone found
2026-07-29 19:46:50,143 ERROR yfinance: FORLW: Period 'max' is invalid, must be one of: 1d, 5d
2026-07-29 19:46:51,081 ERROR yfinance: $FOUNW: possibly delisted; no timezone found
2026-07-29 19:46:52,188 ERROR yfinance: $FOXO.WS: possibly delisted; no timezone found
2026-07-29 19:46:52,490 ERROR yfinance: $FOXWW: possibly delisted; no timezone found
2026-07-29 19:46:53,320 ERROR yfinance: $FPAC.WS: possibly delisted; no timezone found
2026-07-29 19:46:53,672 ERROR yfinance: $FPAY: possibly delisted; no timezone found
2026-07-29 19:46:54,482 ERROR yfinance: $FPRX: possibly delisted; no timezone found
2026-07-29 19:46:54,854 ERROR yfinance: $FRAN: possibly delisted; no timezone found
2026-07-29 19:46:55,211 ERROR yfinance: $FRBK: possibly delisted; no timezone found
2026-07-29 19:46:55,543 ERROR yfinance: $FRBN: possibly delisted; no timezone found
2026-07-29 19:46:55,842 ERROR yfinance: $FRBNU: possibly delisted; no timezone found
2026-07-29 19:46:56,153 ERROR yfinance: $FRBNW: possibly delisted; no timezone found
2026-07-29 19:46:56,469 ERROR yfinance: $FRC: possibly delisted; no timezone found
2026-07-29 19:46:56,759 ERROR yfinance: $FRCPH: possibly delisted; no timezone found
2026-07-29 19:46:57,167 ERROR yfinance: $FRCPI: possibly delisted; no timezone found
2026-07-29 19:46:57,534 ERROR yfinance: $FRCPJ: possibly delisted; no timezone found
2026-07-29 19:46:57,859 ERROR yfinance: $FRCPK: possibly delisted; no timezone found
2026-07-29 19:46:58,177 ERROR yfinance: $FRCPL: possibly delisted; no timezone found
2026-07-29 19:46:58,506 ERROR yfinance: $FRCPM: possibly delisted; no timezone found
2026-07-29 19:46:58,851 ERROR yfinance: $FRCPN: possibly delisted; no timezone found
2026-07-29 19:46:59,186 ERROR yfinance: $FREE: possibly delisted; no timezone found
2026-07-29 19:46:59,416 ERROR yfinance: FREEW: Period 'max' is invalid, must be one of: 1d, 5d
2026-07-29 19:46:59,700 ERROR yfinance: $FREQ: possibly delisted; no timezone found
2026-07-29 19:47:00,057 ERROR yfinance: $FRES: possibly delisted; no timezone found
2026-07-29 19:47:00,367 ERROR yfinance: $FREY: possibly delisted; no timezone found
2026-07-29 19:47:00,682 ERROR yfinance: $FREY.WS: possibly delisted; no timezone found
2026-07-29 19:47:01,028 ERROR yfinance: $FRGE: possibly delisted; no timezone found
2026-07-29 19:47:01,399 ERROR yfinance: $FRGE.WS: possibly delisted; no timezone found
2026-07-29 19:47:02,054 ERROR yfinance: $FRLAW: possibly delisted; no timezone found
2026-07-29 19:47:02,376 ERROR yfinance: $FRLN: possibly delisted; no timezone found
2026-07-29 19:47:03,111 ERROR yfinance: $FRONW: possibly delisted; no timezone found
2026-07-29 19:47:03,999 ERROR yfinance: $FRSGW: possibly delisted; no timezone found
2026-07-29 19:47:04,644 ERROR yfinance: $FRTX: possibly delisted; no timezone found
2026-07-29 19:47:05,027 ERROR yfinance: $FRWAW: possibly delisted; no timezone found
2026-07-29 19:47:05,321 ERROR yfinance: $FRX.WS: possibly delisted; no timezone found
2026-07-29 19:47:05,667 ERROR yfinance: $FRXB.WS: possibly delisted; no timezone found
2026-07-29 19:47:06,028 ERROR yfinance: $FRZA: possibly delisted; no timezone found
2026-07-29 19:47:06,856 ERROR yfinance: $FSFG: possibly delisted; no timezone found
2026-07-29 19:47:07,092 ERROR yfinance: FSHPR: Period 'max' is invalid, must be one of: 1d, 5d
2026-07-29 19:47:08,181 ERROR yfinance: $FSNB.WS: possibly delisted; no timezone found
2026-07-29 19:47:08,594 ERROR yfinance: $FSR: possibly delisted; no timezone found
2026-07-29 19:47:08,913 ERROR yfinance: $FSR.WS: possibly delisted; no timezone found
2026-07-29 19:47:09,221 ERROR yfinance: $FSRD: possibly delisted; no timezone found
2026-07-29 19:47:09,535 ERROR yfinance: $FSRDW: possibly delisted; no timezone found
2026-07-29 19:47:09,865 ERROR yfinance: $FSRV: possibly delisted; no timezone found
2026-07-29 19:47:10,255 ERROR yfinance: $FSRVU: possibly delisted; no timezone found
2026-07-29 19:47:10,592 ERROR yfinance: $FSRVW: possibly delisted; no timezone found
2026-07-29 19:47:10,921 ERROR yfinance: $FSRXW: possibly delisted; no timezone found
2026-07-29 19:47:11,252 ERROR yfinance: $FSSIW: possibly delisted; no timezone found
2026-07-29 19:47:11,590 ERROR yfinance: $FST.WS: possibly delisted; no timezone found
2026-07-29 19:47:11,893 ERROR yfinance: $FSTX: possibly delisted; no timezone found
2026-07-29 19:47:12,223 ERROR yfinance: $FTAAW: possibly delisted; no timezone found
2026-07-29 19:47:13,092 ERROR yfinance: $FTCH: possibly delisted; no timezone found
2026-07-29 19:47:13,752 ERROR yfinance: $FTCV: possibly delisted; no timezone found
2026-07-29 19:47:14,111 ERROR yfinance: $FTCVU: possibly delisted; no timezone found
2026-07-29 19:47:14,489 ERROR yfinance: $FTCVW: possibly delisted; no timezone found
2026-07-29 19:47:15,252 ERROR yfinance: $FTEL: possibly delisted; no timezone found
2026-07-29 19:47:15,593 ERROR yfinance: $FTEV.WS: possibly delisted; no timezone found
2026-07-29 19:47:16,239 ERROR yfinance: $FTFR: possibly delisted; no timezone found
2026-07-29 19:47:16,722 ERROR yfinance: FTIIW: Period 'max' is invalid, must be one of: 1d, 5d
2026-07-29 19:47:17,108 ERROR yfinance: $FTIVW: possibly delisted; no timezone found
2026-07-29 19:47:18,669 ERROR yfinance: $FTOCU: possibly delisted; no timezone found
2026-07-29 19:47:19,029 ERROR yfinance: $FTOCW: possibly delisted; no timezone found
2026-07-29 19:47:19,389 ERROR yfinance: $FTPAW: possibly delisted; no timezone found
2026-07-29 19:47:20,493 ERROR yfinance: $FTSI: possibly delisted; no timezone found
2026-07-29 19:47:21,365 ERROR yfinance: $FTVIW: possibly delisted; no timezone found
2026-07-29 19:47:23,066 ERROR yfinance: $FUSN: possibly delisted; no timezone found
2026-07-29 19:47:23,669 ERROR yfinance: $FUV: possibly delisted; no timezone found
2026-07-29 19:47:24,047 ERROR yfinance: $FVIV.WS: possibly delisted; no timezone found
2026-07-29 19:47:24,659 ERROR yfinance: $FVT.WS: possibly delisted; no timezone found
2026-07-29 19:47:24,969 ERROR yfinance: $FWAC: possibly delisted; no timezone found
2026-07-29 19:47:25,313 ERROR yfinance: $FWBI: possibly delisted; no timezone found
2026-07-29 19:47:25,607 ERROR yfinance: $FWP: possibly delisted; no timezone found
2026-07-29 19:47:26,431 ERROR yfinance: $FXCOR: possibly delisted; no timezone found
2026-07-29 19:47:26,767 ERROR yfinance: $FXCOW: possibly delisted; no timezone found
2026-07-29 19:47:27,971 ERROR yfinance: $FYBR: possibly delisted; no timezone found
2026-07-29 19:47:28,310 ERROR yfinance: $FZT: possibly delisted; no timezone found
2026-07-29 19:47:28,676 ERROR yfinance: $FZT.WS: possibly delisted; no timezone found
2026-07-29 19:47:29,052 ERROR yfinance: $GACQW: possibly delisted; no timezone found
2026-07-29 19:47:30,245 ERROR yfinance: $GAMCU: possibly delisted; no timezone found
2026-07-29 19:47:30,558 ERROR yfinance: $GAMCW: possibly delisted; no timezone found
2026-07-29 19:47:31,177 ERROR yfinance: $GAN: possibly delisted; no timezone found
2026-07-29 19:47:31,854 ERROR yfinance: $GAPA.WS: possibly delisted; no timezone found
2026-07-29 19:47:32,225 ERROR yfinance: $GAQ.WS: possibly delisted; no timezone found
2026-07-29 19:47:32,572 ERROR yfinance: $GATE: possibly delisted; no timezone found
2026-07-29 19:47:32,894 ERROR yfinance: $GATEU: possibly delisted; no timezone found
2026-07-29 19:47:33,254 ERROR yfinance: $GATEW: possibly delisted; no timezone found
2026-07-29 19:47:33,601 ERROR yfinance: $GATO: possibly delisted; no timezone found
2026-07-29 19:47:33,944 ERROR yfinance: $GB.WS: possibly delisted; no timezone found
2026-07-29 19:47:34,270 ERROR yfinance: $GBBKR: possibly delisted; no timezone found
2026-07-29 19:47:34,665 ERROR yfinance: $GBBKW: possibly delisted; no timezone found
2026-07-29 19:47:35,053 ERROR yfinance: $GBIO: possibly delisted; no timezone found
2026-07-29 19:47:35,559 ERROR yfinance: $GBNH: possibly delisted; no timezone found
2026-07-29 19:47:36,195 ERROR yfinance: $GBOX: possibly delisted; no timezone found
2026-07-29 19:47:37,289 ERROR yfinance: $GBRGR: possibly delisted; no timezone found
2026-07-29 19:47:37,633 ERROR yfinance: $GBRGU: possibly delisted; no timezone found
2026-07-29 19:47:37,978 ERROR yfinance: $GBRGW: possibly delisted; no timezone found
2026-07-29 19:47:38,363 ERROR yfinance: $GBS: possibly delisted; no timezone found
2026-07-29 19:47:38,667 ERROR yfinance: $GBT: possibly delisted; no timezone found
2026-07-29 19:47:39,005 ERROR yfinance: $GBTG.WS: possibly delisted; no timezone found
2026-07-29 19:47:40,665 ERROR yfinance: $GCI: possibly delisted; no timezone found
2026-07-29 19:47:41,619 ERROR yfinance: $GCMGW: possibly delisted; no timezone found
2026-07-29 19:47:43,426 ERROR yfinance: $GCTS.WS: possibly delisted; no timezone found
2026-07-29 19:47:44,987 ERROR yfinance: $GDNRW: possibly delisted; no timezone found
2026-07-29 19:47:46,235 ERROR yfinance: $GDSTR: possibly delisted; no timezone found
2026-07-29 19:47:46,463 ERROR yfinance: GDSTW: Period 'max' is invalid, must be one of: 1d, 5d
2026-07-29 19:47:47,825 ERROR yfinance: $GDYNW: possibly delisted; no timezone found
2026-07-29 19:47:49,724 ERROR yfinance: $GEEXW: possibly delisted; no timezone found
2026-07-29 19:47:50,105 ERROR yfinance: $GEHI: possibly delisted; no timezone found
2026-07-29 19:47:51,336 ERROR yfinance: $GENE: possibly delisted; no timezone found
2026-07-29 19:47:52,067 ERROR yfinance: $GENI.WS: possibly delisted; no timezone found
2026-07-29 19:47:52,402 ERROR yfinance: $GENQW: possibly delisted; no timezone found
2026-07-29 19:47:54,946 ERROR yfinance: $GETR.WS: possibly delisted; no timezone found
2026-07-29 19:47:55,310 ERROR yfinance: $GETVV: possibly delisted; no timezone found
2026-07-29 19:47:55,862 ERROR yfinance: $GETY.WS: possibly delisted; no timezone found
2026-07-29 19:47:58,283 ERROR yfinance: $GFED: possibly delisted; no timezone found
2026-07-29 19:47:58,695 ERROR yfinance: $GFGDR: possibly delisted; no timezone found
2026-07-29 19:47:59,059 ERROR yfinance: $GFGDW: possibly delisted; no timezone found
2026-07-29 19:47:59,424 ERROR yfinance: $GFN: possibly delisted; no timezone found
2026-07-29 19:47:59,861 ERROR yfinance: $GFOR.U: possibly delisted; no timezone found
2026-07-29 19:48:00,299 ERROR yfinance: $GFOR.WS: possibly delisted; no timezone found
2026-07-29 19:48:00,635 ERROR yfinance: $GFX.WS: possibly delisted; no timezone found
2026-07-29 19:48:00,941 ERROR yfinance: $GGAA: possibly delisted; no timezone found
2026-07-29 19:48:01,490 ERROR yfinance: $GGAAU: possibly delisted; no timezone found
2026-07-29 19:48:01,834 ERROR yfinance: $GGAAW: possibly delisted; no timezone found
2026-07-29 19:48:02,207 ERROR yfinance: $GGE: possibly delisted; no timezone found
2026-07-29 19:48:02,594 ERROR yfinance: $GGGVR: possibly delisted; no timezone found
2026-07-29 19:48:02,936 ERROR yfinance: $GGMCW: possibly delisted; no timezone found
2026-07-29 19:48:03,366 ERROR yfinance: $GGPIW: possibly delisted; no timezone found
2026-07-29 19:48:04,337 ERROR yfinance: $GGTR: possibly delisted; no timezone found
2026-07-29 19:48:04,654 ERROR yfinance: $GGTRW: possibly delisted; no timezone found
2026-07-29 19:48:05,307 ERROR yfinance: $GHACW: possibly delisted; no timezone found
2026-07-29 19:48:05,621 ERROR yfinance: $GHIXW: possibly delisted; no timezone found
2026-07-29 19:48:05,937 ERROR yfinance: $GHL: possibly delisted; no timezone found
2026-07-29 19:48:06,579 ERROR yfinance: $GHSI: possibly delisted; no timezone found
2026-07-29 19:48:06,909 ERROR yfinance: $GIA: possibly delisted; no timezone found
2026-07-29 19:48:07,252 ERROR yfinance: $GIA.WS: possibly delisted; no timezone found
2026-07-29 19:48:07,600 ERROR yfinance: $GIACW: possibly delisted; no timezone found
2026-07-29 19:48:10,517 ERROR yfinance: $GIIXW: possibly delisted; no timezone found
2026-07-29 19:48:10,803 ERROR yfinance: $GIK.WS: possibly delisted; no timezone found
2026-07-29 19:48:11,736 ERROR yfinance: $GIWWW: possibly delisted; no timezone found
2026-07-29 19:48:12,096 ERROR yfinance: $GIX.WS: possibly delisted; no timezone found
2026-07-29 19:48:13,335 ERROR yfinance: $GLACR: possibly delisted; no timezone found
2026-07-29 19:48:14,451 ERROR yfinance: $GLAQW: possibly delisted; no timezone found
2026-07-29 19:48:15,501 ERROR yfinance: $GLBLW: possibly delisted; no timezone found
2026-07-29 19:48:17,538 ERROR yfinance: $GLEEW: possibly delisted; no timezone found
2026-07-29 19:48:17,868 ERROR yfinance: $GLEO.WS: possibly delisted; no timezone found
2026-07-29 19:48:18,202 ERROR yfinance: $GLG: possibly delisted; no timezone found
2026-07-29 19:48:18,474 ERROR yfinance: $GLHAW: possibly delisted; no timezone found
2026-07-29 19:48:19,409 ERROR yfinance: $GLLIR: possibly delisted; no timezone found
2026-07-29 19:48:20,021 ERROR yfinance: $GLLIW: possibly delisted; no timezone found
2026-07-29 19:48:21,249 ERROR yfinance: $GLOP: possibly delisted; no timezone found
2026-07-29 19:48:21,643 ERROR yfinance: $GLOR: possibly delisted; no timezone found
2026-07-29 19:48:22,005 ERROR yfinance: $GLORW: possibly delisted; no timezone found
2026-07-29 19:48:22,388 ERROR yfinance: $GLQR: possibly delisted; no timezone found
2026-07-29 19:48:22,748 ERROR yfinance: $GLQRW: possibly delisted; no timezone found
2026-07-29 19:48:23,113 ERROR yfinance: $GLS: possibly delisted; no timezone found
2026-07-29 19:48:23,603 ERROR yfinance: $GLS.WS: possibly delisted; no timezone found
2026-07-29 19:48:24,384 ERROR yfinance: $GLSPT: possibly delisted; no timezone found
2026-07-29 19:48:24,762 ERROR yfinance: $GLSPW: possibly delisted; no timezone found
2026-07-29 19:48:25,122 ERROR yfinance: $GLST: possibly delisted; no timezone found
2026-07-29 19:48:25,445 ERROR yfinance: $GLSTR: possibly delisted; no timezone found
2026-07-29 19:48:25,747 ERROR yfinance: $GLSTU: possibly delisted; no timezone found
2026-07-29 19:48:26,110 ERROR yfinance: $GLSTW: possibly delisted; no timezone found
2026-07-29 19:48:26,433 ERROR yfinance: $GLT: possibly delisted; no timezone found
2026-07-29 19:48:26,820 ERROR yfinance: $GLTA: possibly delisted; no timezone found
2026-07-29 19:48:27,145 ERROR yfinance: $GLTA.U: possibly delisted; no timezone found
2026-07-29 19:48:27,499 ERROR yfinance: $GLTA.WS: possibly delisted; no timezone found
2026-07-29 19:48:27,866 ERROR yfinance: $GLTO: possibly delisted; no timezone found
2026-07-29 19:48:28,552 ERROR yfinance: $GLUU: possibly delisted; no timezone found
2026-07-29 19:48:28,929 ERROR yfinance: $GLUR: possibly delisted; no timezone found
2026-07-29 19:48:29,251 ERROR yfinance: $GLVR: possibly delisted; no timezone found
2026-07-29 19:48:29,569 ERROR yfinance: $GLVRW: possibly delisted; no timezone found
2026-07-29 19:48:30,168 ERROR yfinance: $GLYC: possibly delisted; no timezone found
2026-07-29 19:48:30,540 ERROR yfinance: $GLPD: possibly delisted; no timezone found
2026-07-29 19:48:31,595 ERROR yfinance: $GMBLW: possibly delisted; no timezone found
2026-07-29 19:48:31,859 ERROR yfinance: GMBLZ: Period 'max' is invalid, must be one of: 1d, 5d
2026-07-29 19:48:32,206 ERROR yfinance: $GMDA: possibly delisted; no timezone found
2026-07-29 19:48:33,509 ERROR yfinance: $GMFIW: possibly delisted; no timezone found
2026-07-29 19:48:33,811 ERROR yfinance: $GMGI: possibly delisted; no timezone found
2026-07-29 19:48:34,678 ERROR yfinance: $GMRE: possibly delisted; no timezone found
2026-07-29 19:48:35,042 ERROR yfinance: $GMTX: possibly delisted; no timezone found
2026-07-29 19:48:35,376 ERROR yfinance: $GMVD: possibly delisted; no timezone found
2026-07-29 19:48:35,732 ERROR yfinance: $GMVDW: possibly delisted; no timezone found
2026-07-29 19:48:36,222 ERROR yfinance: $GNACW: possibly delisted; no timezone found
2026-07-29 19:48:36,569 ERROR yfinance: $GNCA: possibly delisted; no timezone found
2026-07-29 19:48:36,903 ERROR yfinance: $GNFT: possibly delisted; no timezone found
2026-07-29 19:48:38,085 ERROR yfinance: $GNOG: possibly delisted; no timezone found
2026-07-29 19:48:38,451 ERROR yfinance: $GNOGW: possibly delisted; no timezone found
2026-07-29 19:48:39,068 ERROR yfinance: $GNPK.WS: possibly delisted; no timezone found
2026-07-29 19:48:41,235 ERROR yfinance: $GNSR: possibly delisted; no timezone found
2026-07-29 19:48:41,860 ERROR yfinance: $GNUS: possibly delisted; no timezone found
2026-07-29 19:48:43,304 ERROR yfinance: $GOAC.WS: possibly delisted; no timezone found
2026-07-29 19:48:43,869 ERROR yfinance: $GODN: possibly delisted; no timezone found
2026-07-29 19:48:44,235 ERROR yfinance: $GODNR: possibly delisted; no timezone found
2026-07-29 19:48:44,632 ERROR yfinance: $GODNU: possibly delisted; no timezone found
2026-07-29 19:48:44,964 ERROR yfinance: $GOED: possibly delisted; no timezone found
2026-07-29 19:48:45,253 ERROR yfinance: $GOED.WS: possibly delisted; no timezone found
2026-07-29 19:48:45,536 ERROR yfinance: $GOEV: possibly delisted; no timezone found
2026-07-29 19:48:45,951 ERROR yfinance: $GOEVW: possibly delisted; no timezone found
2026-07-29 19:48:46,383 ERROR yfinance: $GOGN.WS: possibly delisted; no timezone found
2026-07-29 19:48:48,631 ERROR yfinance: $GORV: possibly delisted; no timezone found
2026-07-29 19:48:49,908 ERROR yfinance: GOVXW: Period 'max' is invalid, must be one of: 1d, 5d
2026-07-29 19:48:50,419 ERROR yfinance: GPACW: Period 'max' is invalid, must be one of: 1d, 5d
2026-07-29 19:48:51,314 ERROR yfinance: $GPCOR: possibly delisted; no timezone found
2026-07-29 19:48:51,603 ERROR yfinance: $GPCOW: possibly delisted; no timezone found
2026-07-29 19:48:52,298 ERROR yfinance: $GPL: possibly delisted; no timezone found
2026-07-29 19:48:54,576 ERROR yfinance: $GRAF.WS: possibly delisted; no timezone found
2026-07-29 19:48:55,134 ERROR yfinance: $GRAY: possibly delisted; no timezone found
2026-07-29 19:48:55,553 ERROR yfinance: $GRCL: possibly delisted; no timezone found
2026-07-29 19:48:55,969 ERROR yfinance: $GRCYW: possibly delisted; no timezone found
2026-07-29 19:48:56,318 ERROR yfinance: $GRDI: possibly delisted; no timezone found
2026-07-29 19:48:56,694 ERROR yfinance: $GRDIW: possibly delisted; no timezone found
2026-07-29 19:48:57,749 ERROR yfinance: $GRFX: possibly delisted; no timezone found
2026-07-29 19:48:58,534 ERROR yfinance: $GRIL: possibly delisted; no timezone found
2026-07-29 19:48:59,485 ERROR yfinance: $GRNA: possibly delisted; no timezone found
2026-07-29 19:48:59,954 ERROR yfinance: $GRNAW: possibly delisted; no timezone found
2026-07-29 19:49:00,618 ERROR yfinance: $GRND.WS: possibly delisted; no timezone found
2026-07-29 19:49:01,316 ERROR yfinance: $GRNT.WS: possibly delisted; no timezone found
2026-07-29 19:49:01,670 ERROR yfinance: $GRNV: possibly delisted; no timezone found
2026-07-29 19:49:01,990 ERROR yfinance: $GRNVR: possibly delisted; no timezone found
2026-07-29 19:49:02,405 ERROR yfinance: $GRNVU: possibly delisted; no timezone found
2026-07-29 19:49:02,730 ERROR yfinance: $GRNVW: possibly delisted; no timezone found
2026-07-29 19:49:03,995 ERROR yfinance: $GROMW: possibly delisted; no timezone found
2026-07-29 19:49:04,762 ERROR yfinance: $GROV.WS: possibly delisted; no timezone found
2026-07-29 19:49:05,297 ERROR yfinance: $GROY.WS: possibly delisted; no timezone found
2026-07-29 19:49:05,619 ERROR yfinance: $GRPH: possibly delisted; no timezone found
2026-07-29 19:49:06,954 ERROR yfinance: $GRTS: possibly delisted; no timezone found
2026-07-29 19:49:07,605 ERROR yfinance: $GRUB: possibly delisted; no timezone found
2026-07-29 19:49:08,103 ERROR yfinance: $GRVI: possibly delisted; no timezone found
2026-07-29 19:49:09,225 ERROR yfinance: $GRYP: possibly delisted; no timezone found
2026-07-29 19:49:09,523 ERROR yfinance: $GSAQW: possibly delisted; no timezone found
2026-07-29 19:49:10,139 ERROR yfinance: $GSDWW: possibly delisted; no timezone found
2026-07-29 19:49:10,518 ERROR yfinance: $GSEVW: possibly delisted; no timezone found
2026-07-29 19:49:11,798 ERROR yfinance: $GSKY: possibly delisted; no timezone found
2026-07-29 19:49:12,561 ERROR yfinance: $GSMG: possibly delisted; no timezone found
2026-07-29 19:49:12,834 ERROR yfinance: GSMGW: Period 'max' is invalid, must be one of: 1d, 5d
2026-07-29 19:49:13,168 ERROR yfinance: $GSQB.WS: possibly delisted; no timezone found
2026-07-29 19:49:13,524 ERROR yfinance: $GSQD.WS: possibly delisted; no timezone found
2026-07-29 19:49:13,880 ERROR yfinance: $GSRM: possibly delisted; no timezone found
2026-07-29 19:49:14,213 ERROR yfinance: $GSRMR: possibly delisted; no timezone found
2026-07-29 19:49:14,630 ERROR yfinance: $GSRMU: possibly delisted; no timezone found
2026-07-29 19:49:14,915 ERROR yfinance: $GSRMW: possibly delisted; no timezone found
2026-07-29 19:49:15,274 ERROR yfinance: $GSRTR: possibly delisted; no timezone found
2026-07-29 19:49:17,080 ERROR yfinance: $GTACW: possibly delisted; no timezone found
2026-07-29 19:49:18,757 ERROR yfinance: $GTH: possibly delisted; no timezone found
2026-07-29 19:49:19,098 ERROR yfinance: $GTHX: possibly delisted; no timezone found
2026-07-29 19:49:20,557 ERROR yfinance: $GTN.A: possibly delisted; no timezone found
2026-07-29 19:49:20,928 ERROR yfinance: $GTPAW: possibly delisted; no timezone found
2026-07-29 19:49:21,225 ERROR yfinance: $GTPBW: possibly delisted; no timezone found
2026-07-29 19:49:21,588 ERROR yfinance: $GTS: possibly delisted; no timezone found
2026-07-29 19:49:21,973 ERROR yfinance: $GTT: possibly delisted; no timezone found
2026-07-29 19:49:22,297 ERROR yfinance: $GTYH: possibly delisted; no timezone found
2026-07-29 19:49:23,989 ERROR yfinance: $GUTR: possibly delisted; no timezone found
2026-07-29 19:49:24,334 ERROR yfinance: $GUTRW: possibly delisted; no timezone found
2026-07-29 19:49:24,996 ERROR yfinance: $GVCIW: possibly delisted; no timezone found
2026-07-29 19:49:25,671 ERROR yfinance: $GVP: possibly delisted; no timezone found
2026-07-29 19:49:26,023 ERROR yfinance: $GWACW: possibly delisted; no timezone found
2026-07-29 19:49:26,810 ERROR yfinance: $GWGH: possibly delisted; no timezone found
2026-07-29 19:49:27,613 ERROR yfinance: $GWH.WS: possibly delisted; no timezone found
2026-07-29 19:49:27,904 ERROR yfinance: $GWIIW: possibly delisted; no timezone found
2026-07-29 19:49:28,323 ERROR yfinance: $GWPH: possibly delisted; no timezone found
2026-07-29 19:49:29,127 ERROR yfinance: $GXGXU: possibly delisted; no timezone found
2026-07-29 19:49:29,439 ERROR yfinance: $GXGXW: possibly delisted; no timezone found
2026-07-29 19:49:29,735 ERROR yfinance: $GXII: possibly delisted; no timezone found
2026-07-29 19:49:30,004 ERROR yfinance: $GXIIW: possibly delisted; no timezone found
2026-07-29 19:49:30,750 ERROR yfinance: $HA: possibly delisted; no timezone found
2026-07-29 19:49:31,088 ERROR yfinance: $HAACW: possibly delisted; no timezone found
2026-07-29 19:49:32,028 ERROR yfinance: $HAIAW: possibly delisted; no timezone found
2026-07-29 19:49:33,399 ERROR yfinance: $HAPP: possibly delisted; no timezone found
2026-07-29 19:49:33,797 ERROR yfinance: $HARP: possibly delisted; no timezone found
2026-07-29 19:49:34,512 ERROR yfinance: $HBI: possibly delisted; no timezone found
2026-07-29 19:49:35,305 ERROR yfinance: $HBP: possibly delisted; no timezone found
2026-07-29 19:49:36,109 ERROR yfinance: $HCACW: possibly delisted; no timezone found
2026-07-29 19:49:36,668 ERROR yfinance: $HCARW: possibly delisted; no timezone found
2026-07-29 19:49:37,367 ERROR yfinance: $HCCCW: possibly delisted; no timezone found
2026-07-29 19:49:37,661 ERROR yfinance: $HCCHU: possibly delisted; no timezone found
2026-07-29 19:49:38,002 ERROR yfinance: $HCDI: possibly delisted; no timezone found
2026-07-29 19:49:38,372 ERROR yfinance: $HCDIP: possibly delisted; no timezone found
2026-07-29 19:49:38,667 ERROR yfinance: $HCDIW: possibly delisted; no timezone found
2026-07-29 19:49:39,020 ERROR yfinance: $HCDIZ: possibly delisted; no timezone found
2026-07-29 19:49:39,765 ERROR yfinance: $HCICW: possibly delisted; no timezone found
2026-07-29 19:49:40,076 ERROR yfinance: $HCIIW: possibly delisted; no timezone found
2026-07-29 19:49:41,165 ERROR yfinance: $HCNEW: possibly delisted; no timezone found
2026-07-29 19:49:41,828 ERROR yfinance: $HCP: possibly delisted; no timezone found
2026-07-29 19:49:42,512 ERROR yfinance: $HCVIW: possibly delisted; no timezone found
2026-07-29 19:49:46,395 ERROR yfinance: $HEAR: possibly delisted; no timezone found
2026-07-29 19:49:47,077 ERROR yfinance: $HEES: possibly delisted; no timezone found
2026-07-29 19:49:48,688 ERROR yfinance: $HERAW: possibly delisted; no timezone found
2026-07-29 19:49:49,317 ERROR yfinance: $HEXO: possibly delisted; no timezone found
2026-07-29 19:49:50,778 ERROR yfinance: HGASW: Period 'max' is invalid, must be one of: 1d, 5d
2026-07-29 19:49:51,150 ERROR yfinance: $HGEN: possibly delisted; no timezone found
2026-07-29 19:49:51,430 ERROR yfinance: $HGSH: possibly delisted; no timezone found
2026-07-29 19:49:51,760 ERROR yfinance: $HHGCR: possibly delisted; no timezone found
2026-07-29 19:49:52,106 ERROR yfinance: $HHGCW: possibly delisted; no timezone found
2026-07-29 19:49:52,904 ERROR yfinance: $HHLA.WS: possibly delisted; no timezone found
2026-07-29 19:49:53,240 ERROR yfinance: $HHR: possibly delisted; no timezone found
2026-07-29 19:49:53,614 ERROR yfinance: $HHRS: possibly delisted; no timezone found
2026-07-29 19:49:54,790 ERROR yfinance: $HIGA.WS: possibly delisted; no timezone found
2026-07-29 19:49:56,055 ERROR yfinance: $HIIIW: possibly delisted; no timezone found
2026-07-29 19:49:56,425 ERROR yfinance: $HIL: possibly delisted; no timezone found
2026-07-29 19:49:56,767 ERROR yfinance: $HILS: possibly delisted; no timezone found
2026-07-29 19:49:57,406 ERROR yfinance: $HIMS.WS: possibly delisted; no timezone found
2026-07-29 19:49:59,438 ERROR yfinance: $HIPO.WS: possibly delisted; no timezone found
2026-07-29 19:50:00,478 ERROR yfinance: $HIXR: possibly delisted; no timezone found
2026-07-29 19:50:00,804 ERROR yfinance: $HIXRW: possibly delisted; no timezone found
2026-07-29 19:50:01,104 ERROR yfinance: $HJLI: possibly delisted; no timezone found
2026-07-29 19:50:01,458 ERROR yfinance: $HJLIW: possibly delisted; no timezone found
2026-07-29 19:50:02,679 ERROR yfinance: $HLAHW: possibly delisted; no timezone found
2026-07-29 19:50:03,028 ERROR yfinance: $HLBZ: possibly delisted; no timezone found
2026-07-29 19:50:03,387 ERROR yfinance: $HLBZW: possibly delisted; no timezone found
2026-07-29 19:50:04,157 ERROR yfinance: $HLGN: possibly delisted; no timezone found
2026-07-29 19:50:04,478 ERROR yfinance: $HLGN.WS: possibly delisted; no timezone found
2026-07-29 19:50:05,874 ERROR yfinance: $HLLY.WS: possibly delisted; no timezone found
2026-07-29 19:50:06,777 ERROR yfinance: $HLVX: possibly delisted; no timezone found
2026-07-29 19:50:07,281 ERROR yfinance: $HMA.WS: possibly delisted; no timezone found
2026-07-29 19:50:07,656 ERROR yfinance: $HMAC: possibly delisted; no timezone found
2026-07-29 19:50:08,046 ERROR yfinance: $HMACR: possibly delisted; no timezone found
2026-07-29 19:50:08,368 ERROR yfinance: $HMACU: possibly delisted; no timezone found
2026-07-29 19:50:08,779 ERROR yfinance: $HMACW: possibly delisted; no timezone found
2026-07-29 19:50:09,064 ERROR yfinance: $HMCOW: possibly delisted; no timezone found
2026-07-29 19:50:09,350 ERROR yfinance: $HMLP: possibly delisted; no timezone found
2026-07-29 19:50:09,651 ERROR yfinance: $HMLPPA: possibly delisted; no timezone found
2026-07-29 19:50:09,981 ERROR yfinance: $HMPT: possibly delisted; no timezone found
2026-07-29 19:50:10,555 ERROR yfinance: $HMST: possibly delisted; no timezone found
2026-07-29 19:50:10,845 ERROR yfinance: $HMTV: possibly delisted; no timezone found
2026-07-29 19:50:11,235 ERROR yfinance: $HNRA: possibly delisted; no timezone found
2026-07-29 19:50:11,552 ERROR yfinance: $HNRA.WS: possibly delisted; no timezone found
2026-07-29 19:50:13,075 ERROR yfinance: $HOFV: possibly delisted; no timezone found
2026-07-29 19:50:13,364 ERROR yfinance: HOFVW: Period 'max' is invalid, must be one of: 1d, 5d
2026-07-29 19:50:13,757 ERROR yfinance: $HOL: possibly delisted; no timezone found
2026-07-29 19:50:14,361 ERROR yfinance: $HOLI: possibly delisted; no timezone found
2026-07-29 19:50:15,227 ERROR yfinance: $HOLUU: possibly delisted; no timezone found
2026-07-29 19:50:15,542 ERROR yfinance: $HOLUW: possibly delisted; no timezone found
2026-07-29 19:50:15,891 ERROR yfinance: $HONDW: possibly delisted; no timezone found
2026-07-29 19:50:17,718 ERROR yfinance: $HORIW: possibly delisted; no timezone found
2026-07-29 19:50:18,736 ERROR yfinance: $HOUS: possibly delisted; no timezone found
2026-07-29 19:50:21,392 ERROR yfinance: $HPH: possibly delisted; no timezone found
2026-07-29 19:50:22,217 ERROR yfinance: $HPKEW: possibly delisted; no timezone found
2026-07-29 19:50:22,670 ERROR yfinance: $HPLTW: possibly delisted; no timezone found
2026-07-29 19:50:23,330 ERROR yfinance: $HPR: possibly delisted; no timezone found
2026-07-29 19:50:23,788 ERROR yfinance: $HPX: possibly delisted; no timezone found
2026-07-29 19:50:24,145 ERROR yfinance: $HPX.U: possibly delisted; no timezone found
2026-07-29 19:50:24,528 ERROR yfinance: $HPX.WS: possibly delisted; no timezone found
2026-07-29 19:50:26,256 ERROR yfinance: $HRT: possibly delisted; no timezone found
2026-07-29 19:50:27,752 ERROR yfinance: $HRYU: possibly delisted; no timezone found
2026-07-29 19:50:28,328 ERROR yfinance: $HSC: possibly delisted; no timezone found
2026-07-29 19:50:29,503 ERROR yfinance: $HSPOR: possibly delisted; no timezone found
2026-07-29 19:50:29,780 ERROR yfinance: HSPOW: Period 'max' is invalid, must be one of: 1d, 5d
2026-07-29 19:50:30,029 ERROR yfinance: HSPTR: Period 'max' is invalid, must be one of: 1d, 5d
2026-07-29 19:50:30,355 ERROR yfinance: $HSTO: possibly delisted; no timezone found
2026-07-29 19:50:30,688 ERROR yfinance: $HT: possibly delisted; no timezone found
2026-07-29 19:50:30,984 ERROR yfinance: $HTAQ.WS: possibly delisted; no timezone found
2026-07-29 19:50:31,293 ERROR yfinance: $HTBX: possibly delisted; no timezone found
2026-07-29 19:50:32,661 ERROR yfinance: $HTGM: possibly delisted; no timezone found
2026-07-29 19:50:34,726 ERROR yfinance: $HTPA.WS: possibly delisted; no timezone found
2026-07-29 19:50:36,954 ERROR yfinance: $HUDA: possibly delisted; no timezone found
2026-07-29 19:50:37,243 ERROR yfinance: $HUDAR: possibly delisted; no timezone found
2026-07-29 19:50:37,587 ERROR yfinance: $HUDAU: possibly delisted; no timezone found
2026-07-29 19:50:38,233 ERROR yfinance: $HUGE: possibly delisted; no timezone found
2026-07-29 19:50:38,550 ERROR yfinance: $HUGS.WS: possibly delisted; no timezone found
2026-07-29 19:50:40,473 ERROR yfinance: $HUSA: possibly delisted; no timezone found
2026-07-29 19:50:40,922 ERROR yfinance: $HUSN: possibly delisted; no timezone found
2026-07-29 19:50:41,962 ERROR yfinance: HVIIR: Period 'max' is invalid, must be one of: 1d, 5d
2026-07-29 19:50:42,322 ERROR yfinance: $HWCC: possibly delisted; no timezone found
2026-07-29 19:50:42,681 ERROR yfinance: $HWELW: possibly delisted; no timezone found
2026-07-29 19:50:44,056 ERROR yfinance: $HWKZ.WS: possibly delisted; no timezone found
2026-07-29 19:50:44,421 ERROR yfinance: $HX: possibly delisted; no timezone found
2026-07-29 19:50:44,729 ERROR yfinance: $HYAC.WS: possibly delisted; no timezone found
2026-07-29 19:50:45,097 ERROR yfinance: $HYACW: possibly delisted; no timezone found
2026-07-29 19:50:46,952 ERROR yfinance: $HYLN.WS: possibly delisted; no timezone found
2026-07-29 19:50:48,422 ERROR yfinance: HYMCW: Period 'max' is invalid, must be one of: 1d, 5d
2026-07-29 19:50:48,735 ERROR yfinance: $HYMCZ: possibly delisted; no timezone found
2026-07-29 19:50:49,735 ERROR yfinance: $HYRE: possibly delisted; no timezone found
2026-07-29 19:50:50,412 ERROR yfinance: $HYTRW: possibly delisted; no timezone found
2026-07-29 19:50:50,692 ERROR yfinance: $HYW: possibly delisted; no timezone found
2026-07-29 19:50:50,958 ERROR yfinance: $HYZN: possibly delisted; no timezone found
2026-07-29 19:50:51,175 ERROR yfinance: HYZNW: Period 'max' is invalid, must be one of: 1d, 5d
2026-07-29 19:50:51,469 ERROR yfinance: $HZN: possibly delisted; no timezone found
2026-07-29 19:50:51,812 ERROR yfinance: $HZON.WS: possibly delisted; no timezone found
2026-07-29 19:50:52,533 ERROR yfinance: $IACA.WS: possibly delisted; no timezone found
2026-07-29 19:50:53,746 ERROR yfinance: $IAUX.WS: possibly delisted; no timezone found
2026-07-29 19:50:54,008 ERROR yfinance: IBACR: Period 'max' is invalid, must be one of: 1d, 5d
2026-07-29 19:50:54,345 ERROR yfinance: $IBER.WS: possibly delisted; no timezone found
2026-07-29 19:50:56,968 ERROR yfinance: $ICAD: possibly delisted; no timezone found
2026-07-29 19:50:57,348 ERROR yfinance: $ICBK: possibly delisted; no timezone found
2026-07-29 19:50:57,616 ERROR yfinance: $ICCH: possibly delisted; no timezone found
2026-07-29 19:50:58,278 ERROR yfinance: $ICCT: possibly delisted; no timezone found
2026-07-29 19:50:58,647 ERROR yfinance: $ICD: possibly delisted; no timezone found
2026-07-29 19:51:00,475 ERROR yfinance: $ICLK: possibly delisted; no timezone found
2026-07-29 19:51:00,843 ERROR yfinance: $ICNC.WS: possibly delisted; no timezone found
2026-07-29 19:51:01,468 ERROR yfinance: $ICPT: possibly delisted; no timezone found
2026-07-29 19:51:02,461 ERROR yfinance: $ICVX: possibly delisted; no timezone found
2026-07-29 19:51:02,825 ERROR yfinance: $ID: possibly delisted; no timezone found
2026-07-29 19:51:03,712 ERROR yfinance: $IDEX: possibly delisted; no timezone found
2026-07-29 19:51:04,509 ERROR yfinance: $IDRA: possibly delisted; no timezone found
2026-07-29 19:51:05,496 ERROR yfinance: $IDW: possibly delisted; no timezone found
2026-07-29 19:51:06,142 ERROR yfinance: $IEAWW: possibly delisted; no timezone found
2026-07-29 19:51:06,480 ERROR yfinance: $IEC: possibly delisted; no timezone found
2026-07-29 19:51:07,092 ERROR yfinance: $IFIN: possibly delisted; no timezone found
2026-07-29 19:51:07,425 ERROR yfinance: $IFIN.WS: possibly delisted; no timezone found
2026-07-29 19:51:08,052 ERROR yfinance: $IFNR: possibly delisted; no timezone found
2026-07-29 19:51:08,398 ERROR yfinance: $IFNRW: possibly delisted; no timezone found
2026-07-29 19:51:09,171 ERROR yfinance: $IGACW: possibly delisted; no timezone found
2026-07-29 19:51:10,123 ERROR yfinance: $IGICW: possibly delisted; no timezone found
2026-07-29 19:51:11,290 ERROR yfinance: $IGMS: possibly delisted; no timezone found
2026-07-29 19:51:11,660 ERROR yfinance: $IGNYW: possibly delisted; no timezone found
2026-07-29 19:51:12,131 ERROR yfinance: $IGRR: possibly delisted; no timezone found
2026-07-29 19:51:12,736 ERROR yfinance: $IGRRW: possibly delisted; no timezone found
2026-07-29 19:51:12,984 ERROR yfinance: IGTAR: Period 'max' is invalid, must be one of: 1d, 5d
2026-07-29 19:51:13,277 ERROR yfinance: IGTAW: Period 'max' is invalid, must be one of: 1d, 5d
2026-07-29 19:51:17,696 ERROR yfinance: $IIAC.WS: possibly delisted; no timezone found
2026-07-29 19:51:18,007 ERROR yfinance: $IIIIW: possibly delisted; no timezone found
2026-07-29 19:51:18,367 ERROR yfinance: $IIN: possibly delisted; no timezone found
2026-07-29 19:51:18,749 ERROR yfinance: $IINN: possibly delisted; no timezone found
2026-07-29 19:51:20,709 ERROR yfinance: $IIVI: possibly delisted; no timezone found
2026-07-29 19:51:24,043 ERROR yfinance: $IKNA: possibly delisted; no timezone found
2026-07-29 19:51:24,338 ERROR yfinance: $IKNX: possibly delisted; no timezone found
2026-07-29 19:51:27,432 ERROR yfinance: ILLRW: Period 'max' is invalid, must be one of: 1d, 5d
2026-07-29 19:51:28,182 ERROR yfinance: $IMAB: possibly delisted; no timezone found
2026-07-29 19:51:28,511 ERROR yfinance: $IMAC: possibly delisted; no timezone found
2026-07-29 19:51:28,865 ERROR yfinance: $IMACW: possibly delisted; no timezone found
2026-07-29 19:51:29,085 ERROR yfinance: IMAQR: Period 'max' is invalid, must be one of: 1d, 5d
2026-07-29 19:51:29,368 ERROR yfinance: IMAQW: Period 'max' is invalid, must be one of: 1d, 5d
2026-07-29 19:51:29,693 ERROR yfinance: $IMBI: possibly delisted; no timezone found
2026-07-29 19:51:30,058 ERROR yfinance: $IMBIL: possibly delisted; no timezone found
2026-07-29 19:51:32,391 ERROR yfinance: $IMG: possibly delisted; no timezone found
2026-07-29 19:51:32,773 ERROR yfinance: $IMGN: possibly delisted; no timezone found
2026-07-29 19:51:33,191 ERROR yfinance: $IMGO: possibly delisted; no timezone found
2026-07-29 19:51:33,528 ERROR yfinance: $IMH: possibly delisted; no timezone found
2026-07-29 19:51:36,072 ERROR yfinance: $IMPL: possibly delisted; no timezone found
2026-07-29 19:51:36,883 ERROR yfinance: $IMPPV: possibly delisted; no timezone found
2026-07-29 19:51:37,255 ERROR yfinance: $IMPX.WS: possibly delisted; no timezone found
2026-07-29 19:51:38,141 ERROR yfinance: $IMRNW: possibly delisted; no timezone found
2026-07-29 19:51:38,932 ERROR yfinance: IMTXW: Period 'max' is invalid, must be one of: 1d, 5d
2026-07-29 19:51:39,646 ERROR yfinance: $IMV: possibly delisted; no timezone found
2026-07-29 19:51:40,992 ERROR yfinance: $INAQ: possibly delisted; no timezone found
2026-07-29 19:51:41,338 ERROR yfinance: $INAQ.WS: possibly delisted; no timezone found
2026-07-29 19:51:41,683 ERROR yfinance: $INAQU: possibly delisted; no timezone found
2026-07-29 19:51:42,067 ERROR yfinance: $INAQW: possibly delisted; no timezone found
2026-07-29 19:51:43,381 ERROR yfinance: $INDIW: possibly delisted; no timezone found
2026-07-29 19:51:45,083 ERROR yfinance: $INFA: possibly delisted; no timezone found
2026-07-29 19:51:45,373 ERROR yfinance: $INFI: possibly delisted; no timezone found
2026-07-29 19:51:46,990 ERROR yfinance: $INKAW: possibly delisted; no timezone found
2026-07-29 19:51:51,601 ERROR yfinance: $INPX: possibly delisted; no timezone found
2026-07-29 19:51:51,941 ERROR yfinance: $INPXV: possibly delisted; no timezone found
2026-07-29 19:51:54,717 ERROR yfinance: INTEW: Period 'max' is invalid, must be one of: 1d, 5d
2026-07-29 19:51:57,612 ERROR yfinance: $INVO: possibly delisted; no timezone found
2026-07-29 19:51:58,585 ERROR yfinance: $INZY: possibly delisted; no timezone found
2026-07-29 19:51:58,870 ERROR yfinance: $IO: possibly delisted; no timezone found
2026-07-29 19:51:59,208 ERROR yfinance: $IOAC: possibly delisted; no timezone found
2026-07-29 19:51:59,599 ERROR yfinance: $IOACW: possibly delisted; no timezone found
2026-07-29 19:52:00,083 ERROR yfinance: $IOBT: possibly delisted; no timezone found
2026-07-29 19:52:01,779 ERROR yfinance: $IONQ.WS: possibly delisted; no timezone found
2026-07-29 19:52:03,990 ERROR yfinance: $IPA: possibly delisted; no timezone found
2026-07-29 19:52:04,308 ERROR yfinance: $IPAXW: possibly delisted; no timezone found
2026-07-29 19:52:05,807 ERROR yfinance: $IPOC.WS: possibly delisted; no timezone found
2026-07-29 19:52:06,096 ERROR yfinance: $IPOD.WS: possibly delisted; no timezone found
2026-07-29 19:52:06,753 ERROR yfinance: $IPOE: possibly delisted; no timezone found
2026-07-29 19:52:07,141 ERROR yfinance: $IPOE.U: possibly delisted; no timezone found
2026-07-29 19:52:07,580 ERROR yfinance: $IPOE.WS: possibly delisted; no timezone found
2026-07-29 19:52:07,889 ERROR yfinance: $IPOF.WS: possibly delisted; no timezone found
2026-07-29 19:52:08,535 ERROR yfinance: $IPV.WS: possibly delisted; no timezone found
2026-07-29 19:52:08,868 ERROR yfinance: $IPVA.WS: possibly delisted; no timezone found
2026-07-29 19:52:09,201 ERROR yfinance: $IPVF.WS: possibly delisted; no timezone found
2026-07-29 19:52:09,497 ERROR yfinance: $IPVIW: possibly delisted; no timezone found
2026-07-29 19:52:09,907 INFO corporate_actions: [3200/6873] 2.7 sym/s — 716 splits, 9016 dividends so far
2026-07-29 19:52:10,923 ERROR yfinance: $IPXXW: possibly delisted; no timezone found
2026-07-29 19:52:11,507 ERROR yfinance: $IQMDW: possibly delisted; no timezone found
2026-07-29 19:52:12,184 ERROR yfinance: $IRAAW: possibly delisted; no timezone found
2026-07-29 19:52:12,529 ERROR yfinance: $IRBT: possibly delisted; no timezone found
2026-07-29 19:52:12,860 ERROR yfinance: $IRCP: possibly delisted; no timezone found
2026-07-29 19:52:14,239 ERROR yfinance: $IRNT: possibly delisted; no timezone found
2026-07-29 19:52:14,572 ERROR yfinance: $IRNT.WS: possibly delisted; no timezone found
2026-07-29 19:52:14,908 ERROR yfinance: $IROH: possibly delisted; no timezone found
2026-07-29 19:52:15,353 ERROR yfinance: $IROHR: possibly delisted; no timezone found
2026-07-29 19:52:15,709 ERROR yfinance: $IROHW: possibly delisted; no timezone found
2026-07-29 19:52:16,549 ERROR yfinance: $IRRX.WS: possibly delisted; no timezone found
2026-07-29 19:52:16,816 ERROR yfinance: $IRS.WS: possibly delisted; no timezone found
2026-07-29 19:52:17,868 ERROR yfinance: $IS: possibly delisted; no timezone found
2026-07-29 19:52:19,918 ERROR yfinance: $ISEE: possibly delisted; no timezone found
2026-07-29 19:52:20,300 ERROR yfinance: $ISIG: possibly delisted; no timezone found
2026-07-29 19:52:20,591 ERROR yfinance: $ISLEW: possibly delisted; no timezone found
2026-07-29 19:52:20,945 ERROR yfinance: $ISNS: possibly delisted; no timezone found
2026-07-29 19:52:21,321 ERROR yfinance: $ISO: possibly delisted; no timezone found
2026-07-29 19:52:21,614 ERROR yfinance: $ISOS.WS: possibly delisted; no timezone found
2026-07-29 19:52:22,202 ERROR yfinance: $ISPO: possibly delisted; no timezone found
2026-07-29 19:52:22,568 ERROR yfinance: $ISPOW: possibly delisted; no timezone found
2026-07-29 19:52:23,284 ERROR yfinance: $ISR: possibly delisted; no timezone found
2026-07-29 19:52:24,107 ERROR yfinance: $ISRLW: possibly delisted; no timezone found
2026-07-29 19:52:25,121 ERROR yfinance: $ISUN: possibly delisted; no timezone found
2026-07-29 19:52:26,460 ERROR yfinance: $ITACW: possibly delisted; no timezone found
2026-07-29 19:52:26,805 ERROR yfinance: $ITAQW: possibly delisted; no timezone found
2026-07-29 19:52:27,129 ERROR yfinance: $ITCBR: possibly delisted; no timezone found
2026-07-29 19:52:27,395 ERROR yfinance: $ITCI: possibly delisted; no timezone found
2026-07-29 19:52:27,706 ERROR yfinance: $ITHX: possibly delisted; no timezone found
2026-07-29 19:52:28,092 ERROR yfinance: $ITHXU: possibly delisted; no timezone found
2026-07-29 19:52:28,378 ERROR yfinance: $ITHXW: possibly delisted; no timezone found
2026-07-29 19:52:28,685 ERROR yfinance: $ITI: possibly delisted; no timezone found
2026-07-29 19:52:29,212 ERROR yfinance: $ITMR: possibly delisted; no timezone found
2026-07-29 19:52:29,725 ERROR yfinance: $ITOS: possibly delisted; no timezone found
2026-07-29 19:52:30,658 ERROR yfinance: $ITQRW: possibly delisted; no timezone found
2026-07-29 19:52:31,810 ERROR yfinance: $ITRM: possibly delisted; no timezone found
2026-07-29 19:52:32,540 ERROR yfinance: $IVAN.WS: possibly delisted; no timezone found
2026-07-29 19:52:32,830 ERROR yfinance: $IVC: possibly delisted; no timezone found
2026-07-29 19:52:33,157 ERROR yfinance: $IVCAW: possibly delisted; no timezone found
2026-07-29 19:52:33,503 ERROR yfinance: $IVCBW: possibly delisted; no timezone found
2026-07-29 19:52:33,984 ERROR yfinance: $IVCPW: possibly delisted; no timezone found
2026-07-29 19:52:36,872 ERROR yfinance: $IVP: possibly delisted; no timezone found
2026-07-29 19:52:40,690 ERROR yfinance: $IXAQW: possibly delisted; no timezone found
2026-07-29 19:52:47,889 ERROR yfinance: $JACSR: possibly delisted; no timezone found
2026-07-29 19:52:50,186 ERROR yfinance: $JAQCW: possibly delisted; no timezone found
2026-07-29 19:52:50,597 ERROR yfinance: $JATT.WS: possibly delisted; no timezone found
2026-07-29 19:52:52,010 ERROR yfinance: $JCICW: possibly delisted; no timezone found
2026-07-29 19:52:52,308 ERROR yfinance: $JCS: possibly delisted; no timezone found
2026-07-29 19:52:54,334 ERROR yfinance: $JE: possibly delisted; no timezone found
2026-07-29 19:52:56,878 ERROR yfinance: $JFBR: possibly delisted; no timezone found
2026-07-29 19:52:57,163 ERROR yfinance: $JFBRW: possibly delisted; no timezone found
2026-07-29 19:52:57,944 ERROR yfinance: $JFRR: possibly delisted; no timezone found
2026-07-29 19:52:58,896 ERROR yfinance: $JGGC: possibly delisted; no timezone found
2026-07-29 19:52:59,231 ERROR yfinance: $JGGCR: possibly delisted; no timezone found
2026-07-29 19:52:59,588 ERROR yfinance: $JGGCU: possibly delisted; no timezone found
2026-07-29 19:52:59,938 ERROR yfinance: $JGGCW: possibly delisted; no timezone found
2026-07-29 19:53:02,673 ERROR yfinance: $JMAC: possibly delisted; no timezone found
2026-07-29 19:53:02,993 ERROR yfinance: $JMACW: possibly delisted; no timezone found
2026-07-29 19:53:03,590 ERROR yfinance: $JMP: possibly delisted; no timezone found
2026-07-29 19:53:03,970 ERROR yfinance: $JNCE: possibly delisted; no timezone found
2026-07-29 19:53:04,310 ERROR yfinance: $JNVR: possibly delisted; no timezone found
2026-07-29 19:53:04,680 ERROR yfinance: $JOAN: possibly delisted; no timezone found
2026-07-29 19:53:06,018 ERROR yfinance: $JOBY.WS: possibly delisted; no timezone found
2026-07-29 19:53:06,354 ERROR yfinance: $JOFFW: possibly delisted; no timezone found
2026-07-29 19:53:07,133 ERROR yfinance: $JP: possibly delisted; no timezone found
2026-07-29 19:53:07,455 ERROR yfinance: $JQCR: possibly delisted; no timezone found
2026-07-29 19:53:07,823 ERROR yfinance: $JQCRW: possibly delisted; no timezone found
2026-07-29 19:53:08,190 ERROR yfinance: $JRJC: possibly delisted; no timezone found
2026-07-29 19:53:09,725 ERROR yfinance: $JT: possibly delisted; no timezone found
2026-07-29 19:53:10,389 ERROR yfinance: JTAIW: Period 'max' is invalid, must be one of: 1d, 5d
2026-07-29 19:53:10,963 ERROR yfinance: $JUGGW: possibly delisted; no timezone found
2026-07-29 19:53:11,326 ERROR yfinance: $JUN.WS: possibly delisted; no timezone found
2026-07-29 19:53:11,908 ERROR yfinance: $JUPW: possibly delisted; no timezone found
2026-07-29 19:53:12,224 ERROR yfinance: $JUPWW: possibly delisted; no timezone found
2026-07-29 19:53:13,219 ERROR yfinance: $JVSA: possibly delisted; no timezone found
2026-07-29 19:53:13,587 ERROR yfinance: $JVSAR: possibly delisted; no timezone found
2026-07-29 19:53:14,050 ERROR yfinance: $JVSAU: possibly delisted; no timezone found
2026-07-29 19:53:14,412 ERROR yfinance: $JWAC: possibly delisted; no timezone found
2026-07-29 19:53:14,741 ERROR yfinance: $JWACR: possibly delisted; no timezone found
2026-07-29 19:53:15,394 ERROR yfinance: $JWN: possibly delisted; no timezone found
2026-07-29 19:53:15,796 ERROR yfinance: $JWS.WS: possibly delisted; no timezone found
2026-07-29 19:53:16,125 ERROR yfinance: $JWSM.WS: possibly delisted; no timezone found
2026-07-29 19:53:16,863 ERROR yfinance: $JXJT: possibly delisted; no timezone found
2026-07-29 19:53:18,624 ERROR yfinance: $KA: possibly delisted; no timezone found
2026-07-29 19:53:18,952 ERROR yfinance: $KACLR: possibly delisted; no timezone found
2026-07-29 19:53:19,289 ERROR yfinance: $KACLW: possibly delisted; no timezone found
2026-07-29 19:53:19,706 ERROR yfinance: $KAHC.WS: possibly delisted; no timezone found
2026-07-29 19:53:20,173 ERROR yfinance: $KAIIW: possibly delisted; no timezone found
2026-07-29 19:53:20,486 ERROR yfinance: $KAIRW: possibly delisted; no timezone found
2026-07-29 19:53:20,855 ERROR yfinance: $KAL: possibly delisted; no timezone found
2026-07-29 19:53:21,668 ERROR yfinance: $KALWW: possibly delisted; no timezone found
2026-07-29 19:53:22,093 ERROR yfinance: $KAMN: possibly delisted; no timezone found
2026-07-29 19:53:22,725 ERROR yfinance: $KAR: possibly delisted; no timezone found
2026-07-29 19:53:23,308 ERROR yfinance: $KBAL: possibly delisted; no timezone found
2026-07-29 19:53:23,610 ERROR yfinance: $KBLM: possibly delisted; no timezone found
2026-07-29 19:53:23,918 ERROR yfinance: $KBLMR: possibly delisted; no timezone found
2026-07-29 19:53:24,269 ERROR yfinance: $KBLMU: possibly delisted; no timezone found
2026-07-29 19:53:25,226 ERROR yfinance: $KBNTW: possibly delisted; no timezone found
2026-07-29 19:53:25,564 ERROR yfinance: $KBSF: possibly delisted; no timezone found
2026-07-29 19:53:26,561 ERROR yfinance: $KCAC: possibly delisted; no timezone found
2026-07-29 19:53:26,928 ERROR yfinance: $KCAC.U: possibly delisted; no timezone found
2026-07-29 19:53:27,288 ERROR yfinance: $KCAC.WS: possibly delisted; no timezone found
2026-07-29 19:53:27,556 ERROR yfinance: $KCGI.WS: possibly delisted; no timezone found
2026-07-29 19:53:27,855 ERROR yfinance: $KDLY: possibly delisted; no timezone found
2026-07-29 19:53:28,227 ERROR yfinance: $KDLYW: possibly delisted; no timezone found
2026-07-29 19:53:28,539 ERROR yfinance: $KDMN: possibly delisted; no timezone found
2026-07-29 19:53:28,962 ERROR yfinance: $KDNY: possibly delisted; no timezone found
2026-07-29 19:53:30,650 ERROR yfinance: $KERN: possibly delisted; no timezone found
2026-07-29 19:53:30,989 ERROR yfinance: $KERNW: possibly delisted; no timezone found
2026-07-29 19:53:32,200 ERROR yfinance: KFIIR: Period 'max' is invalid, must be one of: 1d, 5d
2026-07-29 19:53:33,023 ERROR yfinance: $KIIIW: possibly delisted; no timezone found
2026-07-29 19:53:33,319 ERROR yfinance: $KIN: possibly delisted; no timezone found
2026-07-29 19:53:33,659 ERROR yfinance: $KIND: possibly delisted; no timezone found
2026-07-29 19:53:34,591 ERROR yfinance: $KINZW: possibly delisted; no timezone found
2026-07-29 19:53:34,811 ERROR yfinance: $KIOR: possibly delisted; no price data found  (1d 1927-08-23 -> 2026-07-29)
2026-07-29 19:53:35,187 ERROR yfinance: $KIQ: possibly delisted; no timezone found
2026-07-29 19:53:36,144 ERROR yfinance: $KLAQW: possibly delisted; no timezone found
2026-07-29 19:53:37,196 ERROR yfinance: $KLR: possibly delisted; no timezone found
2026-07-29 19:53:37,547 ERROR yfinance: $KLR.WS: possibly delisted; no timezone found
2026-07-29 19:53:38,161 ERROR yfinance: $KLTO: possibly delisted; no timezone found
2026-07-29 19:53:38,447 ERROR yfinance: $KLTOW: possibly delisted; no timezone found
2026-07-29 19:53:39,602 ERROR yfinance: $KMPH: possibly delisted; no timezone found
2026-07-29 19:53:40,702 ERROR yfinance: $KNL: possibly delisted; no timezone found
2026-07-29 19:53:41,846 ERROR yfinance: $KNSW.WS: possibly delisted; no timezone found
2026-07-29 19:53:42,192 ERROR yfinance: $KNTE: possibly delisted; no timezone found
2026-07-29 19:53:42,942 ERROR yfinance: $KNW: possibly delisted; no timezone found
2026-07-29 19:53:45,065 ERROR yfinance: $KORE.WS: possibly delisted; no timezone found
2026-07-29 19:53:48,438 ERROR yfinance: $KRBP: possibly delisted; no timezone found
2026-07-29 19:53:49,500 ERROR yfinance: $KRNLW: possibly delisted; no timezone found
2026-07-29 19:53:51,372 ERROR yfinance: $KRTX: possibly delisted; no timezone found
2026-07-29 19:53:53,032 ERROR yfinance: $KSICW: possibly delisted; no timezone found
2026-07-29 19:53:53,407 ERROR yfinance: $KSMTW: possibly delisted; no timezone found
2026-07-29 19:53:53,711 ERROR yfinance: $KSPN: possibly delisted; no timezone found
2026-07-29 19:53:54,942 ERROR yfinance: $KTOVW: possibly delisted; no timezone found
2026-07-29 19:53:55,275 ERROR yfinance: $KTRA: possibly delisted; no timezone found
2026-07-29 19:53:56,122 ERROR yfinance: $KUKE: possibly delisted; no timezone found
2026-07-29 19:53:57,040 ERROR yfinance: $KURIW: possibly delisted; no timezone found
2026-07-29 19:53:58,101 ERROR yfinance: $KWAC.WS: possibly delisted; no timezone found
2026-07-29 19:53:58,428 ERROR yfinance: $KWE: possibly delisted; no timezone found
2026-07-29 19:53:59,155 ERROR yfinance: $KWESW: possibly delisted; no timezone found
2026-07-29 19:54:00,352 ERROR yfinance: $KYCH: possibly delisted; no timezone found
2026-07-29 19:54:00,673 ERROR yfinance: $KYCHR: possibly delisted; no timezone found
2026-07-29 19:54:01,025 ERROR yfinance: $KYCHU: possibly delisted; no timezone found
2026-07-29 19:54:01,368 ERROR yfinance: $KYCHW: possibly delisted; no timezone found
2026-07-29 19:54:02,768 ERROR yfinance: $KZR: possibly delisted; no timezone found
2026-07-29 19:54:03,083 ERROR yfinance: $LAAAW: possibly delisted; no timezone found
2026-07-29 19:54:04,275 ERROR yfinance: $LABP: possibly delisted; no timezone found
2026-07-29 19:54:05,346 ERROR yfinance: $LACQ: possibly delisted; no timezone found
2026-07-29 19:54:05,640 ERROR yfinance: $LACQW: possibly delisted; no timezone found
2026-07-29 19:54:06,348 ERROR yfinance: $LAESV: possibly delisted; no timezone found
2026-07-29 19:54:06,682 ERROR yfinance: $LAIX: possibly delisted; no timezone found
2026-07-29 19:54:07,334 ERROR yfinance: $LANV.WS: possibly delisted; no timezone found
2026-07-29 19:54:08,260 ERROR yfinance: $LATG: possibly delisted; no timezone found
2026-07-29 19:54:08,564 ERROR yfinance: $LATGW: possibly delisted; no timezone found
2026-07-29 19:54:08,899 ERROR yfinance: $LATNW: possibly delisted; no timezone found
2026-07-29 19:54:10,104 ERROR yfinance: $LAX: possibly delisted; no timezone found
2026-07-29 19:54:10,392 ERROR yfinance: $LAXXR: possibly delisted; no timezone found
2026-07-29 19:54:10,789 ERROR yfinance: $LAXXU: possibly delisted; no timezone found
2026-07-29 19:54:11,119 ERROR yfinance: $LAXXW: possibly delisted; no timezone found
2026-07-29 19:54:11,699 ERROR yfinance: $LAZRW: possibly delisted; no timezone found
2026-07-29 19:54:12,118 ERROR yfinance: $LAZY: possibly delisted; no timezone found
2026-07-29 19:54:12,726 ERROR yfinance: $LBBB: possibly delisted; no timezone found
2026-07-29 19:54:12,968 ERROR yfinance: LBBBR: Period 'max' is invalid, must be one of: 1d, 5d
2026-07-29 19:54:13,303 ERROR yfinance: $LBBBU: possibly delisted; no timezone found
2026-07-29 19:54:13,627 ERROR yfinance: $LBBBW: possibly delisted; no timezone found
2026-07-29 19:54:14,275 ERROR yfinance: $LBPH: possibly delisted; no timezone found
2026-07-29 19:54:14,629 ERROR yfinance: $LBPS: possibly delisted; no timezone found
2026-07-29 19:54:14,960 ERROR yfinance: $LBPSW: possibly delisted; no timezone found
2026-07-29 19:54:17,111 ERROR yfinance: $LCA: possibly delisted; no timezone found
2026-07-29 19:54:17,431 ERROR yfinance: $LCAAW: possibly delisted; no timezone found
2026-07-29 19:54:17,747 ERROR yfinance: $LCAHU: possibly delisted; no timezone found
2026-07-29 19:54:18,087 ERROR yfinance: $LCAHW: possibly delisted; no timezone found
2026-07-29 19:54:18,621 ERROR yfinance: $LCAPW: possibly delisted; no timezone found
2026-07-29 19:54:19,769 ERROR yfinance: $LCI: possibly delisted; no timezone found
2026-07-29 19:54:20,395 ERROR yfinance: $LCIDW: possibly delisted; no timezone found
2026-07-29 19:54:21,163 ERROR yfinance: $LCW.WS: possibly delisted; no timezone found
2026-07-29 19:54:22,003 ERROR yfinance: $LDHAW: possibly delisted; no timezone found
2026-07-29 19:54:22,576 ERROR yfinance: $LDL: possibly delisted; no timezone found
2026-07-29 19:54:23,130 ERROR yfinance: $LDTC: possibly delisted; no timezone found
2026-07-29 19:54:23,400 ERROR yfinance: LDTCW: Period 'max' is invalid, must be one of: 1d, 5d
2026-07-29 19:54:23,734 ERROR yfinance: $LDWY: possibly delisted; no timezone found
2026-07-29 19:54:24,467 ERROR yfinance: $LEAP.WS: possibly delisted; no timezone found
2026-07-29 19:54:26,621 ERROR yfinance: $LEGAW: possibly delisted; no timezone found
2026-07-29 19:54:26,979 ERROR yfinance: $LEGOW: possibly delisted; no timezone found
2026-07-29 19:54:27,348 ERROR yfinance: $LEGT.WS: possibly delisted; no timezone found
2026-07-29 19:54:27,706 ERROR yfinance: $LEJU: possibly delisted; no timezone found
2026-07-29 19:54:28,803 ERROR yfinance: $LEV: possibly delisted; no timezone found
2026-07-29 19:54:29,135 ERROR yfinance: $LEV.WS: possibly delisted; no timezone found
2026-07-29 19:54:29,446 ERROR yfinance: $LEV.WS.A: possibly delisted; no timezone found
2026-07-29 19:54:30,226 ERROR yfinance: LEXXW: Period 'max' is invalid, must be one of: 1d, 5d
2026-07-29 19:54:30,499 ERROR yfinance: LFACW: Period 'max' is invalid, must be one of: 1d, 5d
2026-07-29 19:54:34,944 ERROR yfinance: $LFG: possibly delisted; no timezone found
2026-07-29 19:54:35,348 ERROR yfinance: $LFLY: possibly delisted; no timezone found
2026-07-29 19:54:35,544 ERROR yfinance: LFLYW: Period 'max' is invalid, must be one of: 1d, 5d
2026-07-29 19:54:36,552 ERROR yfinance: $LFTRW: possibly delisted; no timezone found
2026-07-29 19:54:37,026 ERROR yfinance: $LFTR: possibly delisted; no timezone found
2026-07-29 19:54:37,677 ERROR yfinance: $LGACW: possibly delisted; no timezone found
2026-07-29 19:54:38,031 ERROR yfinance: $LGCB: possibly delisted; no timezone found
2026-07-29 19:54:38,916 ERROR yfinance: LGHLW: Period 'max' is invalid, must be one of: 1d, 5d
2026-07-29 19:54:40,099 ERROR yfinance: $LGL.WS: possibly delisted; no timezone found
2026-07-29 19:54:41,071 ERROR yfinance: $LGST: possibly delisted; no timezone found
2026-07-29 19:54:41,393 ERROR yfinance: $LGSTU: possibly delisted; no timezone found
2026-07-29 19:54:41,763 ERROR yfinance: $LGSTW: possibly delisted; no timezone found
2026-07-29 19:54:42,167 ERROR yfinance: $LGTOW: possibly delisted; no timezone found
2026-07-29 19:54:42,501 ERROR yfinance: $LGV.WS: possibly delisted; no timezone found
2026-07-29 19:54:42,804 ERROR yfinance: $LGVCU: possibly delisted; no timezone found
2026-07-29 19:54:43,136 ERROR yfinance: $LGVCW: possibly delisted; no timezone found
2026-07-29 19:54:43,855 ERROR yfinance: $LGVNR: possibly delisted; no timezone found
2026-07-29 19:54:44,164 ERROR yfinance: $LGVNV: possibly delisted; no timezone found
2026-07-29 19:54:44,482 ERROR yfinance: $LGVW.WS: possibly delisted; no timezone found
2026-07-29 19:54:45,097 ERROR yfinance: $LHC.WS: possibly delisted; no timezone found
2026-07-29 19:54:45,447 ERROR yfinance: $LHDX: possibly delisted; no timezone found
2026-07-29 19:54:48,029 ERROR yfinance: $LIAN: possibly delisted; no timezone found
2026-07-29 19:54:51,111 ERROR yfinance: $LIBYW: possibly delisted; no timezone found
2026-07-29 19:54:51,793 ERROR yfinance: $LICY: possibly delisted; no timezone found
2026-07-29 19:54:53,153 ERROR yfinance: $LIFW: possibly delisted; no timezone found
2026-07-29 19:54:53,490 ERROR yfinance: $LIFWW: possibly delisted; no timezone found
2026-07-29 19:54:53,824 ERROR yfinance: $LIFWZ: possibly delisted; no timezone found
2026-07-29 19:54:54,176 ERROR yfinance: $LIII.WS: possibly delisted; no timezone found
2026-07-29 19:54:54,507 ERROR yfinance: $LILM: possibly delisted; no timezone found
2026-07-29 19:54:54,839 ERROR yfinance: $LILMW: possibly delisted; no timezone found
2026-07-29 19:54:56,775 ERROR yfinance: $LIONU: possibly delisted; no timezone found
2026-07-29 19:54:57,139 ERROR yfinance: $LIONW: possibly delisted; no timezone found
2026-07-29 19:54:58,403 ERROR yfinance: $LITM: possibly delisted; no timezone found
2026-07-29 19:54:58,745 ERROR yfinance: $LITTW: possibly delisted; no timezone found
2026-07-29 19:54:59,110 ERROR yfinance: $LIVBW: possibly delisted; no timezone found
2026-07-29 19:54:59,909 ERROR yfinance: $LIVKW: possibly delisted; no timezone found
2026-07-29 19:55:00,444 ERROR yfinance: $LIXTW: possibly delisted; no timezone found
2026-07-29 19:55:00,820 ERROR yfinance: $LIZI: possibly delisted; no timezone found
2026-07-29 19:55:01,168 ERROR yfinance: $LJAQ: possibly delisted; no timezone found
2026-07-29 19:55:01,510 ERROR yfinance: $LJAQU: possibly delisted; no timezone found
2026-07-29 19:55:01,859 ERROR yfinance: $LJAQW: possibly delisted; no timezone found
2026-07-29 19:55:02,215 ERROR yfinance: $LJPC: possibly delisted; no timezone found
2026-07-29 19:55:02,635 ERROR yfinance: $LKCO: possibly delisted; no timezone found
2026-07-29 19:55:03,076 ERROR yfinance: $LL: possibly delisted; no timezone found
2026-07-29 19:55:03,483 ERROR yfinance: $LLAP: possibly delisted; no timezone found
2026-07-29 19:55:03,816 ERROR yfinance: $LLAP.WS: possibly delisted; no timezone found
2026-07-29 19:55:04,136 ERROR yfinance: $LLIT: possibly delisted; no timezone found
2026-07-29 19:55:04,454 ERROR yfinance: $LLL: possibly delisted; no timezone found
2026-07-29 19:55:04,758 ERROR yfinance: $LLNW: possibly delisted; no timezone found
2026-07-29 19:55:05,452 ERROR yfinance: $LMACW: possibly delisted; no timezone found
2026-07-29 19:55:05,768 ERROR yfinance: $LMAO: possibly delisted; no timezone found
2026-07-29 19:55:06,098 ERROR yfinance: $LMAOU: possibly delisted; no timezone found
2026-07-29 19:55:06,463 ERROR yfinance: $LMAOW: possibly delisted; no timezone found
2026-07-29 19:55:06,814 ERROR yfinance: $LMDX: possibly delisted; no timezone found
2026-07-29 19:55:07,160 ERROR yfinance: $LMDXW: possibly delisted; no timezone found
2026-07-29 19:55:07,805 ERROR yfinance: $LMFAW: possibly delisted; no timezone found
2026-07-29 19:55:08,404 ERROR yfinance: $LMND.WS: possibly delisted; no timezone found
2026-07-29 19:55:08,787 ERROR yfinance: $LMNL: possibly delisted; no timezone found
2026-07-29 19:55:09,839 ERROR yfinance: $LNFA: possibly delisted; no timezone found
2026-07-29 19:55:10,175 ERROR yfinance: $LNFA.WS: possibly delisted; no timezone found
2026-07-29 19:55:12,040 ERROR yfinance: $LOACR: possibly delisted; no timezone found
2026-07-29 19:55:12,338 ERROR yfinance: $LOACU: possibly delisted; no timezone found
2026-07-29 19:55:12,676 ERROR yfinance: $LOACW: possibly delisted; no timezone found
2026-07-29 19:55:13,351 ERROR yfinance: $LOCC.WS: possibly delisted; no timezone found
2026-07-29 19:55:13,958 ERROR yfinance: $LOCL.WS: possibly delisted; no timezone found
2026-07-29 19:55:14,878 ERROR yfinance: $LOKB.WS: possibly delisted; no timezone found
2026-07-29 19:55:15,173 ERROR yfinance: $LOKM.WS: possibly delisted; no timezone found
2026-07-29 19:55:16,647 ERROR yfinance: $LOTZW: possibly delisted; no timezone found
2026-07-29 19:55:17,030 ERROR yfinance: $LOV: possibly delisted; no timezone found
2026-07-29 19:55:20,295 ERROR yfinance: $LPTV: possibly delisted; no timezone found
2026-07-29 19:55:20,621 ERROR yfinance: $LPTX: possibly delisted; no timezone found
2026-07-29 19:55:21,687 ERROR yfinance: $LQR: possibly delisted; no timezone found
2026-07-29 19:55:23,855 ERROR yfinance: $LSACU: possibly delisted; no timezone found
2026-07-29 19:55:24,147 ERROR yfinance: $LSACW: possibly delisted; no timezone found
2026-07-29 19:55:24,719 ERROR yfinance: $LSBPW: possibly delisted; no timezone found
2026-07-29 19:55:25,082 ERROR yfinance: $LSDI: possibly delisted; no timezone found
2026-07-29 19:55:25,645 ERROR yfinance: $LSEA: possibly delisted; no timezone found
2026-07-29 19:55:25,908 ERROR yfinance: LSEAW: Period 'max' is invalid, must be one of: 1d, 5d
2026-07-29 19:55:26,829 ERROR yfinance: $LSI: possibly delisted; no timezone found
2026-07-29 19:55:27,412 ERROR yfinance: $LSPR: possibly delisted; no timezone found
2026-07-29 19:55:27,763 ERROR yfinance: $LSPRU: possibly delisted; no timezone found
2026-07-29 19:55:28,089 ERROR yfinance: $LSPRW: possibly delisted; no timezone found
2026-07-29 19:55:28,790 ERROR yfinance: $LSXMA: possibly delisted; no timezone found
2026-07-29 19:55:29,077 ERROR yfinance: $LSXMK: possibly delisted; no timezone found
2026-07-29 19:55:30,151 ERROR yfinance: $LTCHW: possibly delisted; no timezone found
2026-07-29 19:55:30,635 ERROR yfinance: $LTRPA: possibly delisted; no timezone found
2026-07-29 19:55:30,980 ERROR yfinance: $LTRPB: possibly delisted; no timezone found
2026-07-29 19:55:31,666 ERROR yfinance: $LTRY: possibly delisted; no timezone found
2026-07-29 19:55:32,590 ERROR yfinance: $LUB: possibly delisted; no timezone found
2026-07-29 19:55:34,586 ERROR yfinance: $LUMO: possibly delisted; no timezone found
2026-07-29 19:55:35,952 ERROR yfinance: LUNRW: Period 'max' is invalid, must be one of: 1d, 5d
2026-07-29 19:55:36,303 ERROR yfinance: $LUXAW: possibly delisted; no timezone found
2026-07-29 19:55:36,937 ERROR yfinance: $LUXH: possibly delisted; no timezone found
2026-07-29 19:55:37,261 ERROR yfinance: $LVACW: possibly delisted; no timezone found
2026-07-29 19:55:38,268 ERROR yfinance: $LVOX: possibly delisted; no timezone found
2026-07-29 19:55:38,576 ERROR yfinance: $LVOXU: possibly delisted; no timezone found
2026-07-29 19:55:38,936 ERROR yfinance: $LVOXW: possibly delisted; no timezone found
2026-07-29 19:55:39,377 ERROR yfinance: $LVRAW: possibly delisted; no timezone found
2026-07-29 19:55:39,851 ERROR yfinance: $LVRO: possibly delisted; no timezone found
2026-07-29 19:55:40,218 ERROR yfinance: $LVROW: possibly delisted; no timezone found
2026-07-29 19:55:40,635 ERROR yfinance: $LVTX: possibly delisted; no timezone found
2026-07-29 19:55:41,206 ERROR yfinance: $LVWR.WS: possibly delisted; no timezone found
2026-07-29 19:55:45,793 ERROR yfinance: $LYL: possibly delisted; no timezone found
2026-07-29 19:55:46,125 ERROR yfinance: $LYLT: possibly delisted; no timezone found
2026-07-29 19:55:46,906 ERROR yfinance: $LYT: possibly delisted; no timezone found
2026-07-29 19:55:47,873 ERROR yfinance: $LZM.WS: possibly delisted; no timezone found
2026-07-29 19:55:48,491 ERROR yfinance: $MAACW: possibly delisted; no timezone found
2026-07-29 19:55:48,773 ERROR yfinance: $MAAQR: possibly delisted; no timezone found
2026-07-29 19:55:49,076 ERROR yfinance: $MAAQW: possibly delisted; no timezone found
2026-07-29 19:55:49,715 ERROR yfinance: $MACAW: possibly delisted; no timezone found
2026-07-29 19:55:50,019 ERROR yfinance: $MACC.WS: possibly delisted; no timezone found
2026-07-29 19:55:50,666 ERROR yfinance: $MACK: possibly delisted; no timezone found
2026-07-29 19:55:51,097 ERROR yfinance: $MACUW: possibly delisted; no timezone found
2026-07-29 19:55:52,955 ERROR yfinance: $MAPSW: possibly delisted; no timezone found
2026-07-29 19:55:53,180 ERROR yfinance: MAQCW: Period 'max' is invalid, must be one of: 1d, 5d
2026-07-29 19:55:55,061 ERROR yfinance: $MARX: possibly delisted; no timezone found
2026-07-29 19:55:55,424 ERROR yfinance: $MARXR: possibly delisted; no timezone found
2026-07-29 19:55:55,792 ERROR yfinance: $MARXU: possibly delisted; no timezone found
2026-07-29 19:55:58,550 ERROR yfinance: $MAXN: possibly delisted; no timezone found
2026-07-29 19:55:59,105 ERROR yfinance: $MAXR: possibly delisted; no timezone found
2026-07-29 19:55:59,524 ERROR yfinance: $MAYAR: possibly delisted; no timezone found
2026-07-29 19:56:00,467 ERROR yfinance: $MBAC.WS: possibly delisted; no timezone found
2026-07-29 19:56:01,706 ERROR yfinance: $MBII: possibly delisted; no timezone found
2026-07-29 19:56:03,783 ERROR yfinance: $MBSC.WS: possibly delisted; no timezone found
2026-07-29 19:56:04,111 ERROR yfinance: $MBTCR: possibly delisted; no timezone found
2026-07-29 19:56:04,719 ERROR yfinance: $MCAAW: possibly delisted; no timezone found
2026-07-29 19:56:05,034 ERROR yfinance: $MCAC: possibly delisted; no timezone found
2026-07-29 19:56:05,473 ERROR yfinance: $MCACR: possibly delisted; no timezone found
2026-07-29 19:56:05,970 ERROR yfinance: $MCACU: possibly delisted; no timezone found
2026-07-29 19:56:06,314 ERROR yfinance: $MCACW: possibly delisted; no timezone found
2026-07-29 19:56:06,703 ERROR yfinance: $MCADR: possibly delisted; no timezone found
2026-07-29 19:56:07,033 ERROR yfinance: $MCAE: possibly delisted; no timezone found
2026-07-29 19:56:07,388 ERROR yfinance: $MCAER: possibly delisted; no timezone found
2026-07-29 19:56:07,691 ERROR yfinance: $MCAF: possibly delisted; no timezone found
2026-07-29 19:56:08,025 ERROR yfinance: $MCAFR: possibly delisted; no timezone found
2026-07-29 19:56:08,306 ERROR yfinance: $MCAFU: possibly delisted; no timezone found
2026-07-29 19:56:08,549 ERROR yfinance: MCAGR: Period 'max' is invalid, must be one of: 1d, 5d
2026-07-29 19:56:09,366 ERROR yfinance: $MCBC: possibly delisted; no timezone found
2026-07-29 19:56:09,737 ERROR yfinance: $MCF: possibly delisted; no timezone found
2026-07-29 19:56:10,606 ERROR yfinance: $MCLD: possibly delisted; no timezone found
2026-07-29 19:56:10,989 ERROR yfinance: $MCLDP: possibly delisted; no timezone found
2026-07-29 19:56:11,329 ERROR yfinance: $MCLDW: possibly delisted; no timezone found
2026-07-29 19:56:11,719 ERROR yfinance: $MCMJ: possibly delisted; no timezone found
2026-07-29 19:56:12,073 ERROR yfinance: $MCMJW: possibly delisted; no timezone found
2026-07-29 19:56:12,578 ERROR yfinance: MCOMW: Period 'max' is invalid, must be one of: 1d, 5d
2026-07-29 19:56:13,705 ERROR yfinance: $MCTR: possibly delisted; no timezone found
2026-07-29 19:56:16,748 ERROR yfinance: $MDGS: possibly delisted; no timezone found
2026-07-29 19:56:17,061 ERROR yfinance: $MDGSW: possibly delisted; no timezone found
2026-07-29 19:56:17,375 ERROR yfinance: $MDH.WS: possibly delisted; no timezone found
2026-07-29 19:56:18,023 ERROR yfinance: $MDJH: possibly delisted; no timezone found
2026-07-29 19:56:19,002 ERROR yfinance: $MDLY: possibly delisted; no timezone found
2026-07-29 19:56:19,366 ERROR yfinance: $MDNA: possibly delisted; no timezone found
2026-07-29 19:56:20,211 ERROR yfinance: $MDRRP: possibly delisted; no timezone found
2026-07-29 19:56:21,827 ERROR yfinance: $MDVL: possibly delisted; no timezone found
2026-07-29 19:56:22,565 ERROR yfinance: $MDWT: possibly delisted; no timezone found
2026-07-29 19:56:23,691 ERROR yfinance: $ME: possibly delisted; no timezone found
2026-07-29 19:56:23,989 ERROR yfinance: $MEACW: possibly delisted; no timezone found
2026-07-29 19:56:25,697 ERROR yfinance: $MEIP: possibly delisted; no price data found  (1d 1927-08-23 -> 2026-07-29)
2026-07-29 19:56:26,488 ERROR yfinance: $MEOA: possibly delisted; no timezone found
2026-07-29 19:56:26,820 ERROR yfinance: $MEOAU: possibly delisted; no timezone found
2026-07-29 19:56:27,111 ERROR yfinance: $MEOAW: possibly delisted; no timezone found
2026-07-29 19:56:27,532 ERROR yfinance: $MESA: possibly delisted; no timezone found
2026-07-29 19:56:29,056 ERROR yfinance: $METX: possibly delisted; no timezone found
2026-07-29 19:56:29,415 ERROR yfinance: $METXW: possibly delisted; no timezone found
2026-07-29 19:56:30,875 ERROR yfinance: $MFGP: possibly delisted; no timezone found
2026-07-29 19:56:31,280 ERROR yfinance: $MFH: possibly delisted; no timezone found
2026-07-29 19:56:31,990 ERROR yfinance: $MFNC: possibly delisted; no timezone found
2026-07-29 19:56:32,607 ERROR yfinance: $MGEN: possibly delisted; no timezone found
2026-07-29 19:56:34,715 ERROR yfinance: $MGOL: possibly delisted; no timezone found
2026-07-29 19:56:35,884 ERROR yfinance: $MGTA: possibly delisted; no timezone found
2026-07-29 19:56:36,786 ERROR yfinance: $MHLD: possibly delisted; no timezone found
2026-07-29 19:56:37,067 ERROR yfinance: $MHUA: possibly delisted; no timezone found
2026-07-29 19:56:37,426 ERROR yfinance: $MHPA: possibly delisted; no timezone found
2026-07-29 19:56:38,041 ERROR yfinance: $MHPD: possibly delisted; no price data found  (1d 1927-08-23 -> 2026-07-29)
2026-07-29 19:56:39,078 ERROR yfinance: $MICS: possibly delisted; no timezone found
2026-07-29 19:56:39,450 ERROR yfinance: $MICT: possibly delisted; no timezone found
2026-07-29 19:56:39,768 ERROR yfinance: $MIGI: possibly delisted; no timezone found
2026-07-29 19:56:40,059 ERROR yfinance: $MILEW: possibly delisted; no timezone found
2026-07-29 19:56:40,656 ERROR yfinance: $MIMO: possibly delisted; no timezone found
2026-07-29 19:56:41,041 ERROR yfinance: $MIMO.WS: possibly delisted; no timezone found
2026-07-29 19:56:41,364 ERROR yfinance: $MIMO.WS.A: possibly delisted; no timezone found
2026-07-29 19:56:41,688 ERROR yfinance: $MIMO.WS.B: possibly delisted; no timezone found
2026-07-29 19:56:41,992 ERROR yfinance: $MIMO.WS.C: possibly delisted; no timezone found
2026-07-29 19:56:42,845 ERROR yfinance: $MINDP: possibly delisted; no timezone found
2026-07-29 19:56:43,113 ERROR yfinance: $MINM: possibly delisted; no timezone found
2026-07-29 19:56:43,507 ERROR yfinance: $MIR.WS: possibly delisted; no timezone found
2026-07-29 19:56:44,143 ERROR yfinance: $MIRO: possibly delisted; no timezone found
2026-07-29 19:56:44,785 ERROR yfinance: $MIT.WS: possibly delisted; no timezone found
2026-07-29 19:56:45,140 ERROR yfinance: $MITAW: possibly delisted; no timezone found
2026-07-29 19:56:46,862 ERROR yfinance: $MITO: possibly delisted; no timezone found
2026-07-29 19:56:50,315 ERROR yfinance: $MKC.V: possibly delisted; no timezone found
2026-07-29 19:56:50,617 ERROR yfinance: $MKD: possibly delisted; no timezone found
2026-07-29 19:56:51,568 ERROR yfinance: $MKFG: possibly delisted; no timezone found
2026-07-29 19:56:51,934 ERROR yfinance: $MKFG.WS: possibly delisted; no timezone found
2026-07-29 19:56:52,244 ERROR yfinance: $MKGI: possibly delisted; no timezone found
2026-07-29 19:56:52,932 ERROR yfinance: $MKTWW: possibly delisted; no timezone found
2026-07-29 19:56:53,283 ERROR yfinance: $MKUL: possibly delisted; no timezone found
2026-07-29 19:56:53,900 ERROR yfinance: $ML: possibly delisted; no timezone found
2026-07-29 19:56:54,290 ERROR yfinance: $ML.WS: possibly delisted; no timezone found
2026-07-29 19:56:54,489 ERROR yfinance: MLACR: Period 'max' is invalid, must be one of: 1d, 5d
2026-07-29 19:56:54,810 ERROR yfinance: $MLACW: possibly delisted; no timezone found
2026-07-29 19:56:55,138 ERROR yfinance: $MLAIW: possibly delisted; no timezone found
2026-07-29 19:56:57,003 ERROR yfinance: $MLND: possibly delisted; no timezone found
2026-07-29 19:56:58,905 ERROR yfinance: $MMAC: possibly delisted; no timezone found
2026-07-29 19:56:59,199 ERROR yfinance: $MMAT: possibly delisted; no timezone found
2026-07-29 19:56:59,585 ERROR yfinance: $MMV: possibly delisted; no timezone found
2026-07-29 19:56:59,979 ERROR yfinance: $MMVWW: possibly delisted; no timezone found
2026-07-29 19:57:00,320 ERROR yfinance: $MN: possibly delisted; no timezone found
2026-07-29 19:57:00,696 ERROR yfinance: $MNCLW: possibly delisted; no timezone found
2026-07-29 19:57:01,708 ERROR yfinance: $MNK: possibly delisted; no timezone found
2026-07-29 19:57:02,472 ERROR yfinance: $MNMD: possibly delisted; no timezone found
2026-07-29 19:57:04,643 ERROR yfinance: $MNTN.WS: possibly delisted; no timezone found
2026-07-29 19:57:05,639 ERROR yfinance: $MNTX: possibly delisted; no timezone found
2026-07-29 19:57:07,466 ERROR yfinance: MOBQW: Period 'max' is invalid, must be one of: 1d, 5d
2026-07-29 19:57:07,836 ERROR yfinance: $MOBV: possibly delisted; no timezone found
2026-07-29 19:57:08,117 ERROR yfinance: $MOBVU: possibly delisted; no timezone found
2026-07-29 19:57:08,438 ERROR yfinance: $MOBVW: possibly delisted; no timezone found
2026-07-29 19:57:10,343 ERROR yfinance: $MODV: possibly delisted; no price data found  (1d 1927-08-23 -> 2026-07-29)
2026-07-29 19:57:10,706 ERROR yfinance: $MOGO: possibly delisted; no timezone found
2026-07-29 19:57:11,472 ERROR yfinance: $MOHO: possibly delisted; no timezone found
2026-07-29 19:57:12,596 ERROR yfinance: $MONCW: possibly delisted; no timezone found
2026-07-29 19:57:13,178 ERROR yfinance: $MONDW: possibly delisted; no timezone found
2026-07-29 19:57:13,506 ERROR yfinance: $MOR: possibly delisted; no timezone found
2026-07-29 19:57:13,983 ERROR yfinance: $MORF: possibly delisted; no timezone found
2026-07-29 19:57:14,330 ERROR yfinance: $MOSY: possibly delisted; no timezone found
2026-07-29 19:57:15,010 ERROR yfinance: $MOTV.WS: possibly delisted; no timezone found
2026-07-29 19:57:15,735 ERROR yfinance: $MOXC: possibly delisted; no timezone found
2026-07-29 19:57:16,512 ERROR yfinance: $MPAC: possibly delisted; no timezone found
2026-07-29 19:57:16,801 ERROR yfinance: $MPACR: possibly delisted; no timezone found
2026-07-29 19:57:17,132 ERROR yfinance: $MPACW: possibly delisted; no timezone found
2026-07-29 19:57:17,450 ERROR yfinance: $MPLN: possibly delisted; no timezone found
2026-07-29 19:57:17,870 ERROR yfinance: $MPLN.WS: possibly delisted; no timezone found
2026-07-29 19:57:18,270 ERROR yfinance: $MPRAW: possibly delisted; no timezone found
2026-07-29 19:57:18,872 ERROR yfinance: $MPTI.WS: possibly delisted; no timezone found
2026-07-29 19:57:19,768 ERROR yfinance: $MPW: possibly delisted; no timezone found
2026-07-29 19:57:20,684 ERROR yfinance: $MRACW: possibly delisted; no timezone found
2026-07-29 19:57:22,410 ERROR yfinance: $MRDB: possibly delisted; no timezone found
2026-07-29 19:57:22,750 ERROR yfinance: $MRDB.WS: possibly delisted; no timezone found
2026-07-29 19:57:23,453 ERROR yfinance: $MRIN: possibly delisted; no timezone found
2026-07-29 19:57:25,477 ERROR yfinance: $MRNS: possibly delisted; no timezone found
2026-07-29 19:57:25,901 ERROR yfinance: $MRSN: possibly delisted; no timezone found
2026-07-29 19:57:26,570 ERROR yfinance: $MRT.WS: possibly delisted; no timezone found
2026-07-29 19:57:26,927 ERROR yfinance: $MRTX: possibly delisted; no timezone found
2026-07-29 19:57:27,256 ERROR yfinance: $MRUS: possibly delisted; no timezone found
2026-07-29 19:57:27,880 ERROR yfinance: $MSACW: possibly delisted; no timezone found
2026-07-29 19:57:29,938 ERROR yfinance: $MSDAW: possibly delisted; no timezone found
2026-07-29 19:57:32,912 ERROR yfinance: MSPRZ: Period 'max' is invalid, must be one of: 1d, 5d
2026-07-29 19:57:33,576 ERROR yfinance: $MSSAR: possibly delisted; no timezone found
2026-07-29 19:57:33,858 ERROR yfinance: $MSSAW: possibly delisted; no timezone found
2026-07-29 19:57:35,678 ERROR yfinance: $MTACW: possibly delisted; no timezone found
2026-07-29 19:57:35,986 ERROR yfinance: $MTAL.WS: possibly delisted; no timezone found
2026-07-29 19:57:36,335 ERROR yfinance: $MTBL: possibly delisted; no timezone found
2026-07-29 19:57:37,090 ERROR yfinance: $MTCR: possibly delisted; no timezone found
2026-07-29 19:57:37,888 ERROR yfinance: $MTEM: possibly delisted; no timezone found
2026-07-29 19:57:39,897 ERROR yfinance: $MTL: possibly delisted; no timezone found
2026-07-29 19:57:40,425 ERROR yfinance: $MTLP: possibly delisted; no price data found  (1d 1927-08-23 -> 2026-07-29)
2026-07-29 19:57:41,083 ERROR yfinance: $MTOR: possibly delisted; no timezone found
2026-07-29 19:57:41,448 ERROR yfinance: $MTP: possibly delisted; no timezone found
2026-07-29 19:57:42,752 ERROR yfinance: $MTRYW: possibly delisted; no timezone found
2026-07-29 19:57:43,095 ERROR yfinance: $MTSC: possibly delisted; no timezone found
2026-07-29 19:57:43,463 ERROR yfinance: $MTSL: possibly delisted; no timezone found
2026-07-29 19:57:43,868 ERROR yfinance: $MTSR: possibly delisted; no timezone found
2026-07-29 19:57:44,217 ERROR yfinance: $MTTR: possibly delisted; no timezone found
2026-07-29 19:57:44,615 ERROR yfinance: $MTTRW: possibly delisted; no timezone found
2026-07-29 19:57:45,243 ERROR yfinance: $MTVC.WS: possibly delisted; no timezone found
2026-07-29 19:57:45,705 ERROR yfinance: $MUDSW: possibly delisted; no timezone found
2026-07-29 19:57:46,404 ERROR yfinance: $MULN: possibly delisted; no timezone found
2026-07-29 19:57:46,705 ERROR yfinance: $MURA: possibly delisted; no timezone found
2026-07-29 19:57:47,059 ERROR yfinance: $MURFU: possibly delisted; no timezone found
2026-07-29 19:57:47,355 ERROR yfinance: $MURFW: possibly delisted; no timezone found
2026-07-29 19:57:49,399 ERROR yfinance: MVLAW: Period 'max' is invalid, must be one of: 1d, 5d
2026-07-29 19:57:53,155 ERROR yfinance: $MYMD: possibly delisted; no timezone found
2026-07-29 19:57:53,502 ERROR yfinance: $MYNA: possibly delisted; no timezone found
2026-07-29 19:57:54,427 ERROR yfinance: $MYNZ: possibly delisted; no timezone found
2026-07-29 19:57:55,091 ERROR yfinance: $MYOK: possibly delisted; no timezone found
2026-07-29 19:57:55,460 ERROR yfinance: $MYOV: possibly delisted; no timezone found
2026-07-29 19:57:56,827 ERROR yfinance: $MYT: possibly delisted; no timezone found
2026-07-29 19:57:57,156 ERROR yfinance: $MYTE: possibly delisted; no timezone found
2026-07-29 19:57:58,325 ERROR yfinance: $NAACW: possibly delisted; no timezone found
2026-07-29 19:58:00,683 ERROR yfinance: $NAKD: possibly delisted; no timezone found
2026-07-29 19:58:02,642 ERROR yfinance: $NAOV: possibly delisted; no timezone found
2026-07-29 19:58:02,962 ERROR yfinance: $NAPA: possibly delisted; no timezone found
2026-07-29 19:58:03,318 ERROR yfinance: $NAVB: possibly delisted; no timezone found
2026-07-29 19:58:03,611 ERROR yfinance: $NAYA: possibly delisted; no timezone found
2026-07-29 19:58:03,986 ERROR yfinance: $NBA.WS: possibly delisted; no timezone found
2026-07-29 19:58:04,370 ERROR yfinance: $NBAC: possibly delisted; no timezone found
2026-07-29 19:58:04,705 ERROR yfinance: $NBACR: possibly delisted; no timezone found
2026-07-29 19:58:05,087 ERROR yfinance: $NBACU: possibly delisted; no timezone found
2026-07-29 19:58:05,441 ERROR yfinance: $NBACW: possibly delisted; no timezone found
2026-07-29 19:58:05,808 ERROR yfinance: $NBEV: possibly delisted; no timezone found
2026-07-29 19:58:06,425 ERROR yfinance: $NBRV: possibly delisted; no timezone found
2026-07-29 19:58:06,820 ERROR yfinance: $NBSE: possibly delisted; no timezone found
2026-07-29 19:58:07,079 ERROR yfinance: NBSTW: Period 'max' is invalid, must be one of: 1d, 5d
2026-07-29 19:58:07,620 ERROR yfinance: $NBY: possibly delisted; no timezone found
2026-07-29 19:58:08,007 ERROR yfinance: $NCAC: possibly delisted; no timezone found
2026-07-29 19:58:08,372 ERROR yfinance: $NCACU: possibly delisted; no timezone found
2026-07-29 19:58:08,675 ERROR yfinance: $NCACW: possibly delisted; no timezone found
2026-07-29 19:58:10,568 ERROR yfinance: $NCNC: possibly delisted; no timezone found
2026-07-29 19:58:10,926 ERROR yfinance: $NCNCW: possibly delisted; no timezone found
2026-07-29 19:58:14,540 ERROR yfinance: $NDACW: possibly delisted; no timezone found
2026-07-29 19:58:16,199 ERROR yfinance: $NDRAW: possibly delisted; no timezone found
2026-07-29 19:58:16,597 ERROR yfinance: $NE.WS: possibly delisted; no timezone found
2026-07-29 19:58:16,939 ERROR yfinance: $NE.WS.A: possibly delisted; no timezone found
2026-07-29 19:58:18,570 ERROR yfinance: $NEHC: possibly delisted; no timezone found
2026-07-29 19:58:18,936 ERROR yfinance: $NEHCW: possibly delisted; no timezone found
2026-07-29 19:58:20,622 ERROR yfinance: $NEOS: possibly delisted; no timezone found
2026-07-29 19:58:21,480 ERROR yfinance: $NEP: possibly delisted; no timezone found
2026-07-29 19:58:22,103 ERROR yfinance: $NEPT: possibly delisted; no timezone found
2026-07-29 19:58:23,295 ERROR yfinance: NESRW: Period 'max' is invalid, must be one of: 1d, 5d
2026-07-29 19:58:23,622 ERROR yfinance: $NETC.WS: possibly delisted; no timezone found
2026-07-29 19:58:24,006 ERROR yfinance: $NETDW: possibly delisted; no timezone found
2026-07-29 19:58:24,382 ERROR yfinance: $NETE: possibly delisted; no timezone found
2026-07-29 19:58:24,742 ERROR yfinance: $NEUE: possibly delisted; no timezone found
2026-07-29 19:58:25,115 ERROR yfinance: $NEW: possibly delisted; no timezone found
2026-07-29 19:58:25,480 ERROR yfinance: $NEWR: possibly delisted; no timezone found
2026-07-29 19:58:28,723 ERROR yfinance: $NFNT.WS: possibly delisted; no timezone found
2026-07-29 19:58:29,194 ERROR yfinance: $NFTG: possibly delisted; no timezone found
2026-07-29 19:58:29,590 ERROR yfinance: $NFYS.WS: possibly delisted; no timezone found
2026-07-29 19:58:30,253 ERROR yfinance: $NGA.WS: possibly delisted; no timezone found
2026-07-29 19:58:30,576 ERROR yfinance: $NGAB.WS: possibly delisted; no timezone found
2026-07-29 19:58:30,915 ERROR yfinance: $NGACU: possibly delisted; no timezone found
2026-07-29 19:58:31,307 ERROR yfinance: $NGACW: possibly delisted; no timezone found
2026-07-29 19:58:31,690 ERROR yfinance: $NGC.WS: possibly delisted; no timezone found
2026-07-29 19:58:32,056 ERROR yfinance: $NGCAW: possibly delisted; no timezone found
2026-07-29 19:58:32,368 ERROR yfinance: $NGD: possibly delisted; no timezone found
2026-07-29 19:58:32,773 ERROR yfinance: $NGM: possibly delisted; no timezone found
2026-07-29 19:58:33,157 ERROR yfinance: $NGMS: possibly delisted; no timezone found
2026-07-29 19:58:33,995 ERROR yfinance: $NH: possibly delisted; no timezone found
2026-07-29 19:58:34,804 ERROR yfinance: $NHLD: possibly delisted; no timezone found
2026-07-29 19:58:35,109 ERROR yfinance: $NHLDW: possibly delisted; no timezone found
2026-07-29 19:58:35,545 ERROR yfinance: $NHSR: possibly delisted; no timezone found
2026-07-29 19:58:35,911 ERROR yfinance: $NHSRW: possibly delisted; no timezone found
2026-07-29 19:58:36,269 ERROR yfinance: $NHWK: possibly delisted; no timezone found
2026-07-29 19:58:36,800 ERROR yfinance: $NILE: possibly delisted; no timezone found
2026-07-29 19:58:38,070 ERROR yfinance: $NIR: possibly delisted; no timezone found
2026-07-29 19:58:38,389 ERROR yfinance: $NIRWW: possibly delisted; no timezone found
2026-07-29 19:58:38,666 ERROR yfinance: $NISN: possibly delisted; no timezone found
2026-07-29 19:58:38,975 ERROR yfinance: $NITO: possibly delisted; no timezone found
2026-07-29 19:58:39,809 ERROR yfinance: NIXXW: Period 'max' is invalid, must be one of: 1d, 5d
2026-07-29 19:58:40,180 ERROR yfinance: $NK: possibly delisted; no timezone found
2026-07-29 19:58:40,852 ERROR yfinance: NKGNW: Period 'max' is invalid, must be one of: 1d, 5d
2026-07-29 19:58:41,189 ERROR yfinance: $NKLA: possibly delisted; no timezone found
2026-07-29 19:58:42,312 ERROR yfinance: $NLITW: possibly delisted; no timezone found
2026-07-29 19:58:42,687 ERROR yfinance: $NLSP: possibly delisted; no timezone found
2026-07-29 19:58:43,298 ERROR yfinance: $NLTX: possibly delisted; no timezone found
2026-07-29 19:58:44,278 ERROR yfinance: $NM: possibly delisted; no timezone found
2026-07-29 19:58:45,276 ERROR yfinance: NMHIW: Period 'max' is invalid, must be one of: 1d, 5d
2026-07-29 19:58:45,664 ERROR yfinance: $NMMCW: possibly delisted; no timezone found
2026-07-29 19:58:46,949 ERROR yfinance: $NMTR: possibly delisted; no timezone found
2026-07-29 19:58:47,298 ERROR yfinance: $NMPG: possibly delisted; no timezone found
2026-07-29 19:58:47,709 ERROR yfinance: $NMPH: possibly delisted; no timezone found
2026-07-29 19:58:48,352 ERROR yfinance: $NNA: possibly delisted; no timezone found
2026-07-29 19:58:48,701 ERROR yfinance: $NNAGR: possibly delisted; no timezone found
2026-07-29 19:58:49,078 ERROR yfinance: $NNAGW: possibly delisted; no timezone found
2026-07-29 19:58:51,396 ERROR yfinance: $NOACW: possibly delisted; no timezone found
2026-07-29 19:58:51,598 ERROR yfinance: NOEMR: Period 'max' is invalid, must be one of: 1d, 5d
2026-07-29 19:58:52,226 ERROR yfinance: $NOGN: possibly delisted; no timezone found
2026-07-29 19:58:52,549 ERROR yfinance: $NOGNW: possibly delisted; no timezone found
2026-07-29 19:58:54,611 ERROR yfinance: $NOTE.WS: possibly delisted; no timezone found
2026-07-29 19:58:55,169 ERROR yfinance: $NOVA: possibly delisted; no timezone found
2026-07-29 19:58:55,451 ERROR yfinance: $NOVN: possibly delisted; no timezone found
2026-07-29 19:58:55,795 ERROR yfinance: $NOVV: possibly delisted; no timezone found
2026-07-29 19:58:56,188 ERROR yfinance: $NOVVR: possibly delisted; no timezone found
2026-07-29 19:58:56,496 ERROR yfinance: $NOVVU: possibly delisted; no timezone found
2026-07-29 19:58:56,825 ERROR yfinance: $NOVVW: possibly delisted; no timezone found
2026-07-29 19:58:57,128 ERROR yfinance: $NPABW: possibly delisted; no timezone found
2026-07-29 19:58:57,526 ERROR yfinance: $NPAWW: possibly delisted; no timezone found
2026-07-29 19:58:58,182 ERROR yfinance: $NPTN: possibly delisted; no timezone found
2026-07-29 19:58:58,837 ERROR yfinance: $NPWR.WS: possibly delisted; no timezone found
2026-07-29 19:58:59,273 ERROR yfinance: $NRACW: possibly delisted; no timezone found
2026-07-29 19:58:59,768 ERROR yfinance: $NRBO: possibly delisted; no timezone found
2026-07-29 19:59:00,670 ERROR yfinance: $NRDY.WS: possibly delisted; no timezone found
2026-07-29 19:59:02,178 ERROR yfinance: $NRGV.WS: possibly delisted; no timezone found
2026-07-29 19:59:03,529 ERROR yfinance: $NROR: possibly delisted; no timezone found
2026-07-29 19:59:06,181 ERROR yfinance: $NSCO: possibly delisted; no timezone found
2026-07-29 19:59:06,680 ERROR yfinance: $NSCO.WS: possibly delisted; no timezone found
2026-07-29 19:59:07,090 ERROR yfinance: $NSEC: possibly delisted; no timezone found
2026-07-29 19:59:07,520 ERROR yfinance: $NSH.WS: possibly delisted; no timezone found
2026-07-29 19:59:08,225 ERROR yfinance: $NSPR.WS: possibly delisted; no timezone found
2026-07-29 19:59:08,595 ERROR yfinance: $NSPR.WS.B: possibly delisted; no timezone found
2026-07-29 19:59:08,890 ERROR yfinance: $NSPRW: possibly delisted; no timezone found
2026-07-29 19:59:09,247 ERROR yfinance: $NSPRZ: possibly delisted; no timezone found
2026-07-29 19:59:10,049 ERROR yfinance: $NSTB.WS: possibly delisted; no timezone found
2026-07-29 19:59:10,362 ERROR yfinance: $NSTC.WS: possibly delisted; no timezone found
2026-07-29 19:59:10,661 ERROR yfinance: $NSTD.WS: possibly delisted; no timezone found
2026-07-29 19:59:10,997 ERROR yfinance: $NSTG: possibly delisted; no timezone found
2026-07-29 19:59:11,302 ERROR yfinance: $NTBL: possibly delisted; no timezone found
2026-07-29 19:59:11,898 ERROR yfinance: $NTEC: possibly delisted; no timezone found
2026-07-29 19:59:13,005 ERROR yfinance: $NTN: possibly delisted; no timezone found
2026-07-29 19:59:13,334 ERROR yfinance: $NTP: possibly delisted; no timezone found
2026-07-29 19:59:16,695 ERROR yfinance: $NUBI: possibly delisted; no timezone found
2026-07-29 19:59:17,053 ERROR yfinance: $NUBIU: possibly delisted; no timezone found
2026-07-29 19:59:17,386 ERROR yfinance: $NUBIW: possibly delisted; no timezone found
2026-07-29 19:59:17,787 ERROR yfinance: $NUKK: possibly delisted; no timezone found
2026-07-29 19:59:18,074 ERROR yfinance: $NUKKW: possibly delisted; no timezone found
2026-07-29 19:59:18,474 ERROR yfinance: $NURO: possibly delisted; no timezone found
2026-07-29 19:59:19,469 ERROR yfinance: $NUVB.WS: possibly delisted; no timezone found
2026-07-29 19:59:20,074 ERROR yfinance: $NUVO: possibly delisted; no timezone found
2026-07-29 19:59:20,377 ERROR yfinance: $NUVOW: possibly delisted; no timezone found
2026-07-29 19:59:21,023 ERROR yfinance: $NUZE: possibly delisted; no timezone found
2026-07-29 19:59:21,691 ERROR yfinance: $NVACR: possibly delisted; no timezone found
2026-07-29 19:59:21,908 ERROR yfinance: NVACW: Period 'max' is invalid, must be one of: 1d, 5d
2026-07-29 19:59:23,082 ERROR yfinance: $NVCN: possibly delisted; no timezone found
2026-07-29 19:59:27,683 ERROR yfinance: $NVEE: possibly delisted; no timezone found
2026-07-29 19:59:27,973 ERROR yfinance: $NVEI: possibly delisted; no timezone found
2026-07-29 19:59:28,282 ERROR yfinance: $NVFY: possibly delisted; no timezone found
2026-07-29 19:59:28,575 ERROR yfinance: $NVIV: possibly delisted; no timezone found
2026-07-29 19:59:29,628 ERROR yfinance: $NVNOW: possibly delisted; no timezone found
2026-07-29 19:59:31,527 ERROR yfinance: $NVRO: possibly delisted; no timezone found
2026-07-29 19:59:31,948 ERROR yfinance: $NVSAW: possibly delisted; no timezone found
2026-07-29 19:59:32,211 ERROR yfinance: $NVTA: possibly delisted; no timezone found
2026-07-29 19:59:32,848 ERROR yfinance: $NVUS: possibly delisted; no timezone found
2026-07-29 19:59:34,366 ERROR yfinance: $NWHM: possibly delisted; no timezone found
2026-07-29 19:59:35,446 ERROR yfinance: $NWLI: possibly delisted; no timezone found
2026-07-29 19:59:36,086 ERROR yfinance: $NWTN: possibly delisted; no timezone found
2026-07-29 19:59:36,380 ERROR yfinance: $NWTNW: possibly delisted; no timezone found
2026-07-29 19:59:37,031 ERROR yfinance: $NXGR: possibly delisted; no timezone found
2026-07-29 19:59:37,451 ERROR yfinance: NXLIW: Period 'max' is invalid, must be one of: 1d, 5d
2026-07-29 19:59:38,749 ERROR yfinance: $NXTD: possibly delisted; no timezone found
2026-07-29 19:59:39,764 ERROR yfinance: $NXU: possibly delisted; no timezone found
2026-07-29 19:59:40,424 ERROR yfinance: $NYCB: possibly delisted; no timezone found
2026-07-29 19:59:40,775 ERROR yfinance: $NYMT: possibly delisted; no timezone found
2026-07-29 19:59:41,108 ERROR yfinance: $NYMX: possibly delisted; no timezone found
2026-07-29 19:59:41,950 ERROR yfinance: $OACB.WS: possibly delisted; no timezone found
2026-07-29 19:59:42,876 ERROR yfinance: $OAS: possibly delisted; no timezone found
2026-07-29 19:59:43,183 ERROR yfinance: $OBCI: possibly delisted; no timezone found
2026-07-29 19:59:43,763 ERROR yfinance: $OBLG: possibly delisted; no timezone found
2026-07-29 19:59:44,138 ERROR yfinance: $OBLN: possibly delisted; no timezone found
2026-07-29 19:59:44,453 ERROR yfinance: $OBSV: possibly delisted; no timezone found
2026-07-29 19:59:45,339 ERROR yfinance: $OCA.WS: possibly delisted; no timezone found
2026-07-29 19:59:45,701 ERROR yfinance: $OCAXW: possibly delisted; no timezone found
2026-07-29 19:59:46,756 ERROR yfinance: OCEAW: Period 'max' is invalid, must be one of: 1d, 5d
2026-07-29 19:59:47,047 ERROR yfinance: $OCFT: possibly delisted; no timezone found
2026-07-29 19:59:48,913 ERROR yfinance: $OCTO: possibly delisted; no price data found  (1d 1927-08-23 -> 2026-07-29)
2026-07-29 19:59:49,618 ERROR yfinance: $OCUP: possibly delisted; no timezone found
2026-07-29 19:59:49,930 ERROR yfinance: $OCX: possibly delisted; no timezone found
2026-07-29 19:59:51,553 ERROR yfinance: $ODP: possibly delisted; no timezone found
2026-07-29 19:59:51,848 ERROR yfinance: $ODT: possibly delisted; no timezone found
2026-07-29 19:59:52,233 ERROR yfinance: $ODVWW: possibly delisted; no timezone found
2026-07-29 19:59:52,710 ERROR yfinance: $OEG: possibly delisted; no timezone found
2026-07-29 19:59:53,010 ERROR yfinance: $OEPWW: possibly delisted; no timezone found
2026-07-29 19:59:54,324 ERROR yfinance: $OG: possibly delisted; no timezone found
2026-07-29 19:59:55,909 ERROR yfinance: $OHAAW: possibly delisted; no timezone found
2026-07-29 19:59:56,275 ERROR yfinance: $OHPAW: possibly delisted; no timezone found
2026-07-29 19:59:56,647 ERROR yfinance: $OIG: possibly delisted; no timezone found
2026-07-29 19:59:59,789 ERROR yfinance: $OLITW: possibly delisted; no timezone found
2026-07-29 20:00:00,224 ERROR yfinance: $OLK: possibly delisted; no timezone found
2026-07-29 20:00:00,890 ERROR yfinance: $OLO: possibly delisted; no timezone found
2026-07-29 20:00:03,741 ERROR yfinance: $OMGA: possibly delisted; no timezone found
2026-07-29 20:00:04,289 ERROR yfinance: $OMI: possibly delisted; no timezone found
2026-07-29 20:00:04,558 ERROR yfinance: $OMIC: possibly delisted; no timezone found
2026-07-29 20:00:05,658 ERROR yfinance: $ONCR: possibly delisted; no timezone found
2026-07-29 20:00:05,970 ERROR yfinance: $ONCS: possibly delisted; no timezone found
2026-07-29 20:00:06,304 ERROR yfinance: $ONCT: possibly delisted; no timezone found
2026-07-29 20:00:07,292 ERROR yfinance: $ONE: possibly delisted; no timezone found
2026-07-29 20:00:07,918 ERROR yfinance: $ONEM: possibly delisted; no timezone found
2026-07-29 20:00:10,084 ERROR yfinance: $ONLW: possibly delisted; no timezone found
2026-07-29 20:00:11,014 ERROR yfinance: $ONTF: possibly delisted; no timezone found
2026-07-29 20:00:12,017 ERROR yfinance: $ONTXW: possibly delisted; no timezone found
2026-07-29 20:00:12,334 ERROR yfinance: $ONVO: possibly delisted; no timezone found
2026-07-29 20:00:12,622 ERROR yfinance: $ONYXW: possibly delisted; no timezone found
2026-07-29 20:00:12,988 ERROR yfinance: $OP: possibly delisted; no timezone found
2026-07-29 20:00:13,339 ERROR yfinance: $OPA.WS: possibly delisted; no timezone found
2026-07-29 20:00:14,153 ERROR yfinance: $OPAD.WS: possibly delisted; no timezone found
2026-07-29 20:00:14,766 ERROR yfinance: $OPALW: possibly delisted; no timezone found
2026-07-29 20:00:15,977 ERROR yfinance: $OPFI.WS: possibly delisted; no timezone found
2026-07-29 20:00:16,257 ERROR yfinance: $OPGN: possibly delisted; no timezone found
2026-07-29 20:00:16,810 ERROR yfinance: $OPINL: possibly delisted; no timezone found
2026-07-29 20:00:17,680 ERROR yfinance: $OPNT: possibly delisted; no timezone found
2026-07-29 20:00:18,041 ERROR yfinance: $OPPR: possibly delisted; no timezone found
2026-07-29 20:00:18,443 ERROR yfinance: $OPPRW: possibly delisted; no timezone found
2026-07-29 20:00:19,957 ERROR yfinance: $OPT: possibly delisted; no timezone found
2026-07-29 20:00:20,283 ERROR yfinance: $OPTN: possibly delisted; no timezone found
2026-07-29 20:00:21,623 ERROR yfinance: $ORBC: possibly delisted; no timezone found
2026-07-29 20:00:24,846 ERROR yfinance: $ORIAW: possibly delisted; no timezone found
2026-07-29 20:00:25,952 INFO corporate_actions: [4600/6873] 2.8 sym/s — 1089 splits, 13541 dividends so far
2026-07-29 20:00:27,732 ERROR yfinance: $ORPH: possibly delisted; no timezone found
2026-07-29 20:00:28,036 ERROR yfinance: $ORSNR: possibly delisted; no timezone found
2026-07-29 20:00:28,398 ERROR yfinance: $ORSNW: possibly delisted; no timezone found
2026-07-29 20:00:28,799 ERROR yfinance: $ORTX: possibly delisted; no timezone found
2026-07-29 20:00:29,131 ERROR yfinance: $OSA: possibly delisted; no timezone found
2026-07-29 20:00:29,458 ERROR yfinance: $OSAAW: possibly delisted; no timezone found
2026-07-29 20:00:29,890 ERROR yfinance: $OSAT: possibly delisted; no timezone found
2026-07-29 20:00:30,231 ERROR yfinance: $OSATW: possibly delisted; no timezone found
2026-07-29 20:00:31,286 ERROR yfinance: $OSI.WS: possibly delisted; no timezone found
2026-07-29 20:00:31,657 ERROR yfinance: $OSMT: possibly delisted; no timezone found
2026-07-29 20:00:33,283 ERROR yfinance: $OSTRW: possibly delisted; no timezone found
2026-07-29 20:00:34,237 ERROR yfinance: $OTECW: possibly delisted; no timezone found
2026-07-29 20:00:34,615 ERROR yfinance: $OTIC: possibly delisted; no timezone found
2026-07-29 20:00:35,338 ERROR yfinance: $OTLKW: possibly delisted; no timezone found
2026-07-29 20:00:36,100 ERROR yfinance: $OTMO: possibly delisted; no timezone found
2026-07-29 20:00:36,561 ERROR yfinance: $OTMOW: possibly delisted; no timezone found
2026-07-29 20:00:36,897 ERROR yfinance: $OTRA: possibly delisted; no timezone found
2026-07-29 20:00:37,239 ERROR yfinance: $OTRAW: possibly delisted; no timezone found
2026-07-29 20:00:37,515 ERROR yfinance: $OTRK: possibly delisted; no price data found  (1d 1927-08-23 -> 2026-07-29)
2026-07-29 20:00:37,879 ERROR yfinance: $OTRKP: possibly delisted; no timezone found
2026-07-29 20:00:38,556 ERROR yfinance: $OUST.WS: possibly delisted; no timezone found
2026-07-29 20:00:38,893 ERROR yfinance: $OUST.WS.A: possibly delisted; no timezone found
2026-07-29 20:00:39,185 ERROR yfinance: OUSTW: Period 'max' is invalid, must be one of: 1d, 5d
2026-07-29 20:00:40,268 ERROR yfinance: $OWL.WS: possibly delisted; no timezone found
2026-07-29 20:00:40,837 ERROR yfinance: $OWLT.WS: possibly delisted; no timezone found
2026-07-29 20:00:41,141 ERROR yfinance: $OXACW: possibly delisted; no timezone found
2026-07-29 20:00:42,720 ERROR yfinance: $OXSQR: possibly delisted; no timezone found
2026-07-29 20:00:43,083 ERROR yfinance: $OXUS: possibly delisted; no timezone found
2026-07-29 20:00:43,409 ERROR yfinance: $OXUSW: possibly delisted; no timezone found
2026-07-29 20:00:43,755 ERROR yfinance: $OXY.WS: possibly delisted; no timezone found
2026-07-29 20:00:44,112 ERROR yfinance: $OYST: possibly delisted; no timezone found
2026-07-29 20:00:44,917 ERROR yfinance: $PACE.WS: possibly delisted; no timezone found
2026-07-29 20:00:45,261 ERROR yfinance: $PACI: possibly delisted; no timezone found
2026-07-29 20:00:45,590 ERROR yfinance: $PACI.U: possibly delisted; no timezone found
2026-07-29 20:00:45,952 ERROR yfinance: $PACI.WS: possibly delisted; no timezone found
2026-07-29 20:00:46,952 ERROR yfinance: $PACW: possibly delisted; no timezone found
2026-07-29 20:00:47,366 ERROR yfinance: $PACWP: possibly delisted; no timezone found
2026-07-29 20:00:47,681 ERROR yfinance: $PACXW: possibly delisted; no timezone found
2026-07-29 20:00:47,996 ERROR yfinance: $PAE: possibly delisted; no timezone found
2026-07-29 20:00:48,341 ERROR yfinance: $PAEWW: possibly delisted; no timezone found
2026-07-29 20:00:48,707 ERROR yfinance: $PAFO: possibly delisted; no timezone found
2026-07-29 20:00:49,052 ERROR yfinance: $PAFOR: possibly delisted; no timezone found
2026-07-29 20:00:49,386 ERROR yfinance: $PAFOU: possibly delisted; no timezone found
2026-07-29 20:00:49,669 ERROR yfinance: $PAICW: possibly delisted; no timezone found
2026-07-29 20:00:50,670 ERROR yfinance: $PALT: possibly delisted; no timezone found
2026-07-29 20:00:51,061 ERROR yfinance: $PAND: possibly delisted; no timezone found
2026-07-29 20:00:52,167 ERROR yfinance: $PAQCW: possibly delisted; no timezone found
2026-07-29 20:00:52,498 ERROR yfinance: $PARA: possibly delisted; no timezone found
2026-07-29 20:00:52,868 ERROR yfinance: $PARAA: possibly delisted; no timezone found
2026-07-29 20:00:53,862 ERROR yfinance: $PATI: possibly delisted; no timezone found
2026-07-29 20:00:55,342 ERROR yfinance: $PAVMW: possibly delisted; no timezone found
2026-07-29 20:00:55,654 ERROR yfinance: PAVMZ: Period 'max' is invalid, must be one of: 1d, 5d
2026-07-29 20:00:57,045 ERROR yfinance: $PAYOW: possibly delisted; no timezone found
2026-07-29 20:00:57,775 ERROR yfinance: $PBAX: possibly delisted; no timezone found
2026-07-29 20:00:58,093 ERROR yfinance: $PBAXW: possibly delisted; no timezone found
2026-07-29 20:01:00,564 ERROR yfinance: $PBTS: possibly delisted; no timezone found
2026-07-29 20:01:02,687 ERROR yfinance: $PCCT: possibly delisted; no timezone found
2026-07-29 20:01:03,005 ERROR yfinance: $PCCTW: possibly delisted; no timezone found
2026-07-29 20:01:03,847 ERROR yfinance: $PCOM: possibly delisted; no timezone found
2026-07-29 20:01:04,181 ERROR yfinance: $PCPC.WS: possibly delisted; no timezone found
2026-07-29 20:01:05,530 ERROR yfinance: $PCTI: possibly delisted; no timezone found
2026-07-29 20:01:06,883 ERROR yfinance: $PCXCW: possibly delisted; no timezone found
2026-07-29 20:01:07,207 ERROR yfinance: $PDAC.WS: possibly delisted; no timezone found
2026-07-29 20:01:08,015 ERROR yfinance: $PDCO: possibly delisted; no timezone found
2026-07-29 20:01:09,575 ERROR yfinance: $PDOT.WS: possibly delisted; no timezone found
2026-07-29 20:01:11,453 ERROR yfinance: $PEAR: possibly delisted; no timezone found
2026-07-29 20:01:11,813 ERROR yfinance: $PEARW: possibly delisted; no timezone found
2026-07-29 20:01:12,184 ERROR yfinance: $PECK: possibly delisted; no timezone found
2026-07-29 20:01:13,769 ERROR yfinance: $PEGRU: possibly delisted; no timezone found
2026-07-29 20:01:14,161 ERROR yfinance: $PEGRW: possibly delisted; no timezone found
2026-07-29 20:01:14,450 ERROR yfinance: $PEGY: possibly delisted; no timezone found
2026-07-29 20:01:14,782 ERROR yfinance: $PEI: possibly delisted; no timezone found
2026-07-29 20:01:15,106 ERROR yfinance: $PEIPC: possibly delisted; no timezone found
2026-07-29 20:01:15,490 ERROR yfinance: $PEIPD: possibly delisted; no timezone found
2026-07-29 20:01:16,067 ERROR yfinance: PEPLW: Period 'max' is invalid, must be one of: 1d, 5d
2026-07-29 20:01:16,656 ERROR yfinance: $PERF.WS: possibly delisted; no timezone found
2026-07-29 20:01:17,519 ERROR yfinance: $PET: possibly delisted; no timezone found
2026-07-29 20:01:17,798 ERROR yfinance: $PETQ: possibly delisted; no timezone found
2026-07-29 20:01:18,913 ERROR yfinance: PETVW: Period 'max' is invalid, must be one of: 1d, 5d
2026-07-29 20:01:19,264 ERROR yfinance: $PETWW: possibly delisted; no timezone found
2026-07-29 20:01:19,950 ERROR yfinance: $PEV: possibly delisted; no timezone found
2026-07-29 20:01:20,728 ERROR yfinance: $PFDRW: possibly delisted; no timezone found
2026-07-29 20:01:21,010 ERROR yfinance: $PFIE: possibly delisted; no timezone found
2026-07-29 20:01:21,372 ERROR yfinance: $PFIN: possibly delisted; no timezone found
2026-07-29 20:01:22,306 ERROR yfinance: $PFSW: possibly delisted; no timezone found
2026-07-29 20:01:22,668 ERROR yfinance: $PFTAW: possibly delisted; no timezone found
2026-07-29 20:01:22,968 ERROR yfinance: PGACR: Period 'max' is invalid, must be one of: 1d, 5d
2026-07-29 20:01:23,661 ERROR yfinance: $PGHL: possibly delisted; no timezone found
2026-07-29 20:01:24,794 ERROR yfinance: $PGRU: possibly delisted; no timezone found
2026-07-29 20:01:25,216 ERROR yfinance: $PGRWW: possibly delisted; no timezone found
2026-07-29 20:01:25,550 ERROR yfinance: $PGSS: possibly delisted; no timezone found
2026-07-29 20:01:25,903 ERROR yfinance: $PGSS.U: possibly delisted; no timezone found
2026-07-29 20:01:26,256 ERROR yfinance: $PGSS.WS: possibly delisted; no timezone found
2026-07-29 20:01:27,230 ERROR yfinance: $PHAS: possibly delisted; no timezone found
2026-07-29 20:01:28,124 ERROR yfinance: $PHCF: possibly delisted; no timezone found
2026-07-29 20:01:28,888 ERROR yfinance: $PHGE.U: possibly delisted; no timezone found
2026-07-29 20:01:29,185 ERROR yfinance: $PHGE.WS: possibly delisted; no timezone found
2026-07-29 20:01:29,509 ERROR yfinance: $PHH: possibly delisted; no timezone found
2026-07-29 20:01:29,813 ERROR yfinance: $PHICW: possibly delisted; no timezone found
2026-07-29 20:01:30,483 ERROR yfinance: $PHIOW: possibly delisted; no timezone found
2026-07-29 20:01:30,843 ERROR yfinance: $PHLT: possibly delisted; no timezone found
2026-07-29 20:01:31,744 ERROR yfinance: PHUNW: Period 'max' is invalid, must be one of: 1d, 5d
2026-07-29 20:01:32,383 ERROR yfinance: $PHXM: possibly delisted; no timezone found
2026-07-29 20:01:32,646 ERROR yfinance: $PHYT.WS: possibly delisted; no timezone found
2026-07-29 20:01:33,385 ERROR yfinance: $PIAI.WS: possibly delisted; no timezone found
2026-07-29 20:01:33,775 ERROR yfinance: $PICC.WS: possibly delisted; no timezone found
2026-07-29 20:01:34,676 ERROR yfinance: $PIK: possibly delisted; no timezone found
2026-07-29 20:01:35,021 ERROR yfinance: $PING: possibly delisted; no timezone found
2026-07-29 20:01:35,307 ERROR yfinance: $PIPP.WS: possibly delisted; no timezone found
2026-07-29 20:01:35,634 ERROR yfinance: $PIRS: possibly delisted; no timezone found
2026-07-29 20:01:35,964 ERROR yfinance: $PITA: possibly delisted; no timezone found
2026-07-29 20:01:36,249 ERROR yfinance: $PITAW: possibly delisted; no timezone found
2026-07-29 20:01:36,543 ERROR yfinance: $PIXY: possibly delisted; no timezone found
2026-07-29 20:01:37,370 ERROR yfinance: $PKBO: possibly delisted; no timezone found
2026-07-29 20:01:37,783 ERROR yfinance: $PKBOW: possibly delisted; no timezone found
2026-07-29 20:01:38,105 ERROR yfinance: $PKST: possibly delisted; no timezone found
2026-07-29 20:01:38,760 ERROR yfinance: $PL.WS: possibly delisted; no timezone found
2026-07-29 20:01:39,466 ERROR yfinance: $PLAOW: possibly delisted; no timezone found
2026-07-29 20:01:41,259 ERROR yfinance: $PLIN: possibly delisted; no timezone found
2026-07-29 20:01:41,647 ERROR yfinance: $PLL: possibly delisted; no timezone found
2026-07-29 20:01:42,008 ERROR yfinance: $PLM: possibly delisted; no timezone found
2026-07-29 20:01:42,317 ERROR yfinance: $PLMIW: possibly delisted; no timezone found
2026-07-29 20:01:42,828 ERROR yfinance: $PLMJW: possibly delisted; no timezone found
2026-07-29 20:01:43,461 ERROR yfinance: $PLMRW: possibly delisted; no timezone found
2026-07-29 20:01:45,265 ERROR yfinance: $PLTN: possibly delisted; no timezone found
2026-07-29 20:01:45,562 ERROR yfinance: $PLTNR: possibly delisted; no timezone found
2026-07-29 20:01:45,949 ERROR yfinance: $PLTNU: possibly delisted; no timezone found
2026-07-29 20:01:46,245 ERROR yfinance: $PLTNW: possibly delisted; no timezone found
2026-07-29 20:01:49,255 ERROR yfinance: $PLXP: possibly delisted; no timezone found
2026-07-29 20:01:49,705 ERROR yfinance: $PLYM: possibly delisted; no timezone found
2026-07-29 20:01:50,695 ERROR yfinance: $PMD: possibly delisted; no timezone found
2026-07-29 20:01:51,060 ERROR yfinance: $PME: possibly delisted; no timezone found
2026-07-29 20:01:51,764 ERROR yfinance: $PMGM: possibly delisted; no timezone found
2026-07-29 20:01:52,080 ERROR yfinance: $PMGMU: possibly delisted; no timezone found
2026-07-29 20:01:52,424 ERROR yfinance: $PMGMW: possibly delisted; no timezone found
2026-07-29 20:01:54,082 ERROR yfinance: $PMVC.WS: possibly delisted; no timezone found
2026-07-29 20:01:55,031 ERROR yfinance: $PNAC: possibly delisted; no timezone found
2026-07-29 20:01:55,343 ERROR yfinance: $PNACR: possibly delisted; no timezone found
2026-07-29 20:01:55,703 ERROR yfinance: $PNACU: possibly delisted; no timezone found
2026-07-29 20:01:56,099 ERROR yfinance: $PNACW: possibly delisted; no timezone found
2026-07-29 20:01:57,675 ERROR yfinance: $PNST: possibly delisted; no timezone found
2026-07-29 20:01:57,980 ERROR yfinance: $PNST.WS: possibly delisted; no timezone found
2026-07-29 20:01:58,369 ERROR yfinance: $PNT: possibly delisted; no timezone found
2026-07-29 20:01:58,732 ERROR yfinance: $PNTM.WS: possibly delisted; no timezone found
2026-07-29 20:01:59,098 ERROR yfinance: $POAI: possibly delisted; no timezone found
2026-07-29 20:02:00,093 ERROR yfinance: $POL: possibly delisted; no timezone found
2026-07-29 20:02:00,409 ERROR yfinance: $POL.WS: possibly delisted; no timezone found
2026-07-29 20:02:01,694 ERROR yfinance: $POLY: possibly delisted; no timezone found
2026-07-29 20:02:02,048 ERROR yfinance: $POND.WS: possibly delisted; no timezone found
2026-07-29 20:02:02,645 ERROR yfinance: $PONOW: possibly delisted; no timezone found
2026-07-29 20:02:03,692 ERROR yfinance: $PORT.WS: possibly delisted; no timezone found
2026-07-29 20:02:04,052 ERROR yfinance: $POSH: possibly delisted; no timezone found
2026-07-29 20:02:05,764 ERROR yfinance: $POWRW: possibly delisted; no timezone found
2026-07-29 20:02:07,265 ERROR yfinance: $PPGHW: possibly delisted; no timezone found
2026-07-29 20:02:07,826 ERROR yfinance: $PPHPR: possibly delisted; no timezone found
2026-07-29 20:02:08,204 ERROR yfinance: $PPHPW: possibly delisted; no timezone found
2026-07-29 20:02:09,375 ERROR yfinance: PPYAW: Period 'max' is invalid, must be one of: 1d, 5d
2026-07-29 20:02:10,802 ERROR yfinance: $PRBM.WS: possibly delisted; no timezone found
2026-07-29 20:02:11,488 ERROR yfinance: $PRCHW: possibly delisted; no timezone found
2026-07-29 20:02:12,954 ERROR yfinance: $PRFT: possibly delisted; no timezone found
2026-07-29 20:02:15,599 ERROR yfinance: PRLHW: Period 'max' is invalid, must be one of: 1d, 5d
2026-07-29 20:02:15,887 ERROR yfinance: $PRO: possibly delisted; no timezone found
2026-07-29 20:02:16,246 ERROR yfinance: $PROC: possibly delisted; no timezone found
2026-07-29 20:02:16,564 ERROR yfinance: $PROCW: possibly delisted; no timezone found
2026-07-29 20:02:16,910 ERROR yfinance: $PROG: possibly delisted; no timezone found
2026-07-29 20:02:18,126 ERROR yfinance: $PRPB.WS: possibly delisted; no timezone found
2026-07-29 20:02:18,509 ERROR yfinance: $PRPC.WS: possibly delisted; no timezone found
2026-07-29 20:02:19,806 ERROR yfinance: $PRPLW: possibly delisted; no timezone found
2026-07-29 20:02:21,573 ERROR yfinance: $PRSR: possibly delisted; no timezone found
2026-07-29 20:02:21,903 ERROR yfinance: $PRSRU: possibly delisted; no timezone found
2026-07-29 20:02:22,250 ERROR yfinance: $PRSRW: possibly delisted; no timezone found
2026-07-29 20:02:23,267 ERROR yfinance: $PRSTW: possibly delisted; no timezone found
2026-07-29 20:02:24,391 ERROR yfinance: $PRTG: possibly delisted; no timezone found
2026-07-29 20:02:25,320 ERROR yfinance: $PRTK: possibly delisted; no timezone found
2026-07-29 20:02:26,098 ERROR yfinance: $PRTY: possibly delisted; no timezone found
2026-07-29 20:02:26,410 ERROR yfinance: $PRVB: possibly delisted; no timezone found
2026-07-29 20:02:26,672 ERROR yfinance: $PRVL: possibly delisted; no timezone found
2026-07-29 20:02:27,263 ERROR yfinance: $PSACW: possibly delisted; no timezone found
2026-07-29 20:02:27,676 ERROR yfinance: $PSAGW: possibly delisted; no timezone found
2026-07-29 20:02:30,469 ERROR yfinance: $PSFE.WS: possibly delisted; no timezone found
2026-07-29 20:02:35,368 ERROR yfinance: $PSPC.WS: possibly delisted; no timezone found
2026-07-29 20:02:36,872 ERROR yfinance: $PSQH.WS: possibly delisted; no timezone found
2026-07-29 20:02:37,163 ERROR yfinance: $PSTH.WS: possibly delisted; no timezone found
2026-07-29 20:02:37,579 ERROR yfinance: $PSTI: possibly delisted; no timezone found
2026-07-29 20:02:38,441 ERROR yfinance: $PSTX: possibly delisted; no timezone found
2026-07-29 20:02:38,815 ERROR yfinance: $PT: possibly delisted; no timezone found
2026-07-29 20:02:39,635 ERROR yfinance: $PTE: possibly delisted; no timezone found
2026-07-29 20:02:42,683 ERROR yfinance: $PTHL: possibly delisted; no timezone found
2026-07-29 20:02:43,011 ERROR yfinance: $PTHR: possibly delisted; no timezone found
2026-07-29 20:02:43,382 ERROR yfinance: $PTHRW: possibly delisted; no timezone found
2026-07-29 20:02:44,017 ERROR yfinance: $PTICW: possibly delisted; no timezone found
2026-07-29 20:02:45,324 ERROR yfinance: $PTIXW: possibly delisted; no timezone found
2026-07-29 20:02:45,988 ERROR yfinance: $PTMN: possibly delisted; no timezone found
2026-07-29 20:02:47,171 ERROR yfinance: $PTOCW: possibly delisted; no timezone found
2026-07-29 20:02:48,859 ERROR yfinance: $PTRA: possibly delisted; no timezone found
2026-07-29 20:02:49,253 ERROR yfinance: $PTRAW: possibly delisted; no timezone found
2026-07-29 20:02:49,588 ERROR yfinance: $PTSI: possibly delisted; no timezone found
2026-07-29 20:02:49,965 ERROR yfinance: $PTVCA: possibly delisted; no timezone found
2026-07-29 20:02:50,306 ERROR yfinance: $PTVCB: possibly delisted; no timezone found
2026-07-29 20:02:50,652 ERROR yfinance: $PTWOU: possibly delisted; no timezone found
2026-07-29 20:02:50,998 ERROR yfinance: $PTWOW: possibly delisted; no timezone found
2026-07-29 20:02:51,684 ERROR yfinance: PUCKW: Period 'max' is invalid, must be one of: 1d, 5d
2026-07-29 20:02:52,465 ERROR yfinance: $PUYI: possibly delisted; no timezone found
2026-07-29 20:02:52,764 ERROR yfinance: $PV.WS: possibly delisted; no timezone found
2026-07-29 20:02:55,350 ERROR yfinance: $PWM: possibly delisted; no timezone found
2026-07-29 20:02:55,658 ERROR yfinance: $PWPPW: possibly delisted; no timezone found
2026-07-29 20:02:56,027 ERROR yfinance: $PWUPW: possibly delisted; no timezone found
2026-07-29 20:02:56,526 ERROR yfinance: $PWPA: possibly delisted; no timezone found
2026-07-29 20:02:56,958 ERROR yfinance: $PXDT: possibly delisted; no timezone found
2026-07-29 20:02:59,207 INFO corporate_actions: [5000/6873] 2.8 sym/s — 1184 splits, 14992 dividends so far
2026-07-29 20:02:59,524 ERROR yfinance: PXSAW: Period 'max' is invalid, must be one of: 1d, 5d
2026-07-29 20:03:00,454 ERROR yfinance: $PYR: possibly delisted; no timezone found
2026-07-29 20:03:01,145 ERROR yfinance: $PZN: possibly delisted; no timezone found
2026-07-29 20:03:01,482 ERROR yfinance: $QADB: possibly delisted; no timezone found
2026-07-29 20:03:02,157 ERROR yfinance: $QBTS.WS: possibly delisted; no timezone found
2026-07-29 20:03:02,852 ERROR yfinance: $QD: possibly delisted; no timezone found
2026-07-29 20:03:03,618 ERROR yfinance: $QDROW: possibly delisted; no timezone found
2026-07-29 20:03:03,893 ERROR yfinance: $QELLW: possibly delisted; no timezone found
2026-07-29 20:03:04,150 ERROR yfinance: QETAR: Period 'max' is invalid, must be one of: 1d, 5d
2026-07-29 20:03:04,778 ERROR yfinance: $QFTA: possibly delisted; no timezone found
2026-07-29 20:03:05,080 ERROR yfinance: $QFTA.WS: possibly delisted; no timezone found
2026-07-29 20:03:06,403 ERROR yfinance: $QIPT: possibly delisted; no timezone found
2026-07-29 20:03:06,720 ERROR yfinance: $QK: possibly delisted; no timezone found
2026-07-29 20:03:07,549 ERROR yfinance: $QLGN: possibly delisted; no timezone found
2026-07-29 20:03:07,882 ERROR yfinance: $QLI: possibly delisted; no timezone found
2026-07-29 20:03:09,837 ERROR yfinance: $QNGY: possibly delisted; no timezone found
2026-07-29 20:03:10,202 ERROR yfinance: $QNGY.WS: possibly delisted; no timezone found
2026-07-29 20:03:11,629 ERROR yfinance: $QOMOR: possibly delisted; no timezone found
2026-07-29 20:03:11,995 ERROR yfinance: $QOMOW: possibly delisted; no timezone found
2026-07-29 20:03:13,285 ERROR yfinance: $QRTEA: possibly delisted; no timezone found
2026-07-29 20:03:13,606 ERROR yfinance: $QRTEB: possibly delisted; no timezone found
2026-07-29 20:03:14,671 ERROR yfinance: $QS.WS: possibly delisted; no timezone found
2026-07-29 20:03:15,038 ERROR yfinance: $QSG: possibly delisted; no timezone found
2026-07-29 20:03:16,630 ERROR yfinance: $QTEK: possibly delisted; no timezone found
2026-07-29 20:03:16,957 ERROR yfinance: $QTEKW: possibly delisted; no timezone found
2026-07-29 20:03:17,268 ERROR yfinance: $QTNT: possibly delisted; no timezone found
2026-07-29 20:03:17,941 ERROR yfinance: $QTT: possibly delisted; no timezone found
2026-07-29 20:03:20,345 ERROR yfinance: $QUMU: possibly delisted; no timezone found
2026-07-29 20:03:20,704 ERROR yfinance: $QUOT: possibly delisted; no timezone found
2026-07-29 20:03:21,380 ERROR yfinance: $QVCGA: possibly delisted; no timezone found
2026-07-29 20:03:21,710 ERROR yfinance: $QVCGB: possibly delisted; no timezone found
2026-07-29 20:03:21,984 ERROR yfinance: $QVCGP: possibly delisted; no timezone found
2026-07-29 20:03:22,875 ERROR yfinance: $RAACW: possibly delisted; no timezone found
2026-07-29 20:03:23,212 ERROR yfinance: $RAAS: possibly delisted; no timezone found
2026-07-29 20:03:23,503 ERROR yfinance: $RAC.WS: possibly delisted; no timezone found
2026-07-29 20:03:23,915 ERROR yfinance: $RACY: possibly delisted; no timezone found
2026-07-29 20:03:24,217 ERROR yfinance: $RACYU: possibly delisted; no timezone found
2026-07-29 20:03:24,591 ERROR yfinance: $RACYW: possibly delisted; no timezone found
2026-07-29 20:03:24,896 ERROR yfinance: $RAD: possibly delisted; no timezone found
2026-07-29 20:03:26,597 ERROR yfinance: $RAMMW: possibly delisted; no timezone found
2026-07-29 20:03:26,828 ERROR yfinance: RANGR: Period 'max' is invalid, must be one of: 1d, 5d
2026-07-29 20:03:27,935 ERROR yfinance: $RAPT: possibly delisted; no timezone found
2026-07-29 20:03:29,186 ERROR yfinance: $RAVN: possibly delisted; no timezone found
2026-07-29 20:03:30,168 ERROR yfinance: $RBAC.WS: possibly delisted; no timezone found
2026-07-29 20:03:32,023 ERROR yfinance: $RBNEV: possibly delisted; no timezone found
2026-07-29 20:03:32,928 ERROR yfinance: $RBOT.WS: possibly delisted; no timezone found
2026-07-29 20:03:33,387 ERROR yfinance: $RBT: possibly delisted; no timezone found
2026-07-29 20:03:33,777 ERROR yfinance: $RBT.WS: possibly delisted; no timezone found
2026-07-29 20:03:34,560 ERROR yfinance: $RCAC: possibly delisted; no timezone found
2026-07-29 20:03:34,982 ERROR yfinance: $RCACU: possibly delisted; no timezone found
2026-07-29 20:03:35,298 ERROR yfinance: $RCACW: possibly delisted; no timezone found
2026-07-29 20:03:36,690 ERROR yfinance: $RCFA.WS: possibly delisted; no timezone found
2026-07-29 20:03:37,074 ERROR yfinance: $RCHGW: possibly delisted; no timezone found
2026-07-29 20:03:38,883 ERROR yfinance: $RCLF: possibly delisted; no timezone found
2026-07-29 20:03:39,311 ERROR yfinance: $RCLFU: possibly delisted; no timezone found
2026-07-29 20:03:39,697 ERROR yfinance: $RCLFW: possibly delisted; no timezone found
2026-07-29 20:03:40,042 ERROR yfinance: $RCM: possibly delisted; no timezone found
2026-07-29 20:03:41,508 ERROR yfinance: $RCOR.WS: possibly delisted; no timezone found
2026-07-29 20:03:41,819 ERROR yfinance: $RCRT: possibly delisted; no timezone found
2026-07-29 20:03:42,179 ERROR yfinance: $RCRTW: possibly delisted; no timezone found
2026-07-29 20:03:43,219 ERROR yfinance: RDACR: Period 'max' is invalid, must be one of: 1d, 5d
2026-07-29 20:03:43,909 ERROR yfinance: $RDBX: possibly delisted; no timezone found
2026-07-29 20:03:44,267 ERROR yfinance: $RDBXW: possibly delisted; no timezone found
2026-07-29 20:03:44,811 ERROR yfinance: $RDFN: possibly delisted; no timezone found
2026-07-29 20:03:46,762 ERROR yfinance: $RDUS: possibly delisted; no timezone found
2026-07-29 20:03:47,509 ERROR yfinance: $RDW.WS: possibly delisted; no timezone found
2026-07-29 20:03:49,824 ERROR yfinance: $REDU: possibly delisted; no timezone found
2026-07-29 20:03:50,331 ERROR yfinance: $REEAW: possibly delisted; no timezone found
2026-07-29 20:03:51,934 ERROR yfinance: $REGI: possibly delisted; no timezone found
2026-07-29 20:03:53,450 ERROR yfinance: $RELI: possibly delisted; no timezone found
2026-07-29 20:03:53,780 ERROR yfinance: $RELIW: possibly delisted; no timezone found
2026-07-29 20:03:54,429 ERROR yfinance: $RENB: possibly delisted; no timezone found
2026-07-29 20:03:54,754 ERROR yfinance: $RENEW: possibly delisted; no timezone found
2026-07-29 20:03:55,042 ERROR yfinance: $RENN: possibly delisted; no timezone found
2026-07-29 20:03:56,123 ERROR yfinance: $REPH: possibly delisted; no timezone found
2026-07-29 20:03:57,710 ERROR yfinance: $RESN: possibly delisted; no timezone found
2026-07-29 20:03:58,077 ERROR yfinance: $RETA: possibly delisted; no timezone found
2026-07-29 20:03:59,370 ERROR yfinance: $REUN: possibly delisted; no timezone found
2026-07-29 20:03:59,720 ERROR yfinance: $REV: possibly delisted; no timezone found
2026-07-29 20:04:00,740 ERROR yfinance: $REVBU: possibly delisted; no timezone found
2026-07-29 20:04:01,285 ERROR yfinance: $REVEW: possibly delisted; no timezone found
2026-07-29 20:04:01,586 ERROR yfinance: $REVG: possibly delisted; no timezone found
2026-07-29 20:04:01,982 ERROR yfinance: $REVHW: possibly delisted; no timezone found
2026-07-29 20:04:04,021 ERROR yfinance: $RFAC: possibly delisted; no timezone found
2026-07-29 20:04:04,526 ERROR yfinance: $RFACR: possibly delisted; no timezone found
2026-07-29 20:04:04,916 ERROR yfinance: $RFACU: possibly delisted; no timezone found
2026-07-29 20:04:05,276 ERROR yfinance: $RFACW: possibly delisted; no timezone found
2026-07-29 20:04:05,682 ERROR yfinance: RFAIR: Period 'max' is invalid, must be one of: 1d, 5d
2026-07-29 20:04:07,022 ERROR yfinance: $RFL.WS: possibly delisted; no timezone found
2026-07-29 20:04:07,368 ERROR yfinance: $RFP: possibly delisted; no timezone found
2026-07-29 20:04:07,934 ERROR yfinance: $RGF: possibly delisted; no timezone found
2026-07-29 20:04:08,261 ERROR yfinance: $RGLS: possibly delisted; no timezone found
2026-07-29 20:04:11,298 ERROR yfinance: $RHE: possibly delisted; no timezone found
2026-07-29 20:04:12,320 ERROR yfinance: $RHLDV: possibly delisted; no timezone found
2026-07-29 20:04:13,232 ERROR yfinance: RIBBR: Period 'max' is invalid, must be one of: 1d, 5d
2026-07-29 20:04:13,979 ERROR yfinance: $RICE: possibly delisted; no timezone found
2026-07-29 20:04:14,392 ERROR yfinance: $RICE.U: possibly delisted; no timezone found
2026-07-29 20:04:14,922 ERROR yfinance: $RICE.WS: possibly delisted; no timezone found
2026-07-29 20:04:15,409 ERROR yfinance: $RICO: possibly delisted; no timezone found
2026-07-29 20:04:15,809 ERROR yfinance: $RICOW: possibly delisted; no timezone found
2026-07-29 20:04:16,149 ERROR yfinance: $RIDE: possibly delisted; no timezone found
2026-07-29 20:04:16,468 ERROR yfinance: $RIDEW: possibly delisted; no timezone found
2026-07-29 20:04:18,668 ERROR yfinance: $RILYK: possibly delisted; no timezone found
2026-07-29 20:04:22,733 ERROR yfinance: $RIVR: possibly delisted; no price data found  (1d 1927-08-23 -> 2026-07-29)
2026-07-29 20:04:23,051 ERROR yfinance: $RIVRW: possibly delisted; no timezone found
2026-07-29 20:04:23,383 ERROR yfinance: $RJAC.WS: possibly delisted; no timezone found
2026-07-29 20:04:25,428 ERROR yfinance: $RKLBW: possibly delisted; no timezone found
2026-07-29 20:04:26,183 ERROR yfinance: $RKLY: possibly delisted; no timezone found
2026-07-29 20:04:26,476 ERROR yfinance: $RKLY.WS: possibly delisted; no timezone found
2026-07-29 20:04:27,491 ERROR yfinance: $RKTA.WS: possibly delisted; no timezone found
2026-07-29 20:04:31,464 ERROR yfinance: $RMBL: possibly delisted; no timezone found
2026-07-29 20:04:32,495 ERROR yfinance: $RMED: possibly delisted; no timezone found
2026-07-29 20:04:32,860 ERROR yfinance: $RMG.WS: possibly delisted; no timezone found
2026-07-29 20:04:33,264 ERROR yfinance: $RMGCW: possibly delisted; no timezone found
2026-07-29 20:04:34,309 ERROR yfinance: $RMO: possibly delisted; no timezone found
2026-07-29 20:04:34,643 ERROR yfinance: $RMO.WS: possibly delisted; no timezone found
2026-07-29 20:04:37,726 ERROR yfinance: $RNER: possibly delisted; no timezone found
2026-07-29 20:04:38,056 ERROR yfinance: $RNERU: possibly delisted; no timezone found
2026-07-29 20:04:38,434 ERROR yfinance: $RNERW: possibly delisted; no timezone found
2026-07-29 20:04:38,813 ERROR yfinance: $RNLX: possibly delisted; no timezone found
2026-07-29 20:04:39,629 ERROR yfinance: $RNWK: possibly delisted; no timezone found
2026-07-29 20:04:41,418 ERROR yfinance: $ROCAR: possibly delisted; no timezone found
2026-07-29 20:04:41,754 ERROR yfinance: $ROCC: possibly delisted; no timezone found
2026-07-29 20:04:42,091 ERROR yfinance: $ROCGW: possibly delisted; no timezone found
2026-07-29 20:04:42,419 ERROR yfinance: $ROCHW: possibly delisted; no timezone found
2026-07-29 20:04:42,829 ERROR yfinance: $ROCLW: possibly delisted; no timezone found
2026-07-29 20:04:43,177 ERROR yfinance: $ROCRW: possibly delisted; no timezone found
2026-07-29 20:04:44,617 ERROR yfinance: $ROI: possibly delisted; no timezone found
2026-07-29 20:04:45,255 ERROR yfinance: $ROIVW: possibly delisted; no timezone found
2026-07-29 20:04:47,629 ERROR yfinance: $RONI.WS: possibly delisted; no timezone found
2026-07-29 20:04:48,341 ERROR yfinance: $ROSEW: possibly delisted; no timezone found
2026-07-29 20:04:48,691 ERROR yfinance: $ROSS.WS: possibly delisted; no timezone found
2026-07-29 20:04:49,162 ERROR yfinance: $ROT.WS: possibly delisted; no timezone found
2026-07-29 20:04:49,633 ERROR yfinance: $ROVRW: possibly delisted; no timezone found
2026-07-29 20:04:50,984 ERROR yfinance: $RPHM: possibly delisted; no timezone found
2026-07-29 20:04:51,649 ERROR yfinance: $RPLA.WS: possibly delisted; no timezone found
2026-07-29 20:04:52,418 ERROR yfinance: $RPTX: possibly delisted; no timezone found
2026-07-29 20:04:53,024 ERROR yfinance: $RRAC.WS: possibly delisted; no timezone found
2026-07-29 20:04:53,358 ERROR yfinance: $RRD: possibly delisted; no timezone found
2026-07-29 20:04:54,529 ERROR yfinance: $RSFR: possibly delisted; no timezone found
2026-07-29 20:04:54,887 ERROR yfinance: $RSFRW: possibly delisted; no timezone found
2026-07-29 20:04:55,232 ERROR yfinance: $RSI.WS: possibly delisted; no timezone found
2026-07-29 20:04:55,880 ERROR yfinance: $RSLS: possibly delisted; no timezone found
2026-07-29 20:04:59,824 ERROR yfinance: $RSVAU: possibly delisted; no timezone found
2026-07-29 20:05:00,127 ERROR yfinance: $RSVAW: possibly delisted; no timezone found
2026-07-29 20:05:01,319 ERROR yfinance: RTC: Period 'max' is invalid, must be one of: 1d, 5d
2026-07-29 20:05:01,600 ERROR yfinance: $RTPZ.WS: possibly delisted; no timezone found
2026-07-29 20:05:01,991 ERROR yfinance: $RUBY: possibly delisted; no timezone found
2026-07-29 20:05:05,662 ERROR yfinance: $RUTH: possibly delisted; no timezone found
2026-07-29 20:05:06,074 ERROR yfinance: $RVAC: possibly delisted; no timezone found
2026-07-29 20:05:06,451 ERROR yfinance: $RVACU: possibly delisted; no timezone found
2026-07-29 20:05:07,118 ERROR yfinance: $RVLP: possibly delisted; no timezone found
2026-07-29 20:05:08,014 ERROR yfinance: $RVNC: possibly delisted; no timezone found
2026-07-29 20:05:09,115 ERROR yfinance: RVPHW: Period 'max' is invalid, must be one of: 1d, 5d
2026-07-29 20:05:09,972 ERROR yfinance: $RVYL: possibly delisted; no timezone found
2026-07-29 20:05:10,823 ERROR yfinance: $RWLK: possibly delisted; no timezone found
2026-07-29 20:05:11,219 ERROR yfinance: $RWOD: possibly delisted; no timezone found
2026-07-29 20:05:11,607 ERROR yfinance: $RWODR: possibly delisted; no timezone found
2026-07-29 20:05:12,011 ERROR yfinance: $RWODU: possibly delisted; no timezone found
2026-07-29 20:05:12,344 ERROR yfinance: $RWODW: possibly delisted; no timezone found
2026-07-29 20:05:13,258 ERROR yfinance: $RXDX: possibly delisted; no timezone found
2026-07-29 20:05:14,293 ERROR yfinance: $RXRAW: possibly delisted; no timezone found
2026-07-29 20:05:16,699 ERROR yfinance: $RYB: possibly delisted; no timezone found
2026-07-29 20:05:17,698 ERROR yfinance: $RYI: possibly delisted; no timezone found
2026-07-29 20:05:18,289 ERROR yfinance: $RYZB: possibly delisted; no timezone found
2026-07-29 20:05:23,134 ERROR yfinance: $SAG: possibly delisted; no timezone found
2026-07-29 20:05:23,447 ERROR yfinance: $SAGAR: possibly delisted; no timezone found
2026-07-29 20:05:23,844 ERROR yfinance: $SAGE: possibly delisted; no timezone found
2026-07-29 20:05:24,497 ERROR yfinance: $SAI: possibly delisted; no timezone found
2026-07-29 20:05:25,954 ERROR yfinance: $SAIIW: possibly delisted; no timezone found
2026-07-29 20:05:26,580 ERROR yfinance: $SAITW: possibly delisted; no timezone found
2026-07-29 20:05:26,920 ERROR yfinance: $SAL: possibly delisted; no timezone found
2026-07-29 20:05:28,077 ERROR yfinance: $SAMAU: possibly delisted; no timezone found
2026-07-29 20:05:28,394 ERROR yfinance: $SAMAW: possibly delisted; no timezone found
2026-07-29 20:05:29,161 ERROR yfinance: $SANBW: possibly delisted; no timezone found
2026-07-29 20:05:30,938 ERROR yfinance: $SASI: possibly delisted; no timezone found
2026-07-29 20:05:32,269 ERROR yfinance: $SATX: possibly delisted; no timezone found
2026-07-29 20:05:32,679 ERROR yfinance: $SATX.WS.A: possibly delisted; no timezone found
2026-07-29 20:05:33,071 ERROR yfinance: $SAVA: possibly delisted; no timezone found
2026-07-29 20:05:33,615 ERROR yfinance: $SAVE: possibly delisted; no timezone found
2026-07-29 20:05:34,512 INFO corporate_actions: [5400/6873] 2.7 sym/s — 1253 splits, 16965 dividends so far
2026-07-29 20:05:34,870 ERROR yfinance: $SBE.WS: possibly delisted; no timezone found
2026-07-29 20:05:35,173 ERROR yfinance: $SBEAW: possibly delisted; no timezone found
2026-07-29 20:05:36,494 ERROR yfinance: $SBEV.WS: possibly delisted; no timezone found
2026-07-29 20:05:38,617 ERROR yfinance: SBIGW: Period 'max' is invalid, must be one of: 1d, 5d
2026-07-29 20:05:39,020 ERROR yfinance: $SBII.WS: possibly delisted; no timezone found
2026-07-29 20:05:40,370 ERROR yfinance: $SBNYP: possibly delisted; no timezone found
2026-07-29 20:05:40,736 ERROR yfinance: $SBXC.WS: possibly delisted; no timezone found
2026-07-29 20:05:41,096 ERROR yfinance: $SBXD.WS: possibly delisted; no timezone found
2026-07-29 20:05:42,009 ERROR yfinance: $SCAQW: possibly delisted; no timezone found
2026-07-29 20:05:43,322 ERROR yfinance: $SCDR: possibly delisted; no timezone found
2026-07-29 20:05:43,658 ERROR yfinance: $SCDRW: possibly delisted; no timezone found
2026-07-29 20:05:52,722 ERROR yfinance: $SCLEW: possibly delisted; no timezone found
2026-07-29 20:05:53,848 ERROR yfinance: $SCMAW: possibly delisted; no timezone found
2026-07-29 20:05:55,821 ERROR yfinance: $SCOAW: possibly delisted; no timezone found
2026-07-29 20:05:56,173 ERROR yfinance: $SCOBW: possibly delisted; no timezone found
2026-07-29 20:05:56,884 ERROR yfinance: $SCPE: possibly delisted; no timezone found
2026-07-29 20:05:57,229 ERROR yfinance: $SCPE.U: possibly delisted; no timezone found
2026-07-29 20:05:57,598 ERROR yfinance: $SCPH: possibly delisted; no timezone found
2026-07-29 20:05:58,692 ERROR yfinance: $SCR: possibly delisted; no timezone found
2026-07-29 20:05:59,046 ERROR yfinance: $SCRMW: possibly delisted; no timezone found
2026-07-29 20:05:59,489 ERROR yfinance: $SCS: possibly delisted; no timezone found
2026-07-29 20:05:59,897 ERROR yfinance: $SCTL: possibly delisted; no timezone found
2026-07-29 20:06:00,227 ERROR yfinance: $SCUA.WS: possibly delisted; no timezone found
2026-07-29 20:06:00,991 ERROR yfinance: $SCVX.WS: possibly delisted; no timezone found
2026-07-29 20:06:01,853 ERROR yfinance: $SCX: possibly delisted; no timezone found
2026-07-29 20:06:03,435 ERROR yfinance: $SDACW: possibly delisted; no timezone found
2026-07-29 20:06:04,189 ERROR yfinance: $SDC: possibly delisted; no timezone found
2026-07-29 20:06:06,005 ERROR yfinance: $SDH: possibly delisted; no timezone found
2026-07-29 20:06:06,682 ERROR yfinance: $SDIG: possibly delisted; no timezone found
2026-07-29 20:06:09,080 ERROR yfinance: $SDPI: possibly delisted; no timezone found
2026-07-29 20:06:11,349 ERROR yfinance: $SEAH.WS: possibly delisted; no timezone found
2026-07-29 20:06:12,380 ERROR yfinance: $SECO: possibly delisted; no timezone found
2026-07-29 20:06:12,731 ERROR yfinance: $SEDA.WS: possibly delisted; no timezone found
2026-07-29 20:06:13,814 ERROR yfinance: $SEEL: possibly delisted; no timezone found
2026-07-29 20:06:15,388 ERROR yfinance: $SEGR: possibly delisted; no price data found  (1d 1927-08-23 -> 2026-07-29)
2026-07-29 20:06:17,099 ERROR yfinance: $SEPAU: possibly delisted; no timezone found
2026-07-29 20:06:17,422 ERROR yfinance: $SEPAW: possibly delisted; no timezone found
2026-07-29 20:06:19,458 ERROR yfinance: $SES.WS: possibly delisted; no timezone found
2026-07-29 20:06:19,916 ERROR yfinance: $SESN: possibly delisted; no timezone found
2026-07-29 20:06:21,517 ERROR yfinance: $SFE: possibly delisted; no timezone found
2026-07-29 20:06:21,907 ERROR yfinance: $SFET: possibly delisted; no timezone found
2026-07-29 20:06:22,862 ERROR yfinance: $SFR: possibly delisted; no timezone found
2026-07-29 20:06:23,232 ERROR yfinance: $SFRWW: possibly delisted; no timezone found
2026-07-29 20:06:23,612 ERROR yfinance: $SFT: possibly delisted; no timezone found
2026-07-29 20:06:23,906 ERROR yfinance: $SFTTW: possibly delisted; no timezone found
2026-07-29 20:06:24,230 ERROR yfinance: $SFTW.U: possibly delisted; no timezone found
2026-07-29 20:06:24,541 ERROR yfinance: $SFTW.WS: possibly delisted; no timezone found
2026-07-29 20:06:26,029 ERROR yfinance: $SGAMU: possibly delisted; no timezone found
2026-07-29 20:06:26,359 ERROR yfinance: $SGAMW: possibly delisted; no timezone found
2026-07-29 20:06:26,673 ERROR yfinance: $SGBX: possibly delisted; no timezone found
2026-07-29 20:06:26,985 ERROR yfinance: $SGBXV: possibly delisted; no timezone found
2026-07-29 20:06:28,112 ERROR yfinance: $SGD: possibly delisted; no timezone found
2026-07-29 20:06:28,431 ERROR yfinance: $SGDVV: possibly delisted; no timezone found
2026-07-29 20:06:28,746 ERROR yfinance: $SGE: possibly delisted; no timezone found
2026-07-29 20:06:29,028 ERROR yfinance: $SGH: possibly delisted; no timezone found
2026-07-29 20:06:29,537 ERROR yfinance: $SGHC.WS: possibly delisted; no timezone found
2026-07-29 20:06:29,864 ERROR yfinance: $SGHLW: possibly delisted; no timezone found
2026-07-29 20:06:30,508 ERROR yfinance: $SGIIW: possibly delisted; no timezone found
2026-07-29 20:06:30,829 ERROR yfinance: $SGLB: possibly delisted; no timezone found
2026-07-29 20:06:31,152 ERROR yfinance: $SGLBW: possibly delisted; no timezone found
2026-07-29 20:06:31,919 ERROR yfinance: $SGMA: possibly delisted; no timezone found
2026-07-29 20:06:32,129 ERROR yfinance: $SGMO: possibly delisted; no price data found  (1d 1927-08-23 -> 2026-07-29)
2026-07-29 20:06:32,754 ERROR yfinance: $SGN: possibly delisted; no timezone found
2026-07-29 20:06:33,143 ERROR yfinance: $SGOC: possibly delisted; no timezone found
2026-07-29 20:06:33,938 ERROR yfinance: $SGTX: possibly delisted; no timezone found
2026-07-29 20:06:35,029 ERROR yfinance: $SHACW: possibly delisted; no timezone found
2026-07-29 20:06:35,565 ERROR yfinance: $SHAP.WS: possibly delisted; no timezone found
2026-07-29 20:06:36,360 ERROR yfinance: $SHCAW: possibly delisted; no timezone found
2026-07-29 20:06:36,675 ERROR yfinance: $SHCO: possibly delisted; no timezone found
2026-07-29 20:06:36,982 ERROR yfinance: $SHCR: possibly delisted; no timezone found
2026-07-29 20:06:37,352 ERROR yfinance: $SHCRW: possibly delisted; no timezone found
2026-07-29 20:06:39,366 ERROR yfinance: $SHIPW: possibly delisted; no timezone found
2026-07-29 20:06:39,782 ERROR yfinance: $SHIPZ: possibly delisted; no timezone found
2026-07-29 20:06:40,070 ERROR yfinance: $SHLT: possibly delisted; no timezone found
2026-07-29 20:06:41,301 ERROR yfinance: $SHOTW: possibly delisted; no timezone found
2026-07-29 20:06:42,002 ERROR yfinance: $SHPW: possibly delisted; no timezone found
2026-07-29 20:06:42,311 ERROR yfinance: $SHPW.WS: possibly delisted; no timezone found
2026-07-29 20:06:42,718 ERROR yfinance: $SHPWW: possibly delisted; no timezone found
2026-07-29 20:06:43,332 ERROR yfinance: $SHQAW: possibly delisted; no timezone found
2026-07-29 20:06:43,649 ERROR yfinance: $SHUAW: possibly delisted; no timezone found
2026-07-29 20:06:44,732 ERROR yfinance: $SHYF: possibly delisted; no timezone found
2026-07-29 20:06:47,129 ERROR yfinance: $SIEN: possibly delisted; no timezone found
2026-07-29 20:06:47,447 ERROR yfinance: $SIERW: possibly delisted; no timezone found
2026-07-29 20:06:49,121 ERROR yfinance: SIFYR: Period 'max' is invalid, must be one of: 1d, 5d
2026-07-29 20:06:51,263 ERROR yfinance: $SILK: possibly delisted; no timezone found
2026-07-29 20:06:53,258 ERROR yfinance: $SINO: possibly delisted; no timezone found
2026-07-29 20:06:55,213 ERROR yfinance: $SIOX: possibly delisted; no price data found  (1d 1927-08-23 -> 2026-07-29) (Yahoo error = "No data found, symbol may be delisted")
2026-07-29 20:06:57,674 ERROR yfinance: $SIVB: possibly delisted; no timezone found
2026-07-29 20:06:58,045 ERROR yfinance: $SIPA: possibly delisted; no timezone found
2026-07-29 20:06:58,792 ERROR yfinance: $SJI: possibly delisted; no timezone found
2026-07-29 20:06:59,274 ERROR yfinance: $SJR: possibly delisted; no timezone found
2026-07-29 20:07:00,668 ERROR yfinance: $SKGRW: possibly delisted; no timezone found
2026-07-29 20:07:01,345 ERROR yfinance: $SKIL.WS: possibly delisted; no timezone found
2026-07-29 20:07:02,625 ERROR yfinance: $SKLZ.WS: possibly delisted; no timezone found
2026-07-29 20:07:03,909 ERROR yfinance: SKYAW: Period 'max' is invalid, must be one of: 1d, 5d
2026-07-29 20:07:05,051 ERROR yfinance: $SKYH.WS: possibly delisted; no timezone found
2026-07-29 20:07:06,277 ERROR yfinance: $SLAC.WS: possibly delisted; no timezone found
2026-07-29 20:07:06,731 ERROR yfinance: $SLACW: possibly delisted; no timezone found
2026-07-29 20:07:07,152 ERROR yfinance: $SLAMW: possibly delisted; no timezone found
2026-07-29 20:07:07,491 ERROR yfinance: $SLCRU: possibly delisted; no timezone found
2026-07-29 20:07:07,816 ERROR yfinance: $SLCRW: possibly delisted; no timezone found
2026-07-29 20:07:10,245 ERROR yfinance: $SLGCW: possibly delisted; no timezone found
2026-07-29 20:07:10,595 ERROR yfinance: $SLGG: possibly delisted; no timezone found
2026-07-29 20:07:12,047 ERROR yfinance: $SLNA: possibly delisted; no timezone found
2026-07-29 20:07:12,408 ERROR yfinance: $SLNAW: possibly delisted; no timezone found
2026-07-29 20:07:13,098 ERROR yfinance: $SLND.WS: possibly delisted; no timezone found
2026-07-29 20:07:14,740 ERROR yfinance: $SLNO: possibly delisted; no timezone found
2026-07-29 20:07:16,496 ERROR yfinance: $SLRN: possibly delisted; no timezone found
2026-07-29 20:07:16,864 ERROR yfinance: $SLRX: possibly delisted; no timezone found
2026-07-29 20:07:19,175 ERROR yfinance: $SLVRW: possibly delisted; no timezone found
2026-07-29 20:07:20,233 ERROR yfinance: $SMAPU: possibly delisted; no timezone found
2026-07-29 20:07:20,547 ERROR yfinance: $SMAPW: possibly delisted; no timezone found
2026-07-29 20:07:22,833 ERROR yfinance: $SMED: possibly delisted; no timezone found
2026-07-29 20:07:23,576 ERROR yfinance: $SMFR: possibly delisted; no timezone found
2026-07-29 20:07:23,914 ERROR yfinance: $SMFRW: possibly delisted; no timezone found
2026-07-29 20:07:24,627 ERROR yfinance: $SMIHW: possibly delisted; no timezone found
2026-07-29 20:07:25,410 ERROR yfinance: $SMLP: possibly delisted; no timezone found
2026-07-29 20:07:25,700 ERROR yfinance: $SMLR: possibly delisted; no timezone found
2026-07-29 20:07:27,318 ERROR yfinance: $SMR.WS: possibly delisted; no timezone found
2026-07-29 20:07:30,061 ERROR yfinance: $SMTS: possibly delisted; no timezone found
2026-07-29 20:07:33,146 ERROR yfinance: $SNAXW: possibly delisted; no timezone found
2026-07-29 20:07:33,743 ERROR yfinance: $SNCE: possibly delisted; no timezone found
2026-07-29 20:07:34,069 ERROR yfinance: $SNCR: possibly delisted; no timezone found
2026-07-29 20:07:34,891 ERROR yfinance: $SNDE: possibly delisted; no timezone found
2026-07-29 20:07:37,415 ERROR yfinance: $SNGXW: possibly delisted; no timezone found
2026-07-29 20:07:37,720 ERROR yfinance: $SNII.WS: possibly delisted; no timezone found
2026-07-29 20:07:38,163 ERROR yfinance: $SNMP: possibly delisted; no timezone found
2026-07-29 20:07:39,168 ERROR yfinance: $SNPR: possibly delisted; no timezone found
2026-07-29 20:07:39,526 ERROR yfinance: $SNPR.U: possibly delisted; no timezone found
2026-07-29 20:07:39,815 ERROR yfinance: $SNPR.WS: possibly delisted; no timezone found
2026-07-29 20:07:40,918 ERROR yfinance: $SNRHW: possibly delisted; no timezone found
2026-07-29 20:07:42,152 ERROR yfinance: $SNVPE: possibly delisted; no timezone found
2026-07-29 20:07:43,208 ERROR yfinance: $SOAC.WS: possibly delisted; no timezone found
2026-07-29 20:07:43,795 ERROR yfinance: $SOAR.WS: possibly delisted; no timezone found
2026-07-29 20:07:44,877 ERROR yfinance: $SOC.WS: possibly delisted; no timezone found
2026-07-29 20:07:46,546 ERROR yfinance: $SOHO: possibly delisted; no timezone found
2026-07-29 20:07:48,329 ERROR yfinance: $SOI: possibly delisted; no timezone found
2026-07-29 20:07:48,615 ERROR yfinance: $SOL: possibly delisted; no timezone found
2026-07-29 20:07:48,911 ERROR yfinance: $SOLO: possibly delisted; no timezone found
2026-07-29 20:07:49,230 ERROR yfinance: $SOLOW: possibly delisted; no timezone found
2026-07-29 20:07:49,925 ERROR yfinance: $SOND: possibly delisted; no timezone found
2026-07-29 20:07:50,260 ERROR yfinance: $SONDW: possibly delisted; no timezone found
2026-07-29 20:07:50,943 ERROR yfinance: $SONN: possibly delisted; no timezone found
2026-07-29 20:07:54,367 ERROR yfinance: $SOULR: possibly delisted; no timezone found
2026-07-29 20:07:56,616 WARNING corporate_actions: SOXS: insert failed, skipping: numeric field overflow
DETAIL:  A field with precision 18, scale 8 must round to an absolute value less than 10^10.
2026-07-29 20:07:57,547 ERROR yfinance: $SP: possibly delisted; no timezone found
2026-07-29 20:07:58,526 ERROR yfinance: $SPAQ.U: possibly delisted; no timezone found
2026-07-29 20:07:58,823 ERROR yfinance: $SPAQ.WS: possibly delisted; no timezone found
2026-07-29 20:08:00,222 ERROR yfinance: $SPCMW: possibly delisted; no timezone found
2026-07-29 20:08:01,378 ERROR yfinance: $SPECW: possibly delisted; no timezone found
2026-07-29 20:08:01,642 ERROR yfinance: $SPER: possibly delisted; no price data found  (1d 1927-08-23 -> 2026-07-29)
2026-07-29 20:08:01,970 ERROR yfinance: $SPGC: possibly delisted; no timezone found
2026-07-29 20:08:02,287 ERROR yfinance: $SPGS.WS: possibly delisted; no timezone found
2026-07-29 20:08:03,037 ERROR yfinance: $SPI: possibly delisted; no timezone found
2026-07-29 20:08:03,799 ERROR yfinance: $SPIR.WS: possibly delisted; no timezone found
2026-07-29 20:08:04,147 ERROR yfinance: $SPKAR: possibly delisted; no timezone found
2026-07-29 20:08:04,534 ERROR yfinance: $SPKBW: possibly delisted; no timezone found
2026-07-29 20:08:05,153 ERROR yfinance: $SPNS: possibly delisted; no timezone found
2026-07-29 20:08:05,441 ERROR yfinance: $SPNV.WS: possibly delisted; no timezone found
2026-07-29 20:08:05,861 ERROR yfinance: $SPPI: possibly delisted; no timezone found
2026-07-29 20:08:06,544 ERROR yfinance: $SPR: possibly delisted; no timezone found
2026-07-29 20:08:07,901 ERROR yfinance: $SPRT: possibly delisted; no timezone found
2026-07-29 20:08:09,178 ERROR yfinance: $SPTKW: possibly delisted; no timezone found
2026-07-29 20:08:09,479 ERROR yfinance: $SPTN: possibly delisted; no timezone found
2026-07-29 20:08:14,323 ERROR yfinance: $SQBG: possibly delisted; no timezone found
2026-07-29 20:08:15,258 ERROR yfinance: $SQL: possibly delisted; no timezone found
2026-07-29 20:08:15,485 ERROR yfinance: SQLLW: Period 'max' is invalid, must be one of: 1d, 5d
2026-07-29 20:08:15,797 ERROR yfinance: $SQMR: possibly delisted; no timezone found
2026-07-29 20:08:16,153 ERROR yfinance: $SQMRW: possibly delisted; no timezone found
2026-07-29 20:08:17,423 ERROR yfinance: $SQSP: possibly delisted; no timezone found
2026-07-29 20:08:17,776 ERROR yfinance: $SQZ: possibly delisted; no timezone found
2026-07-29 20:08:18,131 ERROR yfinance: $SRACU: possibly delisted; no timezone found
2026-07-29 20:08:18,489 ERROR yfinance: $SRACW: possibly delisted; no timezone found
2026-07-29 20:08:19,232 ERROR yfinance: $SRDX: possibly delisted; no timezone found
2026-07-29 20:08:20,700 ERROR yfinance: $SREV: possibly delisted; no timezone found
2026-07-29 20:08:21,672 ERROR yfinance: $SRGA: possibly delisted; no timezone found
2026-07-29 20:08:22,048 ERROR yfinance: $SRGPA: possibly delisted; no timezone found
2026-07-29 20:08:23,421 ERROR yfinance: $SRM: possibly delisted; no timezone found
2026-07-29 20:08:24,742 ERROR yfinance: $SRRA: possibly delisted; no timezone found
2026-07-29 20:08:25,896 ERROR yfinance: $SRSAW: possibly delisted; no timezone found
2026-07-29 20:08:28,654 ERROR yfinance: $SSAAW: possibly delisted; no timezone found
2026-07-29 20:08:30,865 ERROR yfinance: $SSNT: possibly delisted; no timezone found
2026-07-29 20:08:32,697 ERROR yfinance: $SSPK: possibly delisted; no timezone found
2026-07-29 20:08:33,038 ERROR yfinance: $SSPKW: possibly delisted; no timezone found
2026-07-29 20:08:34,475 ERROR yfinance: $SST.WS: possibly delisted; no timezone found
2026-07-29 20:08:34,784 ERROR yfinance: $SSU: possibly delisted; no timezone found
2026-07-29 20:08:35,135 ERROR yfinance: $SSU.WS: possibly delisted; no timezone found
2026-07-29 20:08:35,469 ERROR yfinance: $SSY: possibly delisted; no timezone found
2026-07-29 20:08:37,030 ERROR yfinance: $STAF: possibly delisted; no timezone found
2026-07-29 20:08:37,964 ERROR yfinance: $STBX: possibly delisted; no timezone found
2026-07-29 20:08:38,320 ERROR yfinance: $STCN: possibly delisted; no timezone found
2026-07-29 20:08:38,684 ERROR yfinance: $STEC: possibly delisted; no timezone found
2026-07-29 20:08:39,313 ERROR yfinance: $STET.WS: possibly delisted; no timezone found
2026-07-29 20:08:39,639 ERROR yfinance: $STFC: possibly delisted; no timezone found
2026-07-29 20:08:41,349 ERROR yfinance: $STIX: possibly delisted; no timezone found
2026-07-29 20:08:41,683 ERROR yfinance: $STIXW: possibly delisted; no timezone found
2026-07-29 20:08:42,539 ERROR yfinance: $STMP: possibly delisted; no timezone found
2026-07-29 20:08:43,638 ERROR yfinance: $STON: possibly delisted; no timezone found
2026-07-29 20:08:43,998 ERROR yfinance: $STPC.WS: possibly delisted; no timezone found
2026-07-29 20:08:44,359 ERROR yfinance: $STPK: possibly delisted; no timezone found
2026-07-29 20:08:44,731 ERROR yfinance: $STPK.U: possibly delisted; no timezone found
2026-07-29 20:08:45,250 ERROR yfinance: $STPK.WS: possibly delisted; no timezone found
2026-07-29 20:08:45,645 ERROR yfinance: $STR.WS: possibly delisted; no timezone found
2026-07-29 20:08:46,348 ERROR yfinance: $STRCW: possibly delisted; no timezone found
2026-07-29 20:08:46,652 ERROR yfinance: $STRE.WS: possibly delisted; no timezone found
2026-07-29 20:08:46,965 ERROR yfinance: $STRM: possibly delisted; no timezone found
2026-07-29 20:08:47,555 ERROR yfinance: $STRNW: possibly delisted; no timezone found
2026-07-29 20:08:49,130 ERROR yfinance: $STRY: possibly delisted; no timezone found
2026-07-29 20:08:49,527 ERROR yfinance: $STRY.WS: possibly delisted; no timezone found
2026-07-29 20:08:49,876 ERROR yfinance: $STSA: possibly delisted; no timezone found
2026-07-29 20:08:50,209 ERROR yfinance: $STSB: possibly delisted; no timezone found
2026-07-29 20:08:51,444 ERROR yfinance: $STWOW: possibly delisted; no timezone found
2026-07-29 20:08:52,464 ERROR yfinance: $SUAC.WS: possibly delisted; no timezone found
2026-07-29 20:08:53,448 ERROR yfinance: $SUMR: possibly delisted; no timezone found
2026-07-29 20:08:54,560 ERROR yfinance: $SUNL: possibly delisted; no timezone found
2026-07-29 20:08:54,845 ERROR yfinance: $SUNL.WS: possibly delisted; no timezone found
2026-07-29 20:08:55,163 ERROR yfinance: $SUNW: possibly delisted; no timezone found
2026-07-29 20:08:55,462 ERROR yfinance: $SUP: possibly delisted; no timezone found
2026-07-29 20:08:56,799 ERROR yfinance: SURGW: Period 'max' is invalid, must be one of: 1d, 5d
2026-07-29 20:08:59,383 ERROR yfinance: $SVFAW: possibly delisted; no timezone found
2026-07-29 20:08:59,721 ERROR yfinance: $SVFD: possibly delisted; no timezone found
2026-07-29 20:09:00,036 ERROR yfinance: $SVIIR: possibly delisted; no timezone found
2026-07-29 20:09:00,431 ERROR yfinance: $SVIIW: possibly delisted; no timezone found
2026-07-29 20:09:01,476 ERROR yfinance: $SVMH: possibly delisted; no timezone found
2026-07-29 20:09:01,904 ERROR yfinance: $SVMHW: possibly delisted; no timezone found
2026-07-29 20:09:02,448 ERROR yfinance: $SVNAW: possibly delisted; no timezone found
2026-07-29 20:09:02,784 ERROR yfinance: $SVOKW: possibly delisted; no timezone found
2026-07-29 20:09:04,148 ERROR yfinance: $SVSVW: possibly delisted; no timezone found
2026-07-29 20:09:04,503 ERROR yfinance: $SVT: possibly delisted; no timezone found
2026-07-29 20:09:06,807 ERROR yfinance: $SWBK.WS: possibly delisted; no timezone found
2026-07-29 20:09:07,135 ERROR yfinance: $SWETW: possibly delisted; no timezone found
2026-07-29 20:09:07,523 ERROR yfinance: $SWI: possibly delisted; no timezone found
2026-07-29 20:09:08,049 ERROR yfinance: $SWIN: possibly delisted; no price data found  (1d 1927-08-23 -> 2026-07-29)
2026-07-29 20:09:08,326 ERROR yfinance: SWSSW: Period 'max' is invalid, must be one of: 1d, 5d
2026-07-29 20:09:08,785 ERROR yfinance: $SWTX: possibly delisted; no timezone found
2026-07-29 20:09:12,365 ERROR yfinance: $SYN: possibly delisted; no timezone found
2026-07-29 20:09:12,758 ERROR yfinance: $SYNH: possibly delisted; no timezone found
2026-07-29 20:09:14,642 ERROR yfinance: $SYT: possibly delisted; no timezone found
2026-07-29 20:09:14,936 ERROR yfinance: $SYTA: possibly delisted; no timezone found
2026-07-29 20:09:15,251 ERROR yfinance: $SYTAW: possibly delisted; no timezone found
2026-07-29 20:09:16,658 ERROR yfinance: $SZZLW: possibly delisted; no timezone found
2026-07-29 20:09:17,143 ERROR yfinance: $TA: possibly delisted; no timezone found
2026-07-29 20:09:17,460 ERROR yfinance: $TACA.WS: possibly delisted; no timezone found
2026-07-29 20:09:20,957 ERROR yfinance: $TALO.WS: possibly delisted; no timezone found
2026-07-29 20:09:21,226 ERROR yfinance: $TALS: possibly delisted; no timezone found
2026-07-29 20:09:24,459 ERROR yfinance: TAVIR: Period 'max' is invalid, must be one of: 1d, 5d
2026-07-29 20:09:24,688 ERROR yfinance: TBCPW: Period 'max' is invalid, must be one of: 1d, 5d
2026-07-29 20:09:24,891 ERROR yfinance: $TBH: possibly delisted; no price data found  (1d 1927-08-23 -> 2026-07-29)
2026-07-29 20:09:25,222 INFO corporate_actions: [6000/6873] 2.7 sym/s — 1446 splits, 20059 dividends so far
2026-07-29 20:09:26,384 ERROR yfinance: $TBLTW: possibly delisted; no timezone found
2026-07-29 20:09:26,684 ERROR yfinance: $TBMCR: possibly delisted; no timezone found
2026-07-29 20:09:26,974 ERROR yfinance: $TBNK: possibly delisted; no timezone found
2026-07-29 20:09:27,716 ERROR yfinance: $TBSAW: possibly delisted; no timezone found
2026-07-29 20:09:28,427 ERROR yfinance: $TCACW: possibly delisted; no timezone found
2026-07-29 20:09:28,715 ERROR yfinance: $TCBP: possibly delisted; no timezone found
2026-07-29 20:09:29,064 ERROR yfinance: $TCBPW: possibly delisted; no timezone found
2026-07-29 20:09:30,051 ERROR yfinance: $TCDA: possibly delisted; no timezone found
2026-07-29 20:09:30,344 ERROR yfinance: $TCJH: possibly delisted; no timezone found
2026-07-29 20:09:31,099 ERROR yfinance: $TCOA.WS: possibly delisted; no timezone found
2026-07-29 20:09:31,442 ERROR yfinance: $TCON: possibly delisted; no timezone found
2026-07-29 20:09:31,746 ERROR yfinance: $TCRR: possibly delisted; no timezone found
2026-07-29 20:09:32,841 ERROR yfinance: $TCS: possibly delisted; no timezone found
2026-07-29 20:09:33,177 ERROR yfinance: $TCTM: possibly delisted; no timezone found
2026-07-29 20:09:37,126 ERROR yfinance: $TDW.WS: possibly delisted; no timezone found
2026-07-29 20:09:37,460 ERROR yfinance: $TDW.WS.A: possibly delisted; no timezone found
2026-07-29 20:09:38,039 ERROR yfinance: $TDW.WS.B: possibly delisted; no timezone found
2026-07-29 20:09:38,383 ERROR yfinance: $TE.WS: possibly delisted; no timezone found
2026-07-29 20:09:41,511 ERROR yfinance: $TEDU: possibly delisted; no timezone found
2026-07-29 20:09:42,128 ERROR yfinance: $TEKKW: possibly delisted; no timezone found
2026-07-29 20:09:42,719 ERROR yfinance: $TELL: possibly delisted; no timezone found
2026-07-29 20:09:43,371 ERROR yfinance: $TELZ: possibly delisted; no timezone found
2026-07-29 20:09:44,809 ERROR yfinance: $TENK: possibly delisted; no timezone found
2026-07-29 20:09:45,111 ERROR yfinance: $TENKR: possibly delisted; no timezone found
2026-07-29 20:09:45,610 ERROR yfinance: $TENKU: possibly delisted; no timezone found
2026-07-29 20:09:46,444 ERROR yfinance: $TERN: possibly delisted; no timezone found
2026-07-29 20:09:46,763 ERROR yfinance: $TESS: possibly delisted; no timezone found
2026-07-29 20:09:47,083 ERROR yfinance: $TETCW: possibly delisted; no timezone found
2026-07-29 20:09:47,424 ERROR yfinance: $TETEW: possibly delisted; no timezone found
2026-07-29 20:09:47,803 ERROR yfinance: $TEUM: possibly delisted; no timezone found
2026-07-29 20:09:48,163 ERROR yfinance: $TFFP: possibly delisted; no timezone found
2026-07-29 20:09:49,073 ERROR yfinance: $TGAAW: possibly delisted; no timezone found
2026-07-29 20:09:49,346 ERROR yfinance: $TGC: possibly delisted; no timezone found
2026-07-29 20:09:50,015 ERROR yfinance: $TGE.WS: possibly delisted; no timezone found
2026-07-29 20:09:50,404 ERROR yfinance: $TGH: possibly delisted; no timezone found
2026-07-29 20:09:50,992 ERROR yfinance: $TGI: possibly delisted; no timezone found
2026-07-29 20:09:51,957 ERROR yfinance: $TGR.WS: possibly delisted; no timezone found
2026-07-29 20:09:52,582 ERROR yfinance: $TGVCW: possibly delisted; no timezone found
2026-07-29 20:09:53,290 ERROR yfinance: $THACW: possibly delisted; no timezone found
2026-07-29 20:09:53,623 ERROR yfinance: $THAR: possibly delisted; no timezone found
2026-07-29 20:09:53,908 ERROR yfinance: $THBRW: possibly delisted; no timezone found
2026-07-29 20:09:55,024 ERROR yfinance: $THCAW: possibly delisted; no timezone found
2026-07-29 20:09:55,387 ERROR yfinance: $THCB: possibly delisted; no timezone found
2026-07-29 20:09:55,775 ERROR yfinance: $THCBU: possibly delisted; no timezone found
2026-07-29 20:09:56,114 ERROR yfinance: $THCBW: possibly delisted; no timezone found
2026-07-29 20:09:56,774 ERROR yfinance: $THCHW: possibly delisted; no timezone found
2026-07-29 20:09:57,087 ERROR yfinance: $THCPW: possibly delisted; no timezone found
2026-07-29 20:09:57,774 ERROR yfinance: $THMAW: possibly delisted; no timezone found
2026-07-29 20:09:58,594 ERROR yfinance: $THRD: possibly delisted; no timezone found
2026-07-29 20:09:58,965 ERROR yfinance: $THRX: possibly delisted; no timezone found
2026-07-29 20:09:59,571 ERROR yfinance: THWWW: Period 'max' is invalid, must be one of: 1d, 5d
2026-07-29 20:09:59,941 ERROR yfinance: $TIG: possibly delisted; no timezone found
2026-07-29 20:10:01,379 ERROR yfinance: $TINV.WS: possibly delisted; no timezone found
2026-07-29 20:10:01,741 ERROR yfinance: $TIO: possibly delisted; no timezone found
2026-07-29 20:10:02,064 ERROR yfinance: $TIOAW: possibly delisted; no timezone found
2026-07-29 20:10:02,745 ERROR yfinance: $TIRX: possibly delisted; no timezone found
2026-07-29 20:10:03,603 ERROR yfinance: $TIVC: possibly delisted; no timezone found
2026-07-29 20:10:03,955 ERROR yfinance: $TIXT: possibly delisted; no timezone found
2026-07-29 20:10:04,321 ERROR yfinance: $TKAT: possibly delisted; no timezone found
2026-07-29 20:10:05,310 ERROR yfinance: $TLC: possibly delisted; no timezone found
2026-07-29 20:10:06,143 ERROR yfinance: $TLGA.WS: possibly delisted; no timezone found
2026-07-29 20:10:06,618 ERROR yfinance: $TLGT: possibly delisted; no timezone found
2026-07-29 20:10:06,963 ERROR yfinance: $TLGYW: possibly delisted; no timezone found
2026-07-29 20:10:07,567 ERROR yfinance: $TLIS: possibly delisted; no timezone found
2026-07-29 20:10:07,895 ERROR yfinance: $TLMD: possibly delisted; no timezone found
2026-07-29 20:10:08,263 ERROR yfinance: $TLMDW: possibly delisted; no timezone found
2026-07-29 20:10:11,185 ERROR yfinance: $TMAC.WS: possibly delisted; no timezone found
2026-07-29 20:10:11,544 ERROR yfinance: $TMBR: possibly delisted; no timezone found
2026-07-29 20:10:13,223 ERROR yfinance: $TMDI: possibly delisted; no timezone found
2026-07-29 20:10:15,234 ERROR yfinance: $TMKRW: possibly delisted; no timezone found
2026-07-29 20:10:15,534 ERROR yfinance: $TMPMW: possibly delisted; no timezone found
2026-07-29 20:10:16,201 ERROR yfinance: $TMPO: possibly delisted; no price data found  (1d 1927-08-23 -> 2026-07-29) (Yahoo error = "No data found, symbol may be delisted")
2026-07-29 20:10:16,505 ERROR yfinance: $TMPOW: possibly delisted; no timezone found
2026-07-29 20:10:17,256 ERROR yfinance: $TMTC: possibly delisted; no timezone found
2026-07-29 20:10:17,553 ERROR yfinance: $TMTCR: possibly delisted; no timezone found
2026-07-29 20:10:17,836 ERROR yfinance: $TMTCU: possibly delisted; no timezone found
2026-07-29 20:10:18,138 ERROR yfinance: TMTSW: Period 'max' is invalid, must be one of: 1d, 5d
2026-07-29 20:10:19,628 ERROR yfinance: $TNFA: possibly delisted; no timezone found
2026-07-29 20:10:21,517 ERROR yfinance: $TOACW: possibly delisted; no timezone found
2026-07-29 20:10:24,292 WARNING corporate_actions: TOPS: insert failed, skipping: numeric field overflow
DETAIL:  A field with precision 18, scale 8 must round to an absolute value less than 10^10.
2026-07-29 20:10:25,289 ERROR yfinance: $TOROV: possibly delisted; no timezone found
2026-07-29 20:10:25,863 ERROR yfinance: $TOTAR: possibly delisted; no timezone found
2026-07-29 20:10:26,290 ERROR yfinance: $TOTAW: possibly delisted; no timezone found
2026-07-29 20:10:27,957 ERROR yfinance: $TPBAW: possibly delisted; no timezone found
2026-07-29 20:10:30,253 ERROR yfinance: $TPGY: possibly delisted; no timezone found
2026-07-29 20:10:30,554 ERROR yfinance: $TPGY.U: possibly delisted; no timezone found
2026-07-29 20:10:30,910 ERROR yfinance: $TPGY.WS: possibly delisted; no timezone found
2026-07-29 20:10:31,586 ERROR yfinance: TPIC: Period 'max' is invalid, must be one of: 1d, 5d
2026-07-29 20:10:33,374 ERROR yfinance: $TPTX: possibly delisted; no timezone found
2026-07-29 20:10:33,669 ERROR yfinance: $TPX: possibly delisted; no timezone found
2026-07-29 20:10:34,571 ERROR yfinance: $TRAQ.WS: possibly delisted; no timezone found
2026-07-29 20:10:35,303 ERROR yfinance: $TRCA: possibly delisted; no timezone found
2026-07-29 20:10:35,653 ERROR yfinance: $TRCA.U: possibly delisted; no timezone found
2026-07-29 20:10:36,005 ERROR yfinance: $TRCA.WS: possibly delisted; no timezone found
2026-07-29 20:10:36,408 ERROR yfinance: $TRCH: possibly delisted; no timezone found
2026-07-29 20:10:37,610 ERROR yfinance: $TRHC: possibly delisted; no timezone found
2026-07-29 20:10:39,205 ERROR yfinance: $TRIS.WS: possibly delisted; no timezone found
2026-07-29 20:10:39,538 ERROR yfinance: $TRIT: possibly delisted; no timezone found
2026-07-29 20:10:39,824 ERROR yfinance: $TRITW: possibly delisted; no timezone found
2026-07-29 20:10:40,281 ERROR yfinance: $TRKA: possibly delisted; no timezone found
2026-07-29 20:10:40,563 ERROR yfinance: $TRKAW: possibly delisted; no timezone found
2026-07-29 20:10:40,915 ERROR yfinance: $TRML: possibly delisted; no timezone found
2026-07-29 20:10:41,257 ERROR yfinance: $TRMR: possibly delisted; no timezone found
2026-07-29 20:10:42,185 ERROR yfinance: $TRONW: possibly delisted; no timezone found
2026-07-29 20:10:43,604 ERROR yfinance: $TRQ: possibly delisted; no timezone found
2026-07-29 20:10:45,690 ERROR yfinance: $TRTL.WS: possibly delisted; no timezone found
2026-07-29 20:10:46,027 ERROR yfinance: $TRUE: possibly delisted; no timezone found
2026-07-29 20:10:48,270 ERROR yfinance: $TRXC: possibly delisted; no timezone found
2026-07-29 20:10:49,183 ERROR yfinance: $TSBX: possibly delisted; no timezone found
2026-07-29 20:10:49,608 ERROR yfinance: $TSC: possibly delisted; no timezone found
2026-07-29 20:10:51,128 ERROR yfinance: $TSE: possibly delisted; no timezone found
2026-07-29 20:10:52,347 ERROR yfinance: $TSIA: possibly delisted; no timezone found
2026-07-29 20:10:52,715 ERROR yfinance: $TSIAU: possibly delisted; no timezone found
2026-07-29 20:10:52,999 ERROR yfinance: $TSIAW: possibly delisted; no timezone found
2026-07-29 20:10:53,312 ERROR yfinance: $TSIBW: possibly delisted; no timezone found
2026-07-29 20:10:57,454 ERROR yfinance: $TSP: possibly delisted; no timezone found
2026-07-29 20:10:57,735 ERROR yfinance: $TSPQ.WS: possibly delisted; no timezone found
2026-07-29 20:10:58,036 ERROR yfinance: $TSRI: possibly delisted; no timezone found
2026-07-29 20:10:58,750 ERROR yfinance: $TSVT: possibly delisted; no timezone found
2026-07-29 20:10:59,183 ERROR yfinance: $TSVTV: possibly delisted; no timezone found
2026-07-29 20:10:59,561 ERROR yfinance: $TTCF: possibly delisted; no timezone found
2026-07-29 20:10:59,947 ERROR yfinance: $TTCFW: possibly delisted; no timezone found
2026-07-29 20:11:02,136 ERROR yfinance: $TTNP: possibly delisted; no timezone found
2026-07-29 20:11:02,782 ERROR yfinance: $TUEM: possibly delisted; no timezone found
2026-07-29 20:11:03,107 ERROR yfinance: $TUFN: possibly delisted; no timezone found
2026-07-29 20:11:03,432 ERROR yfinance: $TUGCW: possibly delisted; no timezone found
2026-07-29 20:11:03,718 ERROR yfinance: $TUP: possibly delisted; no timezone found
2026-07-29 20:11:04,316 ERROR yfinance: $TURN: possibly delisted; no timezone found
2026-07-29 20:11:06,593 ERROR yfinance: $TWCBW: possibly delisted; no timezone found
2026-07-29 20:11:06,910 ERROR yfinance: $TWCTW: possibly delisted; no timezone found
2026-07-29 20:11:07,514 ERROR yfinance: $TWKS: possibly delisted; no timezone found
2026-07-29 20:11:08,230 ERROR yfinance: $TWLVW: possibly delisted; no timezone found
2026-07-29 20:11:09,167 ERROR yfinance: $TWND.WS: possibly delisted; no timezone found
2026-07-29 20:11:09,563 ERROR yfinance: $TWNI.WS: possibly delisted; no timezone found
2026-07-29 20:11:10,366 ERROR yfinance: $TWNKW: possibly delisted; no timezone found
2026-07-29 20:11:11,081 ERROR yfinance: $TWNP: possibly delisted; no timezone found
2026-07-29 20:11:11,411 ERROR yfinance: $TWNT.WS: possibly delisted; no timezone found
2026-07-29 20:11:12,456 ERROR yfinance: $TWOA: possibly delisted; no timezone found
2026-07-29 20:11:12,801 ERROR yfinance: $TWOU: possibly delisted; no timezone found
2026-07-29 20:11:13,565 ERROR yfinance: $TYDE: possibly delisted; no timezone found
2026-07-29 20:11:13,941 ERROR yfinance: $TYDEV: possibly delisted; no timezone found
2026-07-29 20:11:14,681 ERROR yfinance: $TYGOW: possibly delisted; no timezone found
2026-07-29 20:11:15,062 ERROR yfinance: $TYHT: possibly delisted; no timezone found
2026-07-29 20:11:15,448 ERROR yfinance: $TYME: possibly delisted; no timezone found
2026-07-29 20:11:16,268 ERROR yfinance: $TZACW: possibly delisted; no timezone found
2026-07-29 20:11:16,595 ERROR yfinance: $TZPSW: possibly delisted; no timezone found
2026-07-29 20:11:16,886 ERROR yfinance: $TZUP: possibly delisted; no timezone found
2026-07-29 20:11:19,738 ERROR yfinance: $UBX: possibly delisted; no timezone found
2026-07-29 20:11:22,359 ERROR yfinance: $UDMY: possibly delisted; no timezone found
2026-07-29 20:11:23,713 ERROR yfinance: $UFAB: possibly delisted; no timezone found
2026-07-29 20:11:25,842 ERROR yfinance: $UHG: possibly delisted; no timezone found
2026-07-29 20:11:26,447 ERROR yfinance: $UIHC: possibly delisted; no timezone found
2026-07-29 20:11:27,721 ERROR yfinance: UKOMW: Period 'max' is invalid, must be one of: 1d, 5d
2026-07-29 20:11:29,207 ERROR yfinance: $ULY: possibly delisted; no timezone found
2026-07-29 20:11:30,567 ERROR yfinance: $UNAM: possibly delisted; no timezone found
2026-07-29 20:11:32,671 ERROR yfinance: $UOKA: possibly delisted; no timezone found
2026-07-29 20:11:33,983 ERROR yfinance: $UP.WS: possibly delisted; no timezone found
2026-07-29 20:11:34,816 ERROR yfinance: $UPH: possibly delisted; no timezone found
2026-07-29 20:11:35,123 ERROR yfinance: $UPH.WS: possibly delisted; no timezone found
2026-07-29 20:11:36,894 ERROR yfinance: $UPTD: possibly delisted; no timezone found
2026-07-29 20:11:37,240 ERROR yfinance: $UPTDU: possibly delisted; no timezone found
2026-07-29 20:11:37,556 ERROR yfinance: $UPTDW: possibly delisted; no timezone found
2026-07-29 20:11:39,499 ERROR yfinance: $UROV: possibly delisted; no timezone found
2026-07-29 20:11:39,811 ERROR yfinance: $USAK: possibly delisted; no timezone found
2026-07-29 20:11:40,495 ERROR yfinance: $USARW: possibly delisted; no timezone found
2026-07-29 20:11:41,808 ERROR yfinance: $USCTW: possibly delisted; no timezone found
2026-07-29 20:11:43,750 ERROR yfinance: $USER: possibly delisted; no timezone found
2026-07-29 20:11:46,084 ERROR yfinance: $USM: possibly delisted; no timezone found
2026-07-29 20:11:47,846 ERROR yfinance: $USWS: possibly delisted; no timezone found
2026-07-29 20:11:48,178 ERROR yfinance: $USWSW: possibly delisted; no timezone found
2026-07-29 20:11:48,775 ERROR yfinance: $UTAAW: possibly delisted; no timezone found
2026-07-29 20:11:49,114 ERROR yfinance: $UTFRW: possibly delisted; no timezone found
2026-07-29 20:11:49,406 ERROR yfinance: $UTME: possibly delisted; no timezone found
2026-07-29 20:11:51,084 ERROR yfinance: $UUUU.WS: possibly delisted; no timezone found
2026-07-29 20:11:53,635 ERROR yfinance: $UWMC.WS: possibly delisted; no timezone found
2026-07-29 20:11:55,281 ERROR yfinance: $VACC: possibly delisted; no timezone found
2026-07-29 20:11:55,902 ERROR yfinance: $VACQ: possibly delisted; no timezone found
2026-07-29 20:11:56,233 ERROR yfinance: $VACQU: possibly delisted; no timezone found
2026-07-29 20:11:56,607 ERROR yfinance: $VACQW: possibly delisted; no timezone found
2026-07-29 20:11:56,918 ERROR yfinance: $VAL.WS: possibly delisted; no timezone found
2026-07-29 20:11:58,915 ERROR yfinance: $VAPE: possibly delisted; no timezone found
2026-07-29 20:11:59,228 ERROR yfinance: $VAPEW: possibly delisted; no timezone found
2026-07-29 20:11:59,600 ERROR yfinance: $VAPO: possibly delisted; no timezone found
2026-07-29 20:12:00,350 ERROR yfinance: $VATER: possibly delisted; no timezone found
2026-07-29 20:12:00,993 ERROR yfinance: $VBFC: possibly delisted; no timezone found
2026-07-29 20:12:01,353 ERROR yfinance: $VBIV: possibly delisted; no timezone found
2026-07-29 20:12:01,719 ERROR yfinance: $VBLT: possibly delisted; no timezone found
2026-07-29 20:12:02,074 ERROR yfinance: $VBOCW: possibly delisted; no timezone found
2026-07-29 20:12:02,488 ERROR yfinance: $VCICW: possibly delisted; no timezone found
2026-07-29 20:12:03,121 ERROR yfinance: $VCKAW: possibly delisted; no timezone found
2026-07-29 20:12:03,747 ERROR yfinance: $VCSA: possibly delisted; no timezone found
2026-07-29 20:12:04,092 ERROR yfinance: $VCVC: possibly delisted; no timezone found
2026-07-29 20:12:04,444 ERROR yfinance: $VCVCU: possibly delisted; no timezone found
2026-07-29 20:12:04,786 ERROR yfinance: $VCVCW: possibly delisted; no timezone found
2026-07-29 20:12:05,136 ERROR yfinance: $VCXAW: possibly delisted; no timezone found
2026-07-29 20:12:05,474 ERROR yfinance: $VCXB.WS: possibly delisted; no timezone found
2026-07-29 20:12:05,841 ERROR yfinance: $VECT: possibly delisted; no timezone found
2026-07-29 20:12:06,211 ERROR yfinance: $VEDU: possibly delisted; no timezone found
2026-07-29 20:12:07,859 ERROR yfinance: $VELOW: possibly delisted; no timezone found
2026-07-29 20:12:08,234 ERROR yfinance: $VENAR: possibly delisted; no timezone found
2026-07-29 20:12:08,668 ERROR yfinance: $VENAW: possibly delisted; no timezone found
2026-07-29 20:12:09,918 ERROR yfinance: $VER: possibly delisted; no timezone found
2026-07-29 20:12:10,528 ERROR yfinance: $VERB: possibly delisted; no timezone found
2026-07-29 20:12:10,760 ERROR yfinance: VERBW: Period 'max' is invalid, must be one of: 1d, 5d
2026-07-29 20:12:11,476 ERROR yfinance: $VERO: possibly delisted; no timezone found
2026-07-29 20:12:12,247 ERROR yfinance: $VERV: possibly delisted; no timezone found
2026-07-29 20:12:12,573 ERROR yfinance: $VERY: possibly delisted; no timezone found
2026-07-29 20:12:12,887 ERROR yfinance: $VEV: possibly delisted; no timezone found
2026-07-29 20:12:16,033 ERROR yfinance: $VGAC.WS: possibly delisted; no timezone found
2026-07-29 20:12:16,943 ERROR yfinance: $VGFC: possibly delisted; no timezone found
2026-07-29 20:12:17,279 ERROR yfinance: $VGII: possibly delisted; no timezone found
2026-07-29 20:12:17,638 ERROR yfinance: $VGII.U: possibly delisted; no timezone found
2026-07-29 20:12:17,968 ERROR yfinance: $VGII.WS: possibly delisted; no timezone found
2026-07-29 20:12:18,327 ERROR yfinance: $VGR: possibly delisted; no timezone found
2026-07-29 20:12:18,883 ERROR yfinance: $VHAI.WS.A: possibly delisted; no timezone found
2026-07-29 20:12:19,218 ERROR yfinance: $VHAI.WS.B: possibly delisted; no timezone found
2026-07-29 20:12:19,625 ERROR yfinance: $VHAQ.WS: possibly delisted; no timezone found
2026-07-29 20:12:19,982 ERROR yfinance: $VHAQR: possibly delisted; no timezone found
2026-07-29 20:12:20,794 ERROR yfinance: $VHNAW: possibly delisted; no timezone found
2026-07-29 20:12:21,416 ERROR yfinance: $VIAC: possibly delisted; no timezone found
2026-07-29 20:12:21,788 ERROR yfinance: $VIACA: possibly delisted; no timezone found
2026-07-29 20:12:22,105 ERROR yfinance: $VIAO: possibly delisted; no timezone found
2026-07-29 20:12:22,986 ERROR yfinance: $VIE: possibly delisted; no timezone found
2026-07-29 20:12:23,360 ERROR yfinance: $VIEW: possibly delisted; no timezone found
2026-07-29 20:12:23,638 ERROR yfinance: $VIEWW: possibly delisted; no timezone found
2026-07-29 20:12:23,931 ERROR yfinance: $VIGL: possibly delisted; no timezone found
2026-07-29 20:12:24,258 ERROR yfinance: $VIH: possibly delisted; no timezone found
2026-07-29 20:12:24,559 ERROR yfinance: $VIHAU: possibly delisted; no timezone found
2026-07-29 20:12:24,965 ERROR yfinance: $VIHAW: possibly delisted; no timezone found
2026-07-29 20:12:25,327 ERROR yfinance: $VIIAW: possibly delisted; no timezone found
2026-07-29 20:12:26,064 ERROR yfinance: $VINE: possibly delisted; no timezone found
2026-07-29 20:12:28,770 ERROR yfinance: $VIRI: possibly delisted; no timezone found
2026-07-29 20:12:29,105 ERROR yfinance: $VIRX: possibly delisted; no timezone found
2026-07-29 20:12:30,822 ERROR yfinance: $VJET: possibly delisted; no timezone found
2026-07-29 20:12:31,470 ERROR yfinance: $VLATW: possibly delisted; no timezone found
2026-07-29 20:12:31,781 ERROR yfinance: $VLCN: possibly delisted; no timezone found
2026-07-29 20:12:32,067 ERROR yfinance: $VLD: possibly delisted; no timezone found
2026-07-29 20:12:32,458 ERROR yfinance: $VLD.WS: possibly delisted; no timezone found
2026-07-29 20:12:32,830 ERROR yfinance: $VLDR: possibly delisted; no timezone found
2026-07-29 20:12:33,178 ERROR yfinance: $VLDRW: possibly delisted; no timezone found
2026-07-29 20:12:33,915 ERROR yfinance: $VLN.WS: possibly delisted; no timezone found
2026-07-29 20:12:34,247 ERROR yfinance: $VLON: possibly delisted; no timezone found
2026-07-29 20:12:34,500 ERROR yfinance: $VLTA: possibly delisted; no timezone found
2026-07-29 20:12:34,770 ERROR yfinance: $VLTA.WS: possibly delisted; no timezone found
2026-07-29 20:12:35,149 ERROR yfinance: $VMACW: possibly delisted; no timezone found
2026-07-29 20:12:35,743 ERROR yfinance: $VMCAW: possibly delisted; no timezone found
2026-07-29 20:12:36,061 ERROR yfinance: $VMEO: possibly delisted; no timezone found
2026-07-29 20:12:36,408 ERROR yfinance: $VMGAW: possibly delisted; no timezone found
2026-07-29 20:12:37,580 ERROR yfinance: $VNE: possibly delisted; no timezone found
2026-07-29 20:12:40,283 ERROR yfinance: $VORB: possibly delisted; no timezone found
2026-07-29 20:12:40,712 ERROR yfinance: $VORBW: possibly delisted; no timezone found
2026-07-29 20:12:41,065 ERROR yfinance: $VOSO: possibly delisted; no timezone found
2026-07-29 20:12:41,427 ERROR yfinance: $VOSOU: possibly delisted; no timezone found
2026-07-29 20:12:41,811 ERROR yfinance: $VOSOW: possibly delisted; no timezone found
2026-07-29 20:12:42,190 ERROR yfinance: $VOXX: possibly delisted; no timezone found
2026-07-29 20:12:42,512 ERROR yfinance: $VPCBW: possibly delisted; no timezone found
2026-07-29 20:12:42,799 ERROR yfinance: $VPCC.WS: possibly delisted; no timezone found
2026-07-29 20:12:43,163 ERROR yfinance: $VQS: possibly delisted; no timezone found
2026-07-29 20:12:43,868 ERROR yfinance: $VRAR: possibly delisted; no timezone found
2026-07-29 20:12:44,446 ERROR yfinance: $VRAY: possibly delisted; no timezone found
2026-07-29 20:12:45,982 ERROR yfinance: VRMEW: Period 'max' is invalid, must be one of: 1d, 5d
2026-07-29 20:12:46,337 ERROR yfinance: $VRNA: possibly delisted; no timezone found
2026-07-29 20:12:47,573 ERROR yfinance: $VRS: possibly delisted; no timezone found
2026-07-29 20:12:48,209 ERROR yfinance: $VRTV: possibly delisted; no timezone found
2026-07-29 20:12:49,522 ERROR yfinance: $VSACW: possibly delisted; no timezone found
2026-07-29 20:12:51,567 ERROR yfinance: $VSPRW: possibly delisted; no timezone found
2026-07-29 20:12:52,719 ERROR yfinance: $VST.WS.A: possibly delisted; no timezone found
2026-07-29 20:12:53,037 ERROR yfinance: $VSTA: possibly delisted; no timezone found
2026-07-29 20:12:53,699 ERROR yfinance: $VSTE: possibly delisted; no timezone found
2026-07-29 20:12:54,030 ERROR yfinance: $VSTEW: possibly delisted; no timezone found
2026-07-29 20:12:55,269 ERROR yfinance: $VTAQ: possibly delisted; no timezone found
2026-07-29 20:12:55,675 ERROR yfinance: $VTAQR: possibly delisted; no timezone found
2026-07-29 20:12:56,023 ERROR yfinance: $VTAQW: possibly delisted; no timezone found
2026-07-29 20:12:57,009 ERROR yfinance: $VTIQW: possibly delisted; no timezone found
2026-07-29 20:12:57,354 ERROR yfinance: $VTNR: possibly delisted; no timezone found
2026-07-29 20:12:59,007 ERROR yfinance: $VTYX: possibly delisted; no timezone found
2026-07-29 20:12:59,790 ERROR yfinance: $VVI: possibly delisted; no timezone found
2026-07-29 20:13:00,447 ERROR yfinance: $VVPR: possibly delisted; no timezone found
2026-07-29 20:13:01,642 ERROR yfinance: $VWE: possibly delisted; no timezone found
2026-07-29 20:13:01,990 ERROR yfinance: $VWEWW: possibly delisted; no timezone found
2026-07-29 20:13:03,845 ERROR yfinance: $VYGG.WS: possibly delisted; no timezone found
2026-07-29 20:13:05,168 ERROR yfinance: $VYNT: possibly delisted; no price data found  (1d 1927-08-23 -> 2026-07-29)
2026-07-29 20:13:07,683 ERROR yfinance: $WALPA: possibly delisted; no timezone found
2026-07-29 20:13:08,011 ERROR yfinance: $WARR.WS: possibly delisted; no timezone found
2026-07-29 20:13:08,747 ERROR yfinance: $WAVC.WS: possibly delisted; no timezone found
2026-07-29 20:13:09,063 ERROR yfinance: $WAVD: possibly delisted; no timezone found
2026-07-29 20:13:09,770 ERROR yfinance: $WAVSW: possibly delisted; no timezone found
2026-07-29 20:13:10,183 ERROR yfinance: $WBAI: possibly delisted; no timezone found
2026-07-29 20:13:10,576 ERROR yfinance: $WBEV: possibly delisted; no timezone found
2026-07-29 20:13:10,953 ERROR yfinance: $WBT: possibly delisted; no timezone found
2026-07-29 20:13:12,186 ERROR yfinance: $WBX.WS: possibly delisted; no timezone found
2026-07-29 20:13:14,681 ERROR yfinance: $WDR: possibly delisted; no timezone found
2026-07-29 20:13:15,067 ERROR yfinance: $WE: possibly delisted; no timezone found
2026-07-29 20:13:15,446 ERROR yfinance: $WE.WS: possibly delisted; no timezone found
2026-07-29 20:13:16,778 ERROR yfinance: $WEI: possibly delisted; no timezone found
2026-07-29 20:13:17,133 ERROR yfinance: $WEJO: possibly delisted; no timezone found
2026-07-29 20:13:17,479 ERROR yfinance: $WEJOW: possibly delisted; no timezone found
2026-07-29 20:13:17,806 ERROR yfinance: $WEL.WS: possibly delisted; no timezone found
2026-07-29 20:13:18,203 ERROR yfinance: $WENA: possibly delisted; no timezone found
2026-07-29 20:13:18,491 ERROR yfinance: $WENAW: possibly delisted; no timezone found
2026-07-29 20:13:18,810 ERROR yfinance: $WESTW: possibly delisted; no timezone found
2026-07-29 20:13:19,127 ERROR yfinance: $WETG: possibly delisted; no timezone found
2026-07-29 20:13:23,534 ERROR yfinance: WINVR: Period 'max' is invalid, must be one of: 1d, 5d
2026-07-29 20:13:23,779 ERROR yfinance: WINVW: Period 'max' is invalid, must be one of: 1d, 5d
2026-07-29 20:13:24,103 ERROR yfinance: $WISA: possibly delisted; no timezone found
2026-07-29 20:13:24,462 ERROR yfinance: $WISH: possibly delisted; no timezone found
2026-07-29 20:13:26,072 ERROR yfinance: $WKME: possibly delisted; no timezone found
2026-07-29 20:13:26,842 ERROR yfinance: WKSPW: Period 'max' is invalid, must be one of: 1d, 5d
2026-07-29 20:13:27,116 ERROR yfinance: $WLACW: possibly delisted; no timezone found
2026-07-29 20:13:27,965 ERROR yfinance: $WLGS: possibly delisted; no timezone found
2026-07-29 20:13:28,325 ERROR yfinance: $WLMS: possibly delisted; no timezone found
2026-07-29 20:13:28,706 ERROR yfinance: $WMC: possibly delisted; no timezone found
2026-07-29 20:13:31,299 ERROR yfinance: $WNNR: possibly delisted; no timezone found
2026-07-29 20:13:31,583 ERROR yfinance: $WNNR.U: possibly delisted; no timezone found
2026-07-29 20:13:31,949 ERROR yfinance: $WNNR.WS: possibly delisted; no timezone found
2026-07-29 20:13:34,396 ERROR yfinance: $WORK: possibly delisted; no timezone found
2026-07-29 20:13:35,087 ERROR yfinance: $WOW: possibly delisted; no timezone found
2026-07-29 20:13:35,403 ERROR yfinance: $WPCA.WS: possibly delisted; no timezone found
2026-07-29 20:13:35,798 ERROR yfinance: $WPCB.WS: possibly delisted; no timezone found
2026-07-29 20:13:36,114 ERROR yfinance: $WPF.WS: possibly delisted; no timezone found
2026-07-29 20:13:36,422 ERROR yfinance: $WPG: possibly delisted; no timezone found
2026-07-29 20:13:36,762 ERROR yfinance: $WPGPH: possibly delisted; no timezone found
2026-07-29 20:13:37,220 ERROR yfinance: $WPGPI: possibly delisted; no timezone found
2026-07-29 20:13:37,993 ERROR yfinance: $WQGA.WS: possibly delisted; no timezone found
2026-07-29 20:13:38,327 ERROR yfinance: $WRAC.U: possibly delisted; no timezone found
2026-07-29 20:13:38,665 ERROR yfinance: $WRAC.WS: possibly delisted; no timezone found
2026-07-29 20:13:40,931 ERROR yfinance: $WRNT: possibly delisted; no timezone found
2026-07-29 20:13:44,180 ERROR yfinance: $WTMAR: possibly delisted; no timezone found
2026-07-29 20:13:45,426 ERROR yfinance: $WTRH: possibly delisted; no timezone found
2026-07-29 20:13:46,889 ERROR yfinance: $WWAC: possibly delisted; no timezone found
2026-07-29 20:13:47,285 ERROR yfinance: $WWACU: possibly delisted; no timezone found
2026-07-29 20:13:47,603 ERROR yfinance: $WWACW: possibly delisted; no timezone found
2026-07-29 20:13:50,193 ERROR yfinance: $X: possibly delisted; no timezone found
2026-07-29 20:13:50,709 ERROR yfinance: XAGEW: Period 'max' is invalid, must be one of: 1d, 5d
2026-07-29 20:13:55,208 ERROR yfinance: $XFINW: possibly delisted; no timezone found
2026-07-29 20:13:57,239 ERROR yfinance: $XIN: possibly delisted; no timezone found
2026-07-29 20:13:57,555 ERROR yfinance: $XL: possibly delisted; no timezone found
2026-07-29 20:13:57,868 ERROR yfinance: $XL.WS: possibly delisted; no timezone found
2026-07-29 20:14:00,547 ERROR yfinance: $XPAXW: possibly delisted; no timezone found
2026-07-29 20:14:00,876 ERROR yfinance: $XPDB: possibly delisted; no timezone found
2026-07-29 20:14:01,217 ERROR yfinance: $XPDBU: possibly delisted; no timezone found
2026-07-29 20:14:01,505 ERROR yfinance: $XPDBW: possibly delisted; no timezone found
2026-07-29 20:14:01,827 ERROR yfinance: $XPDIW: possibly delisted; no timezone found
2026-07-29 20:14:03,690 ERROR yfinance: $XPOA.WS: possibly delisted; no timezone found
2026-07-29 20:14:04,572 ERROR yfinance: $XPOW: possibly delisted; no timezone found
2026-07-29 20:14:05,458 ERROR yfinance: $XPVVV: possibly delisted; no timezone found
2026-07-29 20:14:07,199 ERROR yfinance: $XTKG: possibly delisted; no timezone found
2026-07-29 20:14:09,478 ERROR yfinance: $XYLO: possibly delisted; no timezone found
2026-07-29 20:14:10,298 ERROR yfinance: $YAC.WS: possibly delisted; no timezone found
2026-07-29 20:14:12,896 ERROR yfinance: $YELL: possibly delisted; no timezone found
2026-07-29 20:14:13,564 ERROR yfinance: $YGMZ: possibly delisted; no timezone found
2026-07-29 20:14:14,173 ERROR yfinance: $YGYI: possibly delisted; no timezone found
2026-07-29 20:14:15,261 ERROR yfinance: YHNAR: Period 'max' is invalid, must be one of: 1d, 5d
2026-07-29 20:14:17,821 ERROR yfinance: $YMAB: possibly delisted; no timezone found
2026-07-29 20:14:18,636 ERROR yfinance: $YMTX: possibly delisted; no timezone found
2026-07-29 20:14:18,963 ERROR yfinance: $YNDX: possibly delisted; no timezone found
2026-07-29 20:14:19,321 ERROR yfinance: $YOSH: possibly delisted; no timezone found
2026-07-29 20:14:19,603 ERROR yfinance: YOTAR: Period 'max' is invalid, must be one of: 1d, 5d
2026-07-29 20:14:19,871 ERROR yfinance: YOTAW: Period 'max' is invalid, must be one of: 1d, 5d
2026-07-29 20:14:22,339 ERROR yfinance: $YS: possibly delisted; no timezone found
2026-07-29 20:14:22,669 ERROR yfinance: $YSACW: possibly delisted; no timezone found
2026-07-29 20:14:23,107 ERROR yfinance: $YSBPW: possibly delisted; no timezone found
2026-07-29 20:14:23,439 INFO corporate_actions: [6800/6873] 2.7 sym/s — 1676 splits, 22314 dividends so far
2026-07-29 20:14:24,049 ERROR yfinance: $YTEN: possibly delisted; no timezone found
2026-07-29 20:14:24,389 ERROR yfinance: $YVR: possibly delisted; no timezone found
2026-07-29 20:14:25,155 ERROR yfinance: $YY: possibly delisted; no timezone found
2026-07-29 20:14:26,086 ERROR yfinance: $ZAPP: possibly delisted; no timezone found
2026-07-29 20:14:26,383 ERROR yfinance: $ZAPPW: possibly delisted; no timezone found
2026-07-29 20:14:26,762 ERROR yfinance: $ZBAI: possibly delisted; no timezone found
2026-07-29 20:14:27,471 ERROR yfinance: ZCARW: Period 'max' is invalid, must be one of: 1d, 5d
2026-07-29 20:14:28,850 ERROR yfinance: $ZDVSV: possibly delisted; no timezone found
2026-07-29 20:14:29,496 ERROR yfinance: $ZENV: possibly delisted; no timezone found
2026-07-29 20:14:30,814 ERROR yfinance: $ZEST: possibly delisted; no timezone found
2026-07-29 20:14:31,711 ERROR yfinance: $ZEUS: possibly delisted; no timezone found
2026-07-29 20:14:33,181 ERROR yfinance: $ZEV: possibly delisted; no timezone found
2026-07-29 20:14:33,572 ERROR yfinance: $ZEV.WS: possibly delisted; no timezone found
2026-07-29 20:14:33,872 ERROR yfinance: $ZFOX: possibly delisted; no timezone found
2026-07-29 20:14:34,222 ERROR yfinance: $ZFOXW: possibly delisted; no timezone found
2026-07-29 20:14:34,913 ERROR yfinance: $ZGNX: possibly delisted; no timezone found
2026-07-29 20:14:35,213 ERROR yfinance: $ZGYHR: possibly delisted; no timezone found
2026-07-29 20:14:35,526 ERROR yfinance: $ZGYHW: possibly delisted; no timezone found
2026-07-29 20:14:36,090 ERROR yfinance: $ZI: possibly delisted; no timezone found
2026-07-29 20:14:36,426 ERROR yfinance: $ZIMV: possibly delisted; no timezone found
2026-07-29 20:14:36,785 ERROR yfinance: $ZIMVV: possibly delisted; no timezone found
2026-07-29 20:14:37,065 ERROR yfinance: $ZINGW: possibly delisted; no timezone found
2026-07-29 20:14:38,631 ERROR yfinance: ZIVOW: Period 'max' is invalid, must be one of: 1d, 5d
2026-07-29 20:14:40,757 ERROR yfinance: $ZLSWW: possibly delisted; no timezone found
2026-07-29 20:14:41,227 ERROR yfinance: $ZME: possibly delisted; no timezone found
2026-07-29 20:14:41,584 ERROR yfinance: $ZNGA: possibly delisted; no timezone found
2026-07-29 20:14:41,921 ERROR yfinance: $ZNTEW: possibly delisted; no timezone found
2026-07-29 20:14:42,723 ERROR yfinance: $ZOM: possibly delisted; no timezone found
2026-07-29 20:14:44,244 ERROR yfinance: ZPTAW: Period 'max' is invalid, must be one of: 1d, 5d
2026-07-29 20:14:44,625 ERROR yfinance: $ZSAN: possibly delisted; no timezone found
2026-07-29 20:14:45,783 ERROR yfinance: $ZTAQW: possibly delisted; no timezone found
2026-07-29 20:14:46,653 ERROR yfinance: ZURAW: Period 'max' is invalid, must be one of: 1d, 5d
2026-07-29 20:14:47,272 ERROR yfinance: $ZVO: possibly delisted; no timezone found
2026-07-29 20:14:48,027 ERROR yfinance: $ZWRKW: possibly delisted; no timezone found
2026-07-29 20:14:48,344 ERROR yfinance: $ZY: possibly delisted; no timezone found
2026-07-29 20:14:49,320 ERROR yfinance: $ZYNE: possibly delisted; no timezone found
2026-07-29 20:14:49,658 ERROR yfinance: $ZYXI: possibly delisted; no timezone found
2026-07-29 20:14:49,677 INFO corporate_actions: fetched — 2054 securities had actions, 1696 splits, 22473 dividends, 2 insert errors, 2524s
2026-07-29 20:14:49,677 WARNING corporate_actions: 2 symbol(s) failed to insert — see warnings above
